version 2
JvmtiExport can_access_local_variables 0
JvmtiExport can_hotswap_or_post_breakpoint 0
JvmtiExport can_post_on_exceptions 0
# 242 ciObject found
instanceKlass sun/security/ec/ECOperations
ciInstanceKlass java/lang/Cloneable 1 0 7 100 1 100 1 1 1
instanceKlass javax/persistence/Basic
instanceKlass jdk/internal/ValueBased
instanceKlass javax/persistence/Embedded
instanceKlass org/hibernate/annotations/ManyToAny
instanceKlass javax/persistence/Version
instanceKlass org/hibernate/annotations/LazyGroup
instanceKlass org/hibernate/cfg/annotations/PropertyBinder
instanceKlass org/hibernate/cfg/Ejb3Column$1
instanceKlass org/hibernate/boot/model/source/spi/AbstractAttributeKey
instanceKlass org/hibernate/annotations/ColumnTransformers
instanceKlass org/hibernate/annotations/ColumnTransformer
instanceKlass org/hibernate/annotations/ColumnDefault
instanceKlass org/hibernate/annotations/Target
instanceKlass javax/persistence/ManyToMany
instanceKlass org/hibernate/annotations/Any
instanceKlass javax/persistence/ElementCollection
instanceKlass org/hibernate/annotations/Columns
instanceKlass org/hibernate/annotations/Formula
instanceKlass org/hibernate/annotations/JoinFormula
instanceKlass org/hibernate/annotations/JoinColumnsOrFormulas
instanceKlass org/hibernate/annotations/JoinColumnOrFormula
instanceKlass javax/persistence/JoinColumns
instanceKlass org/hibernate/cfg/ColumnsBuilder
instanceKlass org/hibernate/annotations/Parent
instanceKlass javax/persistence/IdClass
instanceKlass org/hibernate/cfg/InheritanceState$ElementsToProcess
instanceKlass javax/persistence/OneToOne
instanceKlass javax/persistence/MapsId
instanceKlass org/hibernate/cfg/PropertyInferredData
instanceKlass javax/persistence/OneToMany
instanceKlass javax/persistence/ForeignKey
instanceKlass javax/persistence/JoinColumn
instanceKlass javax/persistence/ManyToOne
instanceKlass javax/persistence/Column
instanceKlass javax/persistence/Transient
instanceKlass org/hibernate/annotations/AccessType
instanceKlass org/hibernate/cfg/PropertyContainer
instanceKlass javax/persistence/GeneratedValue
instanceKlass javax/persistence/Id
instanceKlass javax/persistence/EmbeddedId
instanceKlass org/hibernate/annotations/common/reflection/java/generics/ApproximatingTypeEnvironment
instanceKlass org/hibernate/annotations/common/reflection/java/generics/TypeUtils
instanceKlass org/hibernate/annotations/common/reflection/ReflectionUtil
instanceKlass org/hibernate/annotations/common/reflection/XClass$1
instanceKlass javax/persistence/Access
instanceKlass org/hibernate/annotations/GenericGenerator
instanceKlass org/hibernate/annotations/OnDelete
instanceKlass javax/persistence/SecondaryTables
instanceKlass javax/persistence/SecondaryTable
instanceKlass javax/persistence/Converts
instanceKlass javax/persistence/Convert
instanceKlass javax/persistence/AssociationOverrides
instanceKlass javax/persistence/AssociationOverride
instanceKlass javax/persistence/AttributeOverrides
instanceKlass javax/persistence/AttributeOverride
instanceKlass org/hibernate/cfg/AbstractPropertyHolder
instanceKlass org/hibernate/cfg/PropertyHolder
instanceKlass org/hibernate/cfg/PropertyHolderBuilder
instanceKlass org/hibernate/boot/internal/InFlightMetadataCollectorImpl$EntityTableXrefImpl
instanceKlass org/hibernate/annotations/RowId
instanceKlass org/hibernate/cfg/annotations/EntityBinder$EntityTableNamingStrategyHelper
instanceKlass org/hibernate/annotations/Check
instanceKlass javax/persistence/NamedEntityGraphs
instanceKlass javax/persistence/NamedEntityGraph
instanceKlass org/hibernate/annotations/Tuplizer
instanceKlass org/hibernate/annotations/Tuplizers
instanceKlass org/hibernate/annotations/Subselect
instanceKlass org/hibernate/annotations/Synchronize
instanceKlass org/hibernate/annotations/Loader
instanceKlass org/hibernate/annotations/SQLDeleteAll
instanceKlass org/hibernate/annotations/SQLDelete
instanceKlass org/hibernate/annotations/SQLUpdate
instanceKlass org/hibernate/annotations/SQLInsert
instanceKlass org/hibernate/annotations/Persister
instanceKlass org/hibernate/annotations/Filter
instanceKlass org/hibernate/annotations/Filters
instanceKlass org/hibernate/annotations/NaturalIdCache
instanceKlass org/hibernate/cfg/annotations/EntityBinder$1
instanceKlass org/hibernate/cfg/annotations/EntityBinder$LocalCacheAnnotationStub
instanceKlass javax/persistence/Cacheable
instanceKlass org/hibernate/annotations/Where
instanceKlass org/hibernate/annotations/BatchSize
instanceKlass org/hibernate/annotations/Proxy
instanceKlass org/hibernate/annotations/DiscriminatorOptions
instanceKlass javax/persistence/DiscriminatorValue
instanceKlass org/hibernate/mapping/Column
instanceKlass org/hibernate/mapping/Selectable
instanceKlass org/hibernate/boot/model/naming/ImplicitBasicColumnNameSource
instanceKlass org/hibernate/annotations/DiscriminatorFormula
instanceKlass javax/persistence/DiscriminatorColumn
instanceKlass javax/persistence/PrimaryKeyJoinColumn
instanceKlass javax/persistence/PrimaryKeyJoinColumns
instanceKlass org/hibernate/boot/model/naming/ImplicitJoinTableNameSource
instanceKlass org/hibernate/boot/model/naming/ImplicitCollectionTableNameSource
instanceKlass org/hibernate/cfg/ObjectNameSource
instanceKlass org/hibernate/cfg/annotations/TableBinder
instanceKlass org/hibernate/annotations/AnyMetaDefs
instanceKlass org/hibernate/annotations/AnyMetaDef
instanceKlass org/hibernate/annotations/TypeDefs
instanceKlass org/hibernate/annotations/TypeDef
instanceKlass org/hibernate/annotations/FilterDefs
instanceKlass org/hibernate/annotations/FilterDef
instanceKlass org/hibernate/annotations/NamedNativeQueries
instanceKlass org/hibernate/annotations/NamedNativeQuery
instanceKlass org/hibernate/annotations/NamedQueries
instanceKlass org/hibernate/annotations/NamedQuery
instanceKlass javax/persistence/NamedNativeQueries
instanceKlass javax/persistence/NamedQueries
instanceKlass javax/persistence/SqlResultSetMappings
instanceKlass org/hibernate/cfg/SecondaryTableSecondPass
instanceKlass org/hibernate/cfg/CreateKeySecondPass
instanceKlass org/hibernate/cfg/CopyIdentifierComponentSecondPass
instanceKlass org/hibernate/cfg/SetSimpleValueTypeSecondPass
instanceKlass org/hibernate/cfg/PkDrivenByDefaultMapsIdSecondPass
instanceKlass org/hibernate/cfg/IdGeneratorResolverSecondPass
instanceKlass org/hibernate/engine/query/spi/sql/NativeSQLQueryReturn
instanceKlass org/hibernate/cfg/annotations/ResultsetMappingSecondPass
instanceKlass org/hibernate/cfg/QuerySecondPass
instanceKlass org/hibernate/cfg/annotations/QueryBinder
instanceKlass org/hibernate/annotations/Polymorphism
instanceKlass org/hibernate/annotations/OptimisticLocking
instanceKlass org/hibernate/annotations/SelectBeforeUpdate
instanceKlass org/hibernate/annotations/DynamicUpdate
instanceKlass org/hibernate/annotations/DynamicInsert
instanceKlass org/hibernate/cfg/BinderHelper
instanceKlass org/hibernate/cfg/annotations/EntityBinder$SecondaryTableNamingStrategyHelper
instanceKlass org/hibernate/boot/model/naming/NamingStrategyHelper
instanceKlass org/hibernate/annotations/Cache
instanceKlass org/hibernate/cfg/annotations/EntityBinder
instanceKlass org/hibernate/annotations/Entity
instanceKlass org/hibernate/sql/Alias
instanceKlass javax/persistence/Inheritance
instanceKlass org/hibernate/cfg/InheritanceState
instanceKlass org/hibernate/annotations/common/reflection/java/generics/CompoundTypeEnvironment
instanceKlass org/hibernate/annotations/common/reflection/java/generics/TypeEnvironmentFactory
instanceKlass javax/persistence/NamedStoredProcedureQueries
instanceKlass javax/persistence/NamedStoredProcedureQuery
instanceKlass javax/persistence/SqlResultSetMapping
instanceKlass javax/persistence/NamedNativeQuery
instanceKlass javax/persistence/NamedQuery
instanceKlass javax/persistence/SequenceGenerators
instanceKlass javax/persistence/TableGenerators
instanceKlass javax/persistence/TableGenerator
instanceKlass javax/persistence/SequenceGenerator
instanceKlass org/hibernate/cfg/FkSecondPass
instanceKlass org/hibernate/cfg/PropertyData
instanceKlass org/hibernate/boot/model/IdGeneratorStrategyInterpreter$GeneratorNameDeterminationContext
instanceKlass org/hibernate/cfg/Ejb3Column
instanceKlass org/hibernate/cfg/AnnotationBinder
instanceKlass javax/persistence/EntityListeners
instanceKlass org/hibernate/cfg/annotations/reflection/XMLContext$Default
instanceKlass org/hibernate/boot/model/source/internal/annotations/AnnotationMetadataSourceProcessorImpl$1
instanceKlass com/javaweb/repository/entity/UserRoleEntity
instanceKlass com/javaweb/repository/entity/UserEntity
instanceKlass com/javaweb/repository/entity/RoleEntity
instanceKlass com/javaweb/repository/entity/DistrictEntity
instanceKlass org/hibernate/annotations/common/reflection/java/JavaAnnotationReader
instanceKlass org/hibernate/annotations/common/reflection/Filter
instanceKlass  @bci org/hibernate/annotations/common/reflection/java/TypeEnvironmentMap$ContextScope getOrCompute (Ljava/lang/Object;)Ljava/lang/Object; 3 <appendix> member <vmtarget> ; # org/hibernate/annotations/common/reflection/java/TypeEnvironmentMap$ContextScope$$Lambda+0x000001b93353afe8
instanceKlass  @bci org/hibernate/annotations/common/reflection/java/TypeEnvironmentMap getOrCompute (Lorg/hibernate/annotations/common/reflection/java/generics/TypeEnvironment;Ljava/lang/Object;)Ljava/lang/Object; 6 <appendix> member <vmtarget> ; # org/hibernate/annotations/common/reflection/java/TypeEnvironmentMap$$Lambda+0x000001b93353adb0
instanceKlass org/hibernate/annotations/common/reflection/java/generics/TypeSwitch
instanceKlass org/hibernate/annotations/common/reflection/java/generics/IdentityTypeEnvironment
instanceKlass org/hibernate/boot/model/source/internal/annotations/AnnotationMetadataSourceProcessorImpl$AttributeConverterManager
instanceKlass org/hibernate/boot/spi/JpaOrmXmlPersistenceUnitDefaultAware$JpaOrmXmlPersistenceUnitDefaults
instanceKlass org/hibernate/cfg/annotations/reflection/AttributeConverterDefinitionCollector
instanceKlass org/hibernate/boot/model/source/internal/annotations/AnnotationMetadataSourceProcessorImpl
instanceKlass org/hibernate/boot/model/source/internal/hbm/RelationalObjectBinder
instanceKlass org/hibernate/boot/model/source/spi/CompositeIdentifierSource
instanceKlass org/hibernate/boot/model/source/spi/EmbeddableSourceContributor
instanceKlass org/hibernate/boot/model/source/spi/IdentifierSource
instanceKlass org/hibernate/boot/model/naming/ImplicitEntityNameSource
instanceKlass org/hibernate/boot/model/source/internal/hbm/HbmLocalMetadataBuildingContext
instanceKlass org/hibernate/boot/spi/NaturalIdUniqueKeyBinder
instanceKlass org/hibernate/boot/model/source/spi/HibernateTypeSource
instanceKlass org/hibernate/boot/model/source/spi/RelationalValueSourceContainer
instanceKlass org/hibernate/boot/model/source/spi/ColumnBindingDefaults
instanceKlass org/hibernate/boot/model/source/internal/hbm/IndexedPluralAttributeSource
instanceKlass org/hibernate/boot/model/source/spi/PluralAttributeSource
instanceKlass org/hibernate/boot/model/source/spi/CascadeStyleSource
instanceKlass org/hibernate/boot/model/source/spi/FetchableAttributeSource
instanceKlass org/hibernate/boot/model/source/spi/LocalMetadataBuildingContext
instanceKlass org/hibernate/mapping/Property
instanceKlass org/hibernate/boot/model/source/spi/AttributeSource
instanceKlass org/hibernate/mapping/TableOwner
instanceKlass org/hibernate/mapping/PersistentClass
instanceKlass org/hibernate/mapping/MetaAttributable
instanceKlass org/hibernate/mapping/AttributeContainer
instanceKlass org/hibernate/tuple/ValueGeneration
instanceKlass org/hibernate/boot/model/source/spi/AnyMappingSource
instanceKlass org/hibernate/mapping/Collection
instanceKlass org/hibernate/mapping/Filterable
instanceKlass org/hibernate/mapping/Fetchable
instanceKlass org/hibernate/mapping/SimpleValue
instanceKlass org/hibernate/mapping/KeyValue
instanceKlass org/hibernate/mapping/Value
instanceKlass org/hibernate/boot/model/source/internal/hbm/RelationalObjectBinder$ColumnNamingDelegate
instanceKlass org/hibernate/boot/model/source/internal/hbm/ModelBinder
instanceKlass org/hibernate/boot/jaxb/hbm/spi/TableInformationContainer
instanceKlass org/hibernate/boot/jaxb/hbm/spi/SubEntityInfo
instanceKlass org/hibernate/boot/jaxb/hbm/spi/SecondaryTableContainer
instanceKlass org/hibernate/boot/model/source/spi/JoinedSubclassEntitySource
instanceKlass org/hibernate/boot/model/source/spi/ForeignKeyContributingSource
# instanceKlass java/lang/invoke/LambdaForm$DMH+0x000001b93352c400
instanceKlass org/hibernate/boot/jaxb/hbm/spi/JaxbHbmToolingHintContainer
instanceKlass org/hibernate/boot/jaxb/hbm/spi/EntityInfo
instanceKlass org/hibernate/boot/jaxb/hbm/spi/ToolingHintContainer
# instanceKlass java/lang/invoke/LambdaForm$DMH+0x000001b93352c000
instanceKlass org/hibernate/boot/model/source/spi/SubclassEntitySource
instanceKlass org/hibernate/boot/model/source/internal/hbm/AbstractHbmSourceNode
instanceKlass org/hibernate/boot/model/source/internal/hbm/Helper$InLineViewNameInferrer
instanceKlass org/hibernate/boot/model/source/spi/EntitySource
instanceKlass org/hibernate/boot/model/source/spi/EntityNamingSourceContributor
instanceKlass org/hibernate/boot/model/source/spi/IdentifiableTypeSource
instanceKlass org/hibernate/boot/model/source/spi/AttributeSourceContainer
instanceKlass org/hibernate/boot/model/source/spi/ToolingHintContextContainer
instanceKlass org/hibernate/boot/model/source/internal/hbm/EntityHierarchyBuilder
instanceKlass org/hibernate/boot/model/source/internal/hbm/HbmMetadataSourceProcessorImpl
instanceKlass org/hibernate/boot/model/process/spi/MetadataBuildingProcess$1
instanceKlass org/hibernate/boot/model/naming/ObjectNameNormalizer
instanceKlass org/hibernate/boot/internal/MetadataBuildingContextRootImpl
instanceKlass org/hibernate/boot/model/TypeContributor
instanceKlass org/hibernate/boot/model/process/spi/MetadataBuildingProcess$2
instanceKlass  @bci org/hibernate/boot/internal/InFlightMetadataCollectorImpl <init> (Lorg/hibernate/boot/spi/BootstrapContext;Lorg/hibernate/boot/spi/MetadataBuildingOptions;)V 390 <appendix> member <vmtarget> ; # org/hibernate/boot/internal/InFlightMetadataCollectorImpl$$Lambda+0x000001b933526eb8
instanceKlass org/hibernate/boot/model/relational/AuxiliaryDatabaseObject
instanceKlass org/hibernate/boot/model/relational/Namespace$ComparableHelper
instanceKlass org/hibernate/boot/model/relational/Namespace
instanceKlass org/hibernate/boot/model/relational/Namespace$Name
instanceKlass org/hibernate/engine/jdbc/internal/ResultSetWrapperImpl
instanceKlass org/hibernate/engine/jdbc/spi/SqlStatementLogger
instanceKlass org/hibernate/engine/jdbc/spi/ResultSetWrapper
instanceKlass org/hibernate/engine/jdbc/internal/JdbcServicesImpl
instanceKlass org/hibernate/boot/model/relational/Database
instanceKlass  @bci com/zaxxer/hikari/pool/ProxyConnection$ClosedConnection getClosedConnection ()Ljava/sql/Connection; 0 <appendix> argL0 ; # com/zaxxer/hikari/pool/ProxyConnection$ClosedConnection$$Lambda+0x000001b933523048
instanceKlass  @cpi com/zaxxer/hikari/pool/ProxyConnection$ClosedConnection 61 form vmentry <vmtarget> ; # java/lang/invoke/LambdaForm$DMH+0x000001b933524800
instanceKlass com/zaxxer/hikari/pool/ProxyConnection$ClosedConnection
# instanceKlass java/lang/invoke/LambdaForm$MH+0x000001b933524400
# instanceKlass java/lang/invoke/LambdaForm$MH+0x000001b933524000
instanceKlass com/mysql/cj/protocol/WatchableStream
instanceKlass com/mysql/cj/jdbc/Clob
instanceKlass com/mysql/cj/protocol/WriterWatcher
instanceKlass com/mysql/cj/protocol/OutputStreamWatcher
instanceKlass java/sql/ShardingKey
instanceKlass org/hibernate/engine/jdbc/LobCreator
instanceKlass org/hibernate/engine/jdbc/env/internal/LobCreatorBuilderImpl
instanceKlass org/hibernate/engine/jdbc/env/internal/QualifiedObjectNameFormatterStandardImpl$CatalogNameFormat
instanceKlass org/hibernate/engine/jdbc/env/internal/QualifiedObjectNameFormatterStandardImpl$1
instanceKlass org/hibernate/engine/jdbc/env/internal/QualifiedObjectNameFormatterStandardImpl$Format
instanceKlass org/hibernate/engine/jdbc/env/internal/QualifiedObjectNameFormatterStandardImpl
instanceKlass org/hibernate/boot/model/naming/Identifier
instanceKlass org/hibernate/engine/jdbc/env/internal/ExtractedDatabaseMetaDataImpl
instanceKlass org/hibernate/tool/schema/extract/spi/ExtractionContext$EmptyExtractionContext
instanceKlass org/hibernate/tool/schema/extract/internal/SequenceInformationExtractorNoOpImpl
instanceKlass org/hibernate/engine/jdbc/env/internal/DefaultSchemaNameResolver$SchemaNameResolverJava17Delegate
instanceKlass java/sql/Struct
instanceKlass java/sql/Array
instanceKlass org/hibernate/engine/jdbc/env/internal/DefaultSchemaNameResolver
instanceKlass com/mysql/cj/protocol/result/AbstractResultsetRow$1
instanceKlass com/zaxxer/hikari/pool/ProxyResultSet
instanceKlass com/mysql/cj/jdbc/DatabaseMetaData$11
instanceKlass org/hibernate/engine/jdbc/spi/TypeInfo
instanceKlass org/hibernate/engine/jdbc/cursor/internal/StandardRefCursorSupport
instanceKlass org/hibernate/engine/jdbc/env/internal/ExtractedDatabaseMetaDataImpl$Builder
instanceKlass org/hibernate/engine/jdbc/env/internal/NormalizingIdentifierHelperImpl
instanceKlass org/hibernate/engine/jdbc/env/spi/AnsiSqlKeywords
instanceKlass java/util/regex/Pattern$1MatcherIterator
instanceKlass org/hibernate/boot/model/source/internal/hbm/CommaSeparatedStringHelper
instanceKlass com/mysql/cj/result/DefaultValueFactory
instanceKlass com/mysql/cj/CancelQueryTask
instanceKlass java/util/TimerTask
instanceKlass com/mysql/cj/AbstractQuery
instanceKlass org/hibernate/internal/util/collections/ArrayHelper
instanceKlass org/hibernate/engine/jdbc/env/spi/IdentifierHelper
instanceKlass org/hibernate/engine/jdbc/env/spi/IdentifierHelperBuilder
instanceKlass org/hibernate/engine/jdbc/spi/SqlExceptionHelper$WarningHandlerLoggingSupport
instanceKlass org/hibernate/exception/internal/SQLStateConverter$1
instanceKlass org/hibernate/engine/jdbc/spi/SqlExceptionHelper$1
instanceKlass org/hibernate/engine/jdbc/spi/SqlExceptionHelper$WarningHandler
instanceKlass org/hibernate/engine/jdbc/spi/SqlExceptionHelper
instanceKlass org/hibernate/exception/spi/AbstractSQLExceptionConversionDelegate
instanceKlass org/hibernate/dialect/MySQLDialect$3
instanceKlass org/hibernate/exception/internal/StandardSQLExceptionConverter
instanceKlass org/hibernate/engine/jdbc/env/spi/LobCreatorBuilder
instanceKlass org/hibernate/tool/schema/extract/spi/ExtractionContext
instanceKlass org/hibernate/exception/spi/SQLExceptionConverter
instanceKlass org/hibernate/engine/jdbc/env/spi/QualifiedObjectNameFormatter
instanceKlass org/hibernate/engine/jdbc/env/spi/ExtractedDatabaseMetaData
instanceKlass org/hibernate/engine/jdbc/env/internal/JdbcEnvironmentImpl
instanceKlass org/hibernate/dialect/function/NoArgSQLFunction
instanceKlass org/hibernate/dialect/InnoDBStorageEngine
instanceKlass org/hibernate/dialect/MySQLStorageEngine
instanceKlass org/hibernate/dialect/unique/DefaultUniqueDelegate
instanceKlass org/hibernate/dialect/function/CastFunction
instanceKlass org/hibernate/dialect/function/TemplateRenderer
instanceKlass org/hibernate/dialect/function/SQLFunctionTemplate
instanceKlass org/hibernate/type/StandardBasicTypes
instanceKlass org/hibernate/dialect/function/StandardSQLFunction
instanceKlass org/hibernate/dialect/function/StandardAnsiSqlAggregationFunctions
instanceKlass org/hibernate/dialect/Dialect$5
instanceKlass org/hibernate/tool/schema/internal/StandardAuxiliaryDatabaseObjectExporter
instanceKlass org/hibernate/tool/schema/internal/StandardUniqueKeyExporter
instanceKlass org/hibernate/tool/schema/internal/StandardForeignKeyExporter
instanceKlass org/hibernate/tool/schema/internal/StandardIndexExporter
instanceKlass org/hibernate/tool/schema/internal/StandardSequenceExporter
instanceKlass org/hibernate/boot/model/relational/QualifiedName
instanceKlass org/hibernate/tool/schema/internal/StandardTableExporter
instanceKlass org/hibernate/dialect/TypeNames
instanceKlass org/hibernate/exception/spi/TemplatedViolatedConstraintNameExtracter
instanceKlass org/hibernate/dialect/pagination/AbstractLimitHandler
instanceKlass org/hibernate/dialect/Dialect$4
instanceKlass org/hibernate/dialect/Dialect$3
instanceKlass org/hibernate/dialect/Dialect$2
instanceKlass org/hibernate/dialect/Dialect$1
instanceKlass org/hibernate/exception/spi/SQLExceptionConversionDelegate
instanceKlass org/hibernate/hql/spi/id/IdTableSupport
instanceKlass org/hibernate/sql/JoinFragment
instanceKlass org/hibernate/engine/jdbc/env/spi/SchemaNameResolver
instanceKlass org/hibernate/dialect/identity/IdentityColumnSupport
instanceKlass org/hibernate/procedure/spi/CallableStatementSupport
instanceKlass org/hibernate/tool/schema/extract/spi/SequenceInformationExtractor
instanceKlass org/hibernate/dialect/lock/LockingStrategy
instanceKlass org/hibernate/dialect/pagination/LimitHandler
instanceKlass org/hibernate/sql/CaseFragment
instanceKlass org/hibernate/tool/schema/spi/Exporter
instanceKlass org/hibernate/exception/spi/ViolatedConstraintNameExtracter
instanceKlass org/hibernate/dialect/LobMergeStrategy
instanceKlass org/hibernate/dialect/unique/UniqueDelegate
instanceKlass org/hibernate/dialect/function/SQLFunction
instanceKlass org/hibernate/loader/BatchLoadSizingStrategy
instanceKlass org/hibernate/engine/jdbc/env/internal/JdbcEnvironmentInitiator$1
instanceKlass com/zaxxer/hikari/pool/ProxyDatabaseMetaData
instanceKlass com/zaxxer/hikari/pool/ProxyConnection
instanceKlass com/zaxxer/hikari/pool/ProxyFactory
instanceKlass com/zaxxer/hikari/pool/ProxyLeakTask
instanceKlass com/zaxxer/hikari/pool/HikariPool$HouseKeeper
instanceKlass com/zaxxer/hikari/pool/ProxyLeakTaskFactory
instanceKlass java/util/concurrent/ThreadPoolExecutor$CallerRunsPolicy
instanceKlass java/util/concurrent/ThreadPoolExecutor$DiscardOldestPolicy
instanceKlass com/zaxxer/hikari/pool/PoolBase$NopMetricsTrackerDelegate
instanceKlass  @bci com/zaxxer/hikari/pool/HikariPool createPoolEntry ()Lcom/zaxxer/hikari/pool/PoolEntry; 57 <appendix> member <vmtarget> ; # com/zaxxer/hikari/pool/HikariPool$$Lambda+0x000001b9335050b8
instanceKlass com/mysql/cj/jdbc/ConnectionImpl$NetworkTimeoutSetter
instanceKlass com/mysql/cj/protocol/NetworkResources
instanceKlass  @bci com/mysql/cj/jdbc/ConnectionImpl unSafeQueryInterceptors ()V 10 <appendix> argL0 ; # com/mysql/cj/jdbc/ConnectionImpl$$Lambda+0x000001b933504818
instanceKlass java/sql/ResultSetMetaData
instanceKlass com/mysql/cj/LicenseConfiguration
instanceKlass com/mysql/cj/protocol/InternalDate
instanceKlass com/mysql/cj/result/StringValueFactory
instanceKlass com/mysql/cj/protocol/a/result/AbstractResultsetRows
instanceKlass com/mysql/cj/protocol/result/AbstractResultsetRow
instanceKlass com/mysql/cj/result/DefaultColumnDefinition$1
instanceKlass com/mysql/cj/protocol/a/MysqlTextValueDecoder
instanceKlass com/mysql/cj/protocol/ValueDecoder
instanceKlass com/mysql/cj/protocol/a/AbstractRowFactory
instanceKlass com/mysql/cj/result/DefaultColumnDefinition
instanceKlass com/mysql/cj/result/Field$1
instanceKlass com/mysql/cj/protocol/a/ColumnDefinitionReader$1
instanceKlass java/sql/SQLType
instanceKlass com/mysql/cj/util/LazyString
instanceKlass com/mysql/cj/result/Field
instanceKlass com/mysql/cj/protocol/a/ColumnDefinitionFactory
instanceKlass com/mysql/cj/protocol/a/ResultsetFactory
instanceKlass com/mysql/cj/protocol/a/MultiPacketReader
instanceKlass com/mysql/cj/protocol/a/TimeTrackingPacketReader
instanceKlass com/mysql/cj/protocol/a/TimeTrackingPacketSender
instanceKlass com/mysql/cj/protocol/a/result/OkPacket
instanceKlass com/mysql/cj/protocol/Security
instanceKlass  @bci com/mysql/cj/protocol/a/authentication/AuthenticationLdapSaslClientPlugin <init> ()V 21 <appendix> member <vmtarget> ; # com/mysql/cj/protocol/a/authentication/AuthenticationLdapSaslClientPlugin$$Lambda+0x000001b9334a9230
instanceKlass javax/security/auth/callback/Callback
instanceKlass javax/security/auth/login/Configuration
instanceKlass com/mysql/cj/protocol/a/authentication/AuthenticationLdapSaslClientPlugin
instanceKlass com/mysql/cj/protocol/a/authentication/MysqlOldPasswordPlugin
instanceKlass com/mysql/cj/protocol/a/authentication/Sha256PasswordPlugin
instanceKlass com/mysql/cj/protocol/a/authentication/MysqlClearPasswordPlugin
instanceKlass com/mysql/cj/protocol/a/authentication/MysqlNativePasswordPlugin
instanceKlass com/mysql/cj/protocol/AuthenticationPlugin
instanceKlass sun/security/ssl/X509Authentication$X509Possession
instanceKlass com/sun/crypto/provider/GaloisCounterMode$EncryptOp
instanceKlass sun/security/ssl/SSLAuthentication
instanceKlass  @bci sun/security/ssl/CertificateMessage$T13CertificateProducer choosePossession (Lsun/security/ssl/HandshakeContext;Lsun/security/ssl/ClientHello$ClientHelloMessage;)Lsun/security/ssl/SSLPossession; 89 <appendix> argL0 ; # sun/security/ssl/CertificateMessage$T13CertificateProducer$$Lambda+0x000001b9334afbb0
instanceKlass  @bci sun/security/ssl/CertificateMessage$T13CertificateProducer choosePossession (Lsun/security/ssl/HandshakeContext;Lsun/security/ssl/ClientHello$ClientHelloMessage;)Lsun/security/ssl/SSLPossession; 79 <appendix> argL0 ; # sun/security/ssl/CertificateMessage$T13CertificateProducer$$Lambda+0x000001b9334af970
instanceKlass  @bci sun/security/ssl/CertificateMessage$T13CertificateProducer choosePossession (Lsun/security/ssl/HandshakeContext;Lsun/security/ssl/ClientHello$ClientHelloMessage;)Lsun/security/ssl/SSLPossession; 69 <appendix> member <vmtarget> ; # sun/security/ssl/CertificateMessage$T13CertificateProducer$$Lambda+0x000001b9334af728
instanceKlass  @bci sun/security/ssl/CertificateMessage$T13CertificateProducer choosePossession (Lsun/security/ssl/HandshakeContext;Lsun/security/ssl/ClientHello$ClientHelloMessage;)Lsun/security/ssl/SSLPossession; 53 <appendix> argL0 ; # sun/security/ssl/CertificateMessage$T13CertificateProducer$$Lambda+0x000001b9334af4f8
instanceKlass sun/security/ssl/SSLBasicKeyDerivation$SecretSizeSpec
instanceKlass sun/security/ssl/SSLBasicKeyDerivation
instanceKlass sun/security/ssl/Finished$1
instanceKlass sun/security/ssl/Finished$T13VerifyDataGenerator
instanceKlass sun/security/ssl/Finished$T12VerifyDataGenerator
instanceKlass sun/security/ssl/Finished$T10VerifyDataGenerator
instanceKlass sun/security/ssl/Finished$S30VerifyDataGenerator
instanceKlass sun/security/ssl/Finished$VerifyDataGenerator
instanceKlass sun/security/rsa/MGF1
instanceKlass sun/security/rsa/RSACore
instanceKlass java/security/interfaces/RSAPrivateKey
instanceKlass sun/security/util/SignatureUtil
instanceKlass sun/security/ssl/X509Authentication$X509Credentials
instanceKlass java/security/interfaces/DSAPublicKey
instanceKlass java/security/interfaces/DSAKey
instanceKlass sun/security/provider/certpath/PKIX
instanceKlass java/security/cert/PKIXCertPathChecker
instanceKlass java/security/cert/CertPathChecker
instanceKlass sun/security/ssl/SSLAlgorithmConstraints$SupportedSignatureAlgorithmConstraints
instanceKlass sun/security/ssl/SSLConfiguration$1
instanceKlass jdk/internal/event/EventHelper$ThreadTrackHolder
instanceKlass java/util/jar/JarFile$ThreadTrackHolder
instanceKlass jdk/internal/event/EventHelper
instanceKlass sun/security/util/MemoryCache$CacheEntry
instanceKlass sun/security/x509/OIDMap$OIDInfo
instanceKlass sun/security/x509/PKIXExtensions
instanceKlass sun/security/x509/OIDMap
instanceKlass sun/security/x509/Extension
instanceKlass java/security/cert/Extension
instanceKlass sun/security/x509/CertificateExtensions
instanceKlass sun/security/rsa/RSAUtil
instanceKlass java/security/interfaces/RSAPublicKey
instanceKlass java/security/spec/RSAPrivateKeySpec
instanceKlass java/security/spec/RSAPublicKeySpec
instanceKlass  @bci java/security/spec/EncodedKeySpec <clinit> ()V 0 <appendix> argL0 ; # java/security/spec/EncodedKeySpec$$Lambda+0x000001b9334bc888
instanceKlass jdk/internal/access/JavaSecuritySpecAccess
instanceKlass sun/security/x509/CertificateX509Key
instanceKlass sun/security/x509/CertificateValidity
instanceKlass sun/security/x509/AVA
instanceKlass sun/security/x509/RDN
instanceKlass javax/security/auth/x500/X500Principal
instanceKlass  @bci sun/security/x509/X500Name <clinit> ()V 153 <appendix> argL0 ; # sun/security/x509/X500Name$$Lambda+0x000001b9334bb378
instanceKlass sun/security/x509/X500Name
instanceKlass sun/security/x509/GeneralNameInterface
instanceKlass sun/security/x509/CertificateAlgorithmId
instanceKlass sun/security/x509/SerialNumber
instanceKlass sun/security/x509/CertificateSerialNumber
instanceKlass sun/security/x509/CertificateVersion
instanceKlass sun/security/x509/X509CertInfo
instanceKlass sun/security/util/Cache$EqualByteArray
instanceKlass java/security/cert/CertificateFactorySpi
instanceKlass java/security/cert/CertificateFactory
instanceKlass java/security/cert/X509Extension
instanceKlass sun/security/ssl/CertificateMessage$CertificateEntry
instanceKlass com/sun/crypto/provider/GaloisCounterMode$DecryptOp
instanceKlass com/sun/crypto/provider/GaloisCounterMode$GCMOperation
instanceKlass com/sun/crypto/provider/GHASH
instanceKlass com/sun/crypto/provider/GCM
instanceKlass com/sun/crypto/provider/GaloisCounterMode$GCMEngine
instanceKlass javax/crypto/spec/GCMParameterSpec
instanceKlass sun/security/ssl/ChangeCipherSpec$T13ChangeCipherSpecConsumer
instanceKlass sun/security/ssl/ChangeCipherSpec$T10ChangeCipherSpecProducer
instanceKlass sun/security/ssl/ChangeCipherSpec$T10ChangeCipherSpecConsumer
instanceKlass sun/security/ssl/ChangeCipherSpec
instanceKlass javax/crypto/spec/IvParameterSpec
instanceKlass sun/security/ssl/SSLTrafficKeyDerivation$T13TrafficKeyDerivation
instanceKlass sun/security/ssl/SSLTrafficKeyDerivation$1
instanceKlass sun/security/ssl/SSLTrafficKeyDerivation$T13TrafficKeyDerivationGenerator
instanceKlass sun/security/ssl/SSLTrafficKeyDerivation$T12TrafficKeyDerivationGenerator
instanceKlass sun/security/ssl/SSLTrafficKeyDerivation$T10TrafficKeyDerivationGenerator
instanceKlass sun/security/ssl/SSLTrafficKeyDerivation$S30TrafficKeyDerivationGenerator
instanceKlass sun/security/ssl/SSLKeyDerivationGenerator
instanceKlass sun/security/ssl/SSLSecretDerivation
instanceKlass javax/crypto/MacSpi
instanceKlass javax/crypto/Mac
instanceKlass sun/security/ssl/HKDF
instanceKlass  @bci javax/crypto/spec/SecretKeySpec <clinit> ()V 0 <appendix> argL0 ; # javax/crypto/spec/SecretKeySpec$$Lambda+0x000001b9334b2fd0
instanceKlass  @cpi javax/crypto/spec/SecretKeySpec 165 form vmentry <vmtarget> ; # java/lang/invoke/LambdaForm$DMH+0x000001b9334a8000
instanceKlass jdk/internal/access/JavaxCryptoSpecAccess
instanceKlass javax/crypto/spec/SecretKeySpec
instanceKlass javax/crypto/KeyAgreementSpi
instanceKlass sun/security/ssl/KAKeyDerivation
instanceKlass java/security/interfaces/RSAKey
instanceKlass javax/crypto/SecretKey
instanceKlass sun/security/util/Length
instanceKlass java/security/spec/EncodedKeySpec
instanceKlass java/security/spec/ECPublicKeySpec
instanceKlass sun/security/ssl/ECDHKeyExchange$ECDHECredentials
instanceKlass sun/security/ssl/NamedGroupCredentials
instanceKlass sun/security/ssl/KeyShareExtension$SHKeyShareSpec
instanceKlass sun/security/ssl/HandshakeHash$CloneableHash
instanceKlass sun/security/ssl/HandshakeHash$T13HandshakeHash
instanceKlass sun/security/ssl/SupportedVersionsExtension$SHSupportedVersionsSpec
instanceKlass sun/security/ssl/TransportContext$1
instanceKlass sun/security/ssl/Plaintext
instanceKlass sun/security/ssl/OutputRecord$T13PaddingHolder
instanceKlass sun/security/ssl/RenegoInfoExtension$RenegotiationInfoSpec
instanceKlass sun/security/ssl/KeyShareExtension$CHKeyShareSpec
instanceKlass java/security/interfaces/ECPublicKey
instanceKlass sun/security/util/math/IntegerModuloP$MultiplicativeInverser$Secp256R1
instanceKlass sun/security/ec/ECOperations$PointMultiplier$Default
instanceKlass sun/security/ec/ECOperations$PointMultiplier$Secp256R1GeneratorMultiplier$P256
instanceKlass sun/security/ec/ECOperations$PointMultiplier$Secp256R1GeneratorMultiplier
instanceKlass sun/security/ec/ECOperations$PointMultiplier
instanceKlass  @bci sun/security/ec/ECPrivateKeyImpl calculatePublicKey ()Ljava/security/PublicKey; 9 <appendix> argL0 ; # sun/security/ec/ECPrivateKeyImpl$$Lambda+0x000001b9334a4c78
instanceKlass sun/security/util/ArrayUtil
instanceKlass java/security/interfaces/ECPrivateKey
instanceKlass sun/security/ec/ECOperations
instanceKlass sun/security/ssl/ECDHKeyExchange$ECDHEPossession
instanceKlass sun/security/ssl/KeyShareExtension$KeyShareEntry
instanceKlass sun/security/ssl/XDHKeyExchange$1
instanceKlass sun/security/util/DerInputStream
instanceKlass sun/security/util/DerValue
instanceKlass sun/security/pkcs/PKCS8Key
instanceKlass sun/security/util/InternalPrivateKey
instanceKlass java/security/interfaces/XECPrivateKey
instanceKlass sun/security/util/BitArray
instanceKlass sun/security/x509/X509Key
instanceKlass java/security/interfaces/XECPublicKey
instanceKlass java/security/interfaces/XECKey
instanceKlass java/security/KeyPair
instanceKlass java/math/MutableBigInteger
instanceKlass sun/security/util/math/IntegerModuloP$MultiplicativeInverser$Default
instanceKlass sun/security/util/math/IntegerModuloP$MultiplicativeInverser
instanceKlass sun/security/util/math/MutableIntegerModuloP
instanceKlass sun/security/jca/JCAUtil$CachedSecureRandomHolder
instanceKlass sun/security/jca/JCAUtil
instanceKlass sun/security/ec/XECOperations
instanceKlass sun/security/ec/XECParameters
instanceKlass  @bci sun/security/ec/XDHKeyPairGenerator initialize (Ljava/security/spec/AlgorithmParameterSpec;Ljava/security/SecureRandom;)V 0 <appendix> argL0 ; # sun/security/ec/XDHKeyPairGenerator$$Lambda+0x000001b9334a3a78
instanceKlass sun/security/ssl/XDHKeyExchange$XDHEPossession
instanceKlass sun/security/ssl/ECDHKeyExchange$ECDHEXDHKAGenerator
instanceKlass sun/security/ssl/ECDHKeyExchange$ECDHEKAGenerator
instanceKlass sun/security/ssl/ECDHKeyExchange$ECDHKAGenerator
instanceKlass sun/security/ssl/ECDHKeyExchange$ECDHEPossessionGenerator
instanceKlass sun/security/ssl/ECDHKeyExchange
instanceKlass sun/security/ssl/DHKeyExchange$DHEKAGenerator
instanceKlass sun/security/ssl/DHKeyExchange$DHEPossessionGenerator
instanceKlass sun/security/ssl/DHKeyExchange
instanceKlass sun/security/ssl/RSAKeyExchange$RSAKAGenerator
instanceKlass sun/security/ssl/RSAKeyExchange$EphemeralRSAPossessionGenerator
instanceKlass sun/security/ssl/RSAKeyExchange
instanceKlass sun/security/ssl/SSLKeyExchange$T13KeyAgreement
instanceKlass sun/security/ssl/SSLKeyAgreement
instanceKlass sun/security/ssl/SSLPossessionGenerator
instanceKlass sun/security/ssl/SSLKeyExchange
instanceKlass sun/security/ssl/SSLHandshakeBinding
instanceKlass sun/security/ssl/SSLKeyAgreementGenerator
instanceKlass sun/security/ssl/PskKeyExchangeModesExtension$PskKeyExchangeModesSpec
instanceKlass sun/security/ssl/SupportedVersionsExtension$CHSupportedVersionsSpec
instanceKlass sun/security/ssl/SignatureAlgorithmsExtension$SignatureSchemesSpec
instanceKlass sun/security/ssl/ExtendedMasterSecretExtension$ExtendedMasterSecretSpec
instanceKlass sun/security/ssl/CertStatusExtension$CertStatusRequestV2Spec
instanceKlass sun/security/ssl/ECPointFormatsExtension$ECPointFormatsSpec
instanceKlass sun/security/ssl/SupportedGroupsExtension$SupportedGroupsSpec
instanceKlass sun/security/ssl/CertStatusExtension$CertStatusRequest
instanceKlass sun/security/ssl/CertStatusExtension$CertStatusRequestSpec
instanceKlass sun/security/ssl/SSLExtension$SSLExtensionSpec
instanceKlass sun/security/ssl/SSLExtension$ClientExtensions
instanceKlass sun/security/ssl/PreSharedKeyExtension$SHPreSharedKeyStringizer
instanceKlass sun/security/ssl/PreSharedKeyExtension$SHPreSharedKeyAbsence
instanceKlass sun/security/ssl/PreSharedKeyExtension$SHPreSharedKeyConsumer
instanceKlass sun/security/ssl/PreSharedKeyExtension$SHPreSharedKeyProducer
instanceKlass sun/security/ssl/PreSharedKeyExtension$CHPreSharedKeyStringizer
instanceKlass sun/security/ssl/PreSharedKeyExtension$CHPreSharedKeyOnTradeAbsence
instanceKlass sun/security/ssl/PreSharedKeyExtension$CHPreSharedKeyUpdate
instanceKlass sun/security/ssl/PreSharedKeyExtension$CHPreSharedKeyOnLoadAbsence
instanceKlass sun/security/ssl/PreSharedKeyExtension$CHPreSharedKeyConsumer
instanceKlass sun/security/ssl/PreSharedKeyExtension$CHPreSharedKeyProducer
instanceKlass sun/security/ssl/PreSharedKeyExtension
instanceKlass sun/security/ssl/RenegoInfoExtension$RenegotiationInfoStringizer
instanceKlass sun/security/ssl/RenegoInfoExtension$SHRenegotiationInfoAbsence
instanceKlass sun/security/ssl/RenegoInfoExtension$SHRenegotiationInfoConsumer
instanceKlass sun/security/ssl/RenegoInfoExtension$SHRenegotiationInfoProducer
instanceKlass sun/security/ssl/RenegoInfoExtension$CHRenegotiationInfoAbsence
instanceKlass sun/security/ssl/RenegoInfoExtension$CHRenegotiationInfoConsumer
instanceKlass sun/security/ssl/RenegoInfoExtension$CHRenegotiationInfoProducer
instanceKlass sun/security/ssl/RenegoInfoExtension
instanceKlass sun/security/ssl/KeyShareExtension$HRRKeyShareStringizer
instanceKlass sun/security/ssl/KeyShareExtension$HRRKeyShareReproducer
instanceKlass sun/security/ssl/KeyShareExtension$HRRKeyShareConsumer
instanceKlass sun/security/ssl/KeyShareExtension$HRRKeyShareProducer
instanceKlass sun/security/ssl/KeyShareExtension$SHKeyShareStringizer
instanceKlass sun/security/ssl/KeyShareExtension$SHKeyShareAbsence
instanceKlass sun/security/ssl/KeyShareExtension$SHKeyShareConsumer
instanceKlass sun/security/ssl/KeyShareExtension$SHKeyShareProducer
instanceKlass sun/security/ssl/KeyShareExtension$CHKeyShareStringizer
instanceKlass sun/security/ssl/KeyShareExtension$CHKeyShareOnTradeAbsence
instanceKlass sun/security/ssl/KeyShareExtension$CHKeyShareConsumer
instanceKlass sun/security/ssl/KeyShareExtension$CHKeyShareProducer
instanceKlass sun/security/ssl/KeyShareExtension
instanceKlass sun/security/ssl/CertSignAlgsExtension$CertSignatureSchemesStringizer
instanceKlass sun/security/ssl/CertSignAlgsExtension$CRCertSignatureSchemesUpdate
instanceKlass sun/security/ssl/CertSignAlgsExtension$CRCertSignatureSchemesConsumer
instanceKlass sun/security/ssl/CertSignAlgsExtension$CRCertSignatureSchemesProducer
instanceKlass sun/security/ssl/CertSignAlgsExtension$CHCertSignatureSchemesUpdate
instanceKlass sun/security/ssl/CertSignAlgsExtension$CHCertSignatureSchemesConsumer
instanceKlass sun/security/ssl/CertSignAlgsExtension$CHCertSignatureSchemesProducer
instanceKlass sun/security/ssl/CertSignAlgsExtension
instanceKlass sun/security/ssl/CertificateAuthoritiesExtension$CertificateAuthoritiesStringizer
instanceKlass sun/security/ssl/CertificateAuthoritiesExtension$CRCertificateAuthoritiesConsumer
instanceKlass sun/security/ssl/CertificateAuthoritiesExtension$CRCertificateAuthoritiesProducer
instanceKlass sun/security/ssl/CertificateAuthoritiesExtension$CHCertificateAuthoritiesConsumer
instanceKlass sun/security/ssl/CertificateAuthoritiesExtension$CHCertificateAuthoritiesProducer
instanceKlass sun/security/ssl/CertificateAuthoritiesExtension
instanceKlass sun/security/ssl/PskKeyExchangeModesExtension$PskKeyExchangeModesStringizer
instanceKlass sun/security/ssl/PskKeyExchangeModesExtension$PskKeyExchangeModesOnTradeAbsence
instanceKlass sun/security/ssl/PskKeyExchangeModesExtension$PskKeyExchangeModesOnLoadAbsence
instanceKlass sun/security/ssl/PskKeyExchangeModesExtension$PskKeyExchangeModesConsumer
instanceKlass sun/security/ssl/PskKeyExchangeModesExtension$PskKeyExchangeModesProducer
instanceKlass sun/security/ssl/PskKeyExchangeModesExtension
instanceKlass sun/security/ssl/CookieExtension$CookieStringizer
instanceKlass sun/security/ssl/CookieExtension$HRRCookieReproducer
instanceKlass sun/security/ssl/CookieExtension$HRRCookieConsumer
instanceKlass sun/security/ssl/CookieExtension$HRRCookieProducer
instanceKlass sun/security/ssl/CookieExtension$CHCookieUpdate
instanceKlass sun/security/ssl/CookieExtension$CHCookieConsumer
instanceKlass sun/security/ssl/CookieExtension$CHCookieProducer
instanceKlass sun/security/ssl/CookieExtension
instanceKlass sun/security/ssl/SupportedVersionsExtension$HRRSupportedVersionsReproducer
instanceKlass sun/security/ssl/SupportedVersionsExtension$HRRSupportedVersionsConsumer
instanceKlass sun/security/ssl/SupportedVersionsExtension$HRRSupportedVersionsProducer
instanceKlass sun/security/ssl/SupportedVersionsExtension$SHSupportedVersionsStringizer
instanceKlass sun/security/ssl/SupportedVersionsExtension$SHSupportedVersionsConsumer
instanceKlass sun/security/ssl/SupportedVersionsExtension$SHSupportedVersionsProducer
instanceKlass sun/security/ssl/SupportedVersionsExtension$CHSupportedVersionsStringizer
instanceKlass sun/security/ssl/SupportedVersionsExtension$CHSupportedVersionsConsumer
instanceKlass sun/security/ssl/SupportedVersionsExtension$CHSupportedVersionsProducer
instanceKlass sun/security/ssl/SupportedVersionsExtension
instanceKlass sun/security/ssl/SignatureAlgorithmsExtension$SignatureSchemesStringizer
instanceKlass sun/security/ssl/SignatureAlgorithmsExtension$CRSignatureSchemesUpdate
instanceKlass sun/security/ssl/SignatureAlgorithmsExtension$CRSignatureSchemesAbsence
instanceKlass sun/security/ssl/SignatureAlgorithmsExtension$CRSignatureSchemesConsumer
instanceKlass sun/security/ssl/SignatureAlgorithmsExtension$CRSignatureSchemesProducer
instanceKlass sun/security/ssl/SignatureAlgorithmsExtension$CHSignatureSchemesOnTradeAbsence
instanceKlass sun/security/ssl/SignatureAlgorithmsExtension$CHSignatureSchemesUpdate
instanceKlass sun/security/ssl/SignatureAlgorithmsExtension$CHSignatureSchemesOnLoadAbsence
instanceKlass sun/security/ssl/SignatureAlgorithmsExtension$CHSignatureSchemesConsumer
instanceKlass sun/security/ssl/SignatureAlgorithmsExtension$CHSignatureSchemesProducer
instanceKlass sun/security/ssl/SignatureAlgorithmsExtension
instanceKlass sun/security/ssl/SessionTicketExtension$SessionTicketStringizer
instanceKlass sun/security/ssl/SessionTicketExtension$T12SHSessionTicketConsumer
instanceKlass sun/security/ssl/SessionTicketExtension$T12SHSessionTicketProducer
instanceKlass sun/security/ssl/SessionTicketExtension$T12CHSessionTicketConsumer
instanceKlass sun/security/ssl/SessionTicketExtension$T12CHSessionTicketProducer
instanceKlass sun/security/ssl/SessionTicketExtension
instanceKlass sun/security/ssl/ExtendedMasterSecretExtension$ExtendedMasterSecretStringizer
instanceKlass sun/security/ssl/ExtendedMasterSecretExtension$SHExtendedMasterSecretAbsence
instanceKlass sun/security/ssl/ExtendedMasterSecretExtension$SHExtendedMasterSecretConsumer
instanceKlass sun/security/ssl/ExtendedMasterSecretExtension$SHExtendedMasterSecretProducer
instanceKlass sun/security/ssl/ExtendedMasterSecretExtension$CHExtendedMasterSecretAbsence
instanceKlass sun/security/ssl/ExtendedMasterSecretExtension$CHExtendedMasterSecretConsumer
instanceKlass sun/security/ssl/ExtendedMasterSecretExtension$CHExtendedMasterSecretProducer
instanceKlass sun/security/ssl/ExtendedMasterSecretExtension
instanceKlass  @bci sun/security/ssl/AlpnExtension <clinit> ()V 100 <appendix> argL0 ; # sun/security/ssl/AlpnExtension$$Lambda+0x000001b9334e8c00
instanceKlass sun/security/ssl/AlpnExtension$AlpnStringizer
instanceKlass sun/security/ssl/AlpnExtension$SHAlpnAbsence
instanceKlass sun/security/ssl/AlpnExtension$SHAlpnConsumer
instanceKlass sun/security/ssl/AlpnExtension$SHAlpnProducer
instanceKlass sun/security/ssl/AlpnExtension$CHAlpnAbsence
instanceKlass sun/security/ssl/AlpnExtension$CHAlpnConsumer
instanceKlass sun/security/ssl/AlpnExtension$CHAlpnProducer
instanceKlass sun/security/ssl/AlpnExtension
instanceKlass sun/security/ssl/ECPointFormatsExtension$ECPointFormatsStringizer
instanceKlass sun/security/ssl/ECPointFormatsExtension$SHECPointFormatsConsumer
instanceKlass sun/security/ssl/ECPointFormatsExtension$CHECPointFormatsConsumer
instanceKlass sun/security/ssl/ECPointFormatsExtension$CHECPointFormatsProducer
instanceKlass sun/security/ssl/ECPointFormatsExtension
instanceKlass sun/security/ssl/SupportedGroupsExtension$EESupportedGroupsConsumer
instanceKlass sun/security/ssl/SupportedGroupsExtension$EESupportedGroupsProducer
instanceKlass sun/security/ssl/SupportedGroupsExtension$SupportedGroupsStringizer
instanceKlass sun/security/ssl/SupportedGroupsExtension$CHSupportedGroupsOnTradeAbsence
instanceKlass sun/security/ssl/SupportedGroupsExtension$CHSupportedGroupsConsumer
instanceKlass sun/security/ssl/SupportedGroupsExtension$CHSupportedGroupsProducer
instanceKlass sun/security/ssl/SupportedGroupsExtension
instanceKlass sun/security/ssl/CertStatusExtension$CertStatusRespStringizer
instanceKlass sun/security/ssl/CertStatusExtension$CertStatusRequestsStringizer
instanceKlass sun/security/ssl/CertStatusExtension$SHCertStatusReqV2Consumer
instanceKlass sun/security/ssl/CertStatusExtension$SHCertStatusReqV2Producer
instanceKlass sun/security/ssl/CertStatusExtension$CHCertStatusReqV2Consumer
instanceKlass sun/security/ssl/CertStatusExtension$CHCertStatusReqV2Producer
instanceKlass sun/security/ssl/CertStatusExtension$CertStatusRequestStringizer
instanceKlass sun/security/ssl/CertStatusExtension$CTCertStatusResponseConsumer
instanceKlass sun/security/ssl/CertStatusExtension$CTCertStatusResponseProducer
instanceKlass sun/security/ssl/CertStatusExtension$SHCertStatusReqConsumer
instanceKlass sun/security/ssl/CertStatusExtension$SHCertStatusReqProducer
instanceKlass sun/security/ssl/CertStatusExtension$CHCertStatusReqConsumer
instanceKlass sun/security/ssl/CertStatusExtension$CHCertStatusReqProducer
instanceKlass sun/security/ssl/CertStatusExtension
instanceKlass sun/security/ssl/MaxFragExtension$MaxFragLenStringizer
instanceKlass sun/security/ssl/MaxFragExtension$EEMaxFragmentLengthUpdate
instanceKlass sun/security/ssl/MaxFragExtension$EEMaxFragmentLengthConsumer
instanceKlass sun/security/ssl/MaxFragExtension$EEMaxFragmentLengthProducer
instanceKlass sun/security/ssl/MaxFragExtension$SHMaxFragmentLengthUpdate
instanceKlass sun/security/ssl/MaxFragExtension$SHMaxFragmentLengthConsumer
instanceKlass sun/security/ssl/MaxFragExtension$SHMaxFragmentLengthProducer
instanceKlass sun/security/ssl/MaxFragExtension$CHMaxFragmentLengthConsumer
instanceKlass sun/security/ssl/MaxFragExtension$CHMaxFragmentLengthProducer
instanceKlass sun/security/ssl/MaxFragExtension
instanceKlass sun/security/ssl/ServerNameExtension$EEServerNameConsumer
instanceKlass sun/security/ssl/ServerNameExtension$EEServerNameProducer
instanceKlass sun/security/ssl/ServerNameExtension$SHServerNamesStringizer
instanceKlass sun/security/ssl/ServerNameExtension$SHServerNameConsumer
instanceKlass sun/security/ssl/ServerNameExtension$SHServerNameProducer
instanceKlass sun/security/ssl/ServerNameExtension$CHServerNamesStringizer
instanceKlass sun/security/ssl/ServerNameExtension$CHServerNameConsumer
instanceKlass sun/security/ssl/SSLExtension$ExtensionConsumer
instanceKlass sun/security/ssl/ServerNameExtension$CHServerNameProducer
instanceKlass sun/security/ssl/ServerNameExtension
instanceKlass sun/security/ssl/SSLStringizer
instanceKlass sun/security/ssl/SSLExtensions
instanceKlass sun/security/ssl/SSLHandshake$HandshakeMessage
instanceKlass sun/security/ssl/RandomCookie
instanceKlass sun/security/util/KeyUtil
instanceKlass sun/security/ssl/SSLKeyDerivation
instanceKlass sun/security/ssl/SSLCredentials
instanceKlass sun/security/ssl/NamedGroupPossession
instanceKlass sun/security/ssl/SSLPossession
instanceKlass sun/security/ssl/HandshakeContext
instanceKlass  @bci com/mysql/cj/protocol/ExportControlled lambda$getAllowedCiphers$5 (Ljava/lang/String;)Z 9 <appendix> member <vmtarget> ; # com/mysql/cj/protocol/ExportControlled$$Lambda+0x000001b9334960c8
instanceKlass  @bci com/mysql/cj/protocol/ExportControlled getAllowedCiphers (Lcom/mysql/cj/conf/PropertySet;Ljava/util/List;)[Ljava/lang/String; 79 <appendix> argL0 ; # com/mysql/cj/protocol/ExportControlled$$Lambda+0x000001b933495e88
instanceKlass  @bci com/mysql/cj/protocol/ExportControlled getAllowedCiphers (Lcom/mysql/cj/conf/PropertySet;Ljava/util/List;)[Ljava/lang/String; 69 <appendix> member <vmtarget> ; # com/mysql/cj/protocol/ExportControlled$$Lambda+0x000001b933495c40
instanceKlass sun/security/ssl/DTLSRecord
instanceKlass sun/security/ssl/SessionId
instanceKlass sun/security/x509/AlgorithmId
instanceKlass java/security/spec/MGF1ParameterSpec
instanceKlass java/security/spec/PSSParameterSpec
instanceKlass sun/security/ec/ParametersMap$1
instanceKlass  @bci sun/security/ec/ed/EdDSAParameters <clinit> ()V 268 <appendix> argL0 ; # sun/security/ec/ed/EdDSAParameters$$Lambda+0x000001b9334a2ef8
instanceKlass sun/security/ec/ed/EdDSAParameters$SHAKE256DigesterFactory
instanceKlass sun/security/ec/point/ProjectivePoint
instanceKlass  @bci sun/security/ec/ed/EdDSAParameters <clinit> ()V 117 <appendix> argL0 ; # sun/security/ec/ed/EdDSAParameters$$Lambda+0x000001b9334a2570
instanceKlass sun/security/ec/ed/EdDSAParameters$Digester
instanceKlass sun/security/ec/ed/EdDSAParameters$SHA512DigesterFactory
instanceKlass sun/security/ec/point/ExtendedHomogeneousPoint
instanceKlass sun/security/ec/point/AffinePoint
instanceKlass sun/security/util/math/intpoly/IntegerPolynomial$Limb
instanceKlass sun/security/util/math/SmallValue
instanceKlass sun/security/ec/point/ImmutablePoint
instanceKlass sun/security/ec/point/MutablePoint
instanceKlass sun/security/ec/point/Point
instanceKlass sun/security/util/math/intpoly/IntegerPolynomial$Element
instanceKlass sun/security/util/math/ImmutableIntegerModuloP
instanceKlass sun/security/util/math/IntegerModuloP
instanceKlass sun/security/util/math/intpoly/IntegerPolynomial
instanceKlass sun/security/ec/ParametersMap
instanceKlass sun/security/ec/ed/EdECOperations
instanceKlass sun/security/ec/ed/EdDSAParameters$DigesterFactory
instanceKlass sun/security/util/math/IntegerFieldModuloP
instanceKlass sun/security/ec/ed/EdDSAParameters
instanceKlass  @bci sun/security/ec/ed/EdDSASignature <init> (Ljava/security/spec/NamedParameterSpec;)V 27 <appendix> argL0 ; # sun/security/ec/ed/EdDSASignature$$Lambda+0x000001b9334a0470
instanceKlass java/security/spec/EdDSAParameterSpec
instanceKlass sun/security/ec/ed/EdDSASignature$MessageAccumulator
instanceKlass javax/net/ssl/ExtendedSSLSession
instanceKlass javax/crypto/spec/DHParameterSpec
instanceKlass sun/security/ssl/PredefinedDHParameterSpecs$1
instanceKlass sun/security/ssl/PredefinedDHParameterSpecs
instanceKlass  @bci sun/security/provider/certpath/ldap/JdkLDAP <init> ()V 15 <appendix> member <vmtarget> ; # sun/security/provider/certpath/ldap/JdkLDAP$$Lambda+0x000001b9334d95e8
instanceKlass com/sun/security/sasl/Provider$1
instanceKlass  @bci sun/security/jgss/SunProvider <init> ()V 15 <appendix> member <vmtarget> ; # sun/security/jgss/SunProvider$$Lambda+0x000001b93349f368
instanceKlass org/jcp/xml/dsig/internal/dom/XMLDSigRI$2
instanceKlass org/jcp/xml/dsig/internal/dom/XMLDSigRI$1
instanceKlass sun/security/mscapi/SunMSCAPI$2
instanceKlass sun/security/mscapi/SunMSCAPI$1
instanceKlass  @bci sun/security/pkcs11/SunPKCS11 register (Lsun/security/pkcs11/SunPKCS11$Descriptor;)V 27 <appendix> argL0 ; # sun/security/pkcs11/SunPKCS11$$Lambda+0x000001b93349d218
instanceKlass sun/security/pkcs11/SunPKCS11$Descriptor
instanceKlass javax/security/auth/Subject
instanceKlass javax/security/auth/callback/CallbackHandler
instanceKlass sun/security/smartcardio/SunPCSC$1
instanceKlass sun/security/ssl/NamedGroup$SupportedGroups
instanceKlass sun/security/ssl/SSLConfiguration$CustomizedClientSignatureSchemes
instanceKlass javax/crypto/KeyGeneratorSpi
instanceKlass javax/crypto/KeyGenerator
instanceKlass sun/security/ssl/SSLConfiguration
instanceKlass sun/security/ssl/SSLCipher$SSLWriteCipher
instanceKlass sun/security/ssl/KeyUpdate$KeyUpdateProducer
instanceKlass sun/security/ssl/KeyUpdate$KeyUpdateConsumer
instanceKlass sun/security/ssl/KeyUpdate$KeyUpdateKickstartProducer
instanceKlass sun/security/ssl/KeyUpdate
instanceKlass sun/security/ssl/CertificateStatus$CertificateStatusAbsence
instanceKlass sun/security/ssl/HandshakeAbsence
instanceKlass sun/security/ssl/CertificateStatus$CertificateStatusProducer
instanceKlass sun/security/ssl/CertificateStatus$CertificateStatusConsumer
instanceKlass sun/security/ssl/CertificateStatus
instanceKlass sun/security/ssl/Finished$T13FinishedProducer
instanceKlass sun/security/ssl/Finished$T13FinishedConsumer
instanceKlass sun/security/ssl/Finished$T12FinishedProducer
instanceKlass sun/security/ssl/Finished$T12FinishedConsumer
instanceKlass sun/security/ssl/Finished
instanceKlass sun/security/ssl/ClientKeyExchange$ClientKeyExchangeProducer
instanceKlass sun/security/ssl/ClientKeyExchange$ClientKeyExchangeConsumer
instanceKlass sun/security/ssl/ClientKeyExchange
instanceKlass sun/security/ssl/CertificateVerify$T13CertificateVerifyProducer
instanceKlass sun/security/ssl/CertificateVerify$T13CertificateVerifyConsumer
instanceKlass sun/security/ssl/CertificateVerify$T12CertificateVerifyProducer
instanceKlass sun/security/ssl/CertificateVerify$T12CertificateVerifyConsumer
instanceKlass sun/security/ssl/CertificateVerify$T10CertificateVerifyProducer
instanceKlass sun/security/ssl/CertificateVerify$T10CertificateVerifyConsumer
instanceKlass sun/security/ssl/CertificateVerify$S30CertificateVerifyProducer
instanceKlass sun/security/ssl/CertificateVerify$S30CertificateVerifyConsumer
instanceKlass sun/security/ssl/CertificateVerify
instanceKlass sun/security/ssl/ServerHelloDone$ServerHelloDoneProducer
instanceKlass sun/security/ssl/ServerHelloDone$ServerHelloDoneConsumer
instanceKlass sun/security/ssl/ServerHelloDone
instanceKlass sun/security/ssl/CertificateRequest$T13CertificateRequestProducer
instanceKlass sun/security/ssl/CertificateRequest$T13CertificateRequestConsumer
instanceKlass sun/security/ssl/CertificateRequest$T12CertificateRequestProducer
instanceKlass sun/security/ssl/CertificateRequest$T12CertificateRequestConsumer
instanceKlass sun/security/ssl/CertificateRequest$T10CertificateRequestProducer
instanceKlass sun/security/ssl/CertificateRequest$T10CertificateRequestConsumer
instanceKlass sun/security/ssl/CertificateRequest
instanceKlass sun/security/ssl/ServerKeyExchange$ServerKeyExchangeProducer
instanceKlass sun/security/ssl/ServerKeyExchange$ServerKeyExchangeConsumer
instanceKlass sun/security/ssl/ServerKeyExchange
instanceKlass sun/security/ssl/CertificateMessage$T13CertificateProducer
instanceKlass sun/security/ssl/CertificateMessage$T13CertificateConsumer
instanceKlass sun/security/ssl/CertificateMessage$T12CertificateProducer
instanceKlass sun/security/ssl/CertificateMessage$T12CertificateConsumer
instanceKlass sun/security/ssl/CertificateMessage
instanceKlass sun/security/ssl/EncryptedExtensions$EncryptedExtensionsConsumer
instanceKlass sun/security/ssl/EncryptedExtensions$EncryptedExtensionsProducer
instanceKlass sun/security/ssl/EncryptedExtensions
instanceKlass sun/security/ssl/NewSessionTicket$T12NewSessionTicketProducer
instanceKlass sun/security/ssl/NewSessionTicket$T13NewSessionTicketProducer
instanceKlass sun/security/ssl/NewSessionTicket$T12NewSessionTicketConsumer
instanceKlass sun/security/ssl/NewSessionTicket$T13NewSessionTicketConsumer
instanceKlass sun/security/ssl/NewSessionTicket
instanceKlass sun/security/ssl/HelloVerifyRequest$HelloVerifyRequestProducer
instanceKlass sun/security/ssl/HelloVerifyRequest$HelloVerifyRequestConsumer
instanceKlass sun/security/ssl/HelloVerifyRequest
instanceKlass sun/security/ssl/ServerHello$T13HelloRetryRequestConsumer
instanceKlass sun/security/ssl/ServerHello$T13ServerHelloConsumer
instanceKlass sun/security/ssl/ServerHello$T12ServerHelloConsumer
instanceKlass sun/security/ssl/ServerHello$T13HelloRetryRequestReproducer
instanceKlass sun/security/ssl/ServerHello$T13HelloRetryRequestProducer
instanceKlass sun/security/ssl/ServerHello$T13ServerHelloProducer
instanceKlass sun/security/ssl/ServerHello$T12ServerHelloProducer
instanceKlass sun/security/ssl/ServerHello$ServerHelloConsumer
instanceKlass sun/security/ssl/ServerHello
instanceKlass sun/security/ssl/ClientHello$D13ClientHelloConsumer
instanceKlass sun/security/ssl/ClientHello$D12ClientHelloConsumer
instanceKlass sun/security/ssl/ClientHello$T13ClientHelloConsumer
instanceKlass sun/security/ssl/ClientHello$T12ClientHelloConsumer
instanceKlass sun/security/ssl/HandshakeConsumer
instanceKlass sun/security/ssl/ClientHello$ClientHelloProducer
instanceKlass sun/security/ssl/ClientHello$ClientHelloConsumer
instanceKlass sun/security/ssl/ClientHello$ClientHelloKickstartProducer
instanceKlass sun/security/ssl/ClientHello
instanceKlass sun/security/ssl/HelloRequest$HelloRequestProducer
instanceKlass sun/security/ssl/HelloRequest$HelloRequestConsumer
instanceKlass sun/security/ssl/HelloRequest$HelloRequestKickstartProducer
instanceKlass sun/security/ssl/SSLProducer
instanceKlass sun/security/ssl/HelloRequest
instanceKlass sun/security/ssl/HandshakeProducer
instanceKlass sun/security/ssl/SSLConsumer
instanceKlass sun/security/ssl/Authenticator$MacImpl
instanceKlass sun/security/ssl/Authenticator$MAC
instanceKlass sun/security/ssl/Authenticator
instanceKlass sun/security/ssl/SSLCipher$SSLReadCipher
instanceKlass sun/security/ssl/InputRecord
instanceKlass sun/security/ssl/SSLRecord
instanceKlass sun/security/ssl/Record
instanceKlass sun/security/ssl/TransportContext
instanceKlass sun/security/ssl/ConnectionContext
instanceKlass sun/security/ssl/HandshakeHash$CacheOnlyHash
instanceKlass sun/security/ssl/HandshakeHash$TranscriptHash
instanceKlass sun/security/ssl/HandshakeHash
instanceKlass sun/security/ssl/SSLTransport
instanceKlass javax/net/SocketFactory
instanceKlass  @bci sun/security/ssl/SSLContextImpl engineInit ([Ljavax/net/ssl/KeyManager;[Ljavax/net/ssl/TrustManager;Ljava/security/SecureRandom;)V 57 <appendix> argL0 ; # sun/security/ssl/SSLContextImpl$$Lambda+0x000001b9334c7480
instanceKlass javax/net/ssl/X509ExtendedTrustManager
instanceKlass javax/net/ssl/X509ExtendedKeyManager
instanceKlass javax/net/ssl/X509KeyManager
instanceKlass javax/net/ssl/KeyManager
instanceKlass sun/security/util/Cache
instanceKlass sun/security/ssl/SSLSessionContextImpl
instanceKlass javax/net/ssl/SSLSessionContext
instanceKlass sun/security/ssl/EphemeralKeyManager$EphemeralKeyPair
instanceKlass sun/security/ssl/EphemeralKeyManager
instanceKlass sun/security/ssl/SSLContextImpl$CustomizedSSLProtocols
instanceKlass java/security/spec/NamedParameterSpec
instanceKlass sun/security/util/ECKeySizeParameterSpec
instanceKlass java/security/AlgorithmParametersSpi
instanceKlass java/security/AlgorithmParameters
instanceKlass sun/security/util/ECUtil
instanceKlass java/security/KeyPairGeneratorSpi
instanceKlass java/security/PrivateKey
instanceKlass javax/security/auth/Destroyable
instanceKlass java/security/PublicKey
instanceKlass java/security/KeyFactorySpi
instanceKlass java/security/KeyFactory
instanceKlass javax/crypto/KeyAgreement
instanceKlass java/security/interfaces/ECKey
instanceKlass java/security/Signature$1
instanceKlass jdk/internal/access/JavaSecuritySignatureAccess
instanceKlass java/security/SignatureSpi
instanceKlass sun/security/ssl/JsseJce$EcAvailability
instanceKlass sun/security/ssl/SSLAlgorithmDecomposer$1
instanceKlass sun/security/ssl/Utilities
instanceKlass sun/security/ssl/JsseJce
instanceKlass sun/security/ssl/NamedGroup$XDHScheme
instanceKlass sun/security/ssl/NamedGroup$FFDHEScheme
instanceKlass sun/security/ssl/NamedGroup$ECDHEScheme
instanceKlass sun/security/ssl/NamedGroup$NamedGroupScheme
instanceKlass sun/security/ssl/SSLCipher$1
instanceKlass sun/security/ssl/SSLCipher$T13CC20P1305WriteCipherGenerator
instanceKlass sun/security/ssl/SSLCipher$T12CC20P1305WriteCipherGenerator
instanceKlass sun/security/ssl/SSLCipher$T13CC20P1305ReadCipherGenerator
instanceKlass sun/security/ssl/SSLCipher$T12CC20P1305ReadCipherGenerator
instanceKlass sun/security/ssl/SSLCipher$T13GcmWriteCipherGenerator
instanceKlass sun/security/ssl/SSLCipher$T13GcmReadCipherGenerator
instanceKlass sun/security/ssl/SSLCipher$T12GcmWriteCipherGenerator
instanceKlass sun/security/ssl/SSLCipher$T12GcmReadCipherGenerator
instanceKlass com/sun/crypto/provider/AESConstants
instanceKlass  @bci javax/crypto/JceSecurityManager <clinit> ()V 67 <appendix> argL0 ; # javax/crypto/JceSecurityManager$$Lambda+0x000001b93337c5c0
instanceKlass  @bci javax/crypto/JceSecurityManager <clinit> ()V 49 <appendix> argL0 ; # javax/crypto/JceSecurityManager$$Lambda+0x000001b93337c3b0
instanceKlass javax/crypto/JceSecurityManager
instanceKlass sun/security/ssl/SSLCipher$T11BlockWriteCipherGenerator
instanceKlass sun/security/ssl/SSLCipher$T11BlockReadCipherGenerator
instanceKlass com/sun/crypto/provider/PKCS5Padding
instanceKlass com/sun/crypto/provider/Padding
instanceKlass com/sun/crypto/provider/FeedbackCipher
instanceKlass com/sun/crypto/provider/SymmetricCipher
instanceKlass com/sun/crypto/provider/DESConstants
instanceKlass com/sun/crypto/provider/CipherCore
instanceKlass sun/security/ssl/SSLCipher$T10BlockWriteCipherGenerator
instanceKlass sun/security/ssl/SSLCipher$T10BlockReadCipherGenerator
instanceKlass javax/crypto/CipherSpi
instanceKlass  @bci javax/crypto/ProviderVerifier isTrustedModule ()Z 61 <appendix> argL0 ; # javax/crypto/ProviderVerifier$$Lambda+0x000001b933379c18
instanceKlass javax/crypto/ProviderVerifier$1
instanceKlass javax/crypto/ProviderVerifier
instanceKlass javax/crypto/JceSecurity$3
instanceKlass javax/crypto/JceSecurity$2
instanceKlass java/net/spi/URLStreamHandlerProvider
instanceKlass java/net/URL$1
instanceKlass java/net/URL$2
instanceKlass jdk/internal/misc/ThreadTracker
instanceKlass java/net/URL$ThreadTrackHolder
instanceKlass javax/crypto/CryptoPolicyParser$CryptoPermissionEntry
instanceKlass javax/crypto/CryptoPolicyParser$GrantEntry
instanceKlass javax/crypto/CryptoPolicyParser
instanceKlass java/nio/file/Files$1
instanceKlass sun/nio/fs/WindowsFileSystem$2
instanceKlass java/nio/file/PathMatcher
instanceKlass sun/nio/fs/Globs
instanceKlass sun/nio/fs/WindowsFileSystemProvider$1
instanceKlass javax/crypto/JceSecurity$1
instanceKlass javax/crypto/JceSecurity
instanceKlass sun/security/jca/ProviderList$ServiceList$1
instanceKlass sun/security/jca/ServiceId
instanceKlass javax/crypto/Cipher$Transform
instanceKlass javax/crypto/Cipher
instanceKlass sun/security/ssl/SSLCipher$StreamWriteCipherGenerator
instanceKlass sun/security/ssl/SSLCipher$StreamReadCipherGenerator
instanceKlass sun/security/ssl/SSLCipher$NullWriteCipherGenerator
instanceKlass sun/security/ssl/SSLCipher$WriteCipherGenerator
instanceKlass sun/security/ssl/SSLCipher$NullReadCipherGenerator
instanceKlass sun/security/ssl/SSLCipher$ReadCipherGenerator
instanceKlass java/time/zone/ZoneOffsetTransition
instanceKlass sun/security/util/DisabledAlgorithmConstraints$Constraints$Holder
instanceKlass sun/security/util/DisabledAlgorithmConstraints$Constraint
instanceKlass sun/security/util/DisabledAlgorithmConstraints$Constraints
instanceKlass sun/security/util/AbstractAlgorithmConstraints$1
instanceKlass sun/security/util/AlgorithmDecomposer
instanceKlass sun/security/util/AbstractAlgorithmConstraints
instanceKlass sun/security/ssl/SSLAlgorithmConstraints
instanceKlass sun/security/ssl/SSLLogger
instanceKlass javax/net/ssl/SSLContextSpi
instanceKlass javax/net/ssl/SSLContext
instanceKlass java/security/cert/CertPathParameters
instanceKlass com/mysql/cj/protocol/ExportControlled$X509TrustManagerWrapper
instanceKlass javax/net/ssl/X509TrustManager
instanceKlass javax/net/ssl/KeyManagerFactorySpi
instanceKlass  @bci javax/net/ssl/KeyManagerFactory getDefaultAlgorithm ()Ljava/lang/String; 0 <appendix> argL0 ; # javax/net/ssl/KeyManagerFactory$$Lambda+0x000001b93336db78
instanceKlass javax/net/ssl/KeyManagerFactory
instanceKlass  @bci sun/security/ssl/SunJSSE registerAlgorithms ()V 1 <appendix> member <vmtarget> ; # sun/security/ssl/SunJSSE$$Lambda+0x000001b93336d310
instanceKlass java/security/spec/ECFieldF2m
instanceKlass sun/security/util/ObjectIdentifier
instanceKlass sun/security/util/ByteArrayTagOrder
instanceKlass sun/security/util/ByteArrayLexOrder
instanceKlass sun/security/util/DerEncoder
instanceKlass java/security/spec/ECParameterSpec
instanceKlass java/security/spec/AlgorithmParameterSpec
instanceKlass java/security/spec/ECPoint
instanceKlass java/security/spec/EllipticCurve
instanceKlass java/security/spec/ECFieldFp
instanceKlass java/security/spec/ECField
instanceKlass sun/security/util/CurveDB
instanceKlass sun/security/ec/SunEC$1
instanceKlass com/sun/security/sasl/gsskerb/JdkSASL$1
instanceKlass sun/security/jca/ProviderConfig$ProviderLoader
instanceKlass sun/security/jca/ProviderConfig$3
instanceKlass sun/security/rsa/SunRsaSignEntries
instanceKlass javax/net/ssl/TrustManagerFactorySpi
instanceKlass  @bci javax/net/ssl/TrustManagerFactory getDefaultAlgorithm ()Ljava/lang/String; 0 <appendix> argL0 ; # javax/net/ssl/TrustManagerFactory$$Lambda+0x000001b933369c48
instanceKlass javax/net/ssl/TrustManagerFactory
instanceKlass com/mysql/cj/protocol/ExportControlled$KeyStoreConf
instanceKlass com/mysql/cj/protocol/a/NativeUtils
instanceKlass com/mysql/cj/protocol/a/PacketSplitter
instanceKlass com/mysql/cj/Collation
instanceKlass sun/nio/cs/ArrayEncoder
instanceKlass sun/nio/cs/ArrayDecoder
instanceKlass sun/nio/cs/DelegatableDecoder
instanceKlass java/nio/charset/Charset$ExtendedProviderHolder$1
instanceKlass java/nio/charset/Charset$ExtendedProviderHolder
instanceKlass com/mysql/cj/MysqlCharset
instanceKlass com/mysql/cj/CharsetMapping
instanceKlass  @bci com/mysql/cj/protocol/ExportControlled <clinit> ()V 152 <appendix> argL0 ; # com/mysql/cj/protocol/ExportControlled$$Lambda+0x000001b933494800
instanceKlass  @bci com/mysql/cj/protocol/ExportControlled <clinit> ()V 128 <appendix> argL0 ; # com/mysql/cj/protocol/ExportControlled$$Lambda+0x000001b9334945e0
instanceKlass  @bci com/mysql/cj/protocol/ExportControlled <clinit> ()V 104 <appendix> argL0 ; # com/mysql/cj/protocol/ExportControlled$$Lambda+0x000001b9334943c0
instanceKlass  @bci com/mysql/cj/protocol/ExportControlled <clinit> ()V 80 <appendix> argL0 ; # com/mysql/cj/protocol/ExportControlled$$Lambda+0x000001b9334941a0
instanceKlass javax/net/ssl/TrustManager
instanceKlass java/security/spec/KeySpec
instanceKlass java/security/Key
instanceKlass com/mysql/cj/protocol/ExportControlled
instanceKlass com/mysql/cj/ServerVersion
instanceKlass com/mysql/cj/protocol/a/NativePacketPayload$1
instanceKlass com/mysql/cj/protocol/a/NativeCapabilities
instanceKlass com/mysql/cj/protocol/a/NativePacketHeader
instanceKlass com/mysql/cj/protocol/a/NativeServerSession
instanceKlass com/mysql/cj/protocol/a/BinaryResultsetReader
instanceKlass com/mysql/cj/protocol/a/TextResultsetReader
instanceKlass com/mysql/cj/protocol/a/ResultsetRowReader
instanceKlass com/mysql/cj/protocol/ResultsetRow
instanceKlass com/mysql/cj/protocol/a/ColumnDefinitionReader
instanceKlass com/mysql/cj/protocol/ProtocolEntityReader
instanceKlass  @bci com/mysql/cj/protocol/a/NativeAuthenticationProvider <init> ()V 26 <appendix> member <vmtarget> ; # com/mysql/cj/protocol/a/NativeAuthenticationProvider$$Lambda+0x000001b933491058
instanceKlass com/mysql/cj/callback/MysqlCallback
instanceKlass com/mysql/cj/callback/MysqlCallbackHandler
instanceKlass com/mysql/cj/protocol/a/NativeAuthenticationProvider
instanceKlass com/mysql/cj/protocol/a/SimplePacketReader
instanceKlass com/mysql/cj/protocol/a/SimplePacketSender
instanceKlass com/mysql/cj/protocol/a/NativePacketPayload
instanceKlass com/mysql/cj/log/BaseMetricsHolder
instanceKlass com/mysql/cj/protocol/AbstractProtocol$2
instanceKlass com/mysql/cj/protocol/AbstractProtocol$1
instanceKlass com/mysql/cj/protocol/MessageHeader
instanceKlass com/mysql/cj/protocol/ServerCapabilities
instanceKlass com/mysql/cj/protocol/AuthenticationProvider
instanceKlass com/mysql/cj/protocol/ServerSession
instanceKlass com/mysql/cj/protocol/MessageReader
instanceKlass com/mysql/cj/protocol/MessageSender
instanceKlass com/mysql/cj/protocol/PacketReceivedTimeHolder
instanceKlass com/mysql/cj/protocol/AbstractProtocol
instanceKlass com/mysql/cj/protocol/Protocol$ProtocolEventHandler
instanceKlass com/mysql/cj/conf/RuntimeProperty$RuntimePropertyListener
instanceKlass sun/net/NetHooks
instanceKlass sun/net/spi/DefaultProxySelector$3
instanceKlass sun/net/spi/DefaultProxySelector$NonProxyInfo
instanceKlass sun/net/NetProperties$1
instanceKlass sun/net/NetProperties
instanceKlass sun/net/spi/DefaultProxySelector$1
instanceKlass java/net/Proxy
instanceKlass java/net/ProxySelector
instanceKlass java/net/SocksSocketImpl$3
instanceKlass java/net/InetSocketAddress$InetSocketAddressHolder
instanceKlass sun/nio/ch/ExtendedSocketOption$1
instanceKlass sun/nio/ch/ExtendedSocketOption
instanceKlass sun/nio/ch/OptionKey
instanceKlass sun/nio/ch/SocketOptionRegistry$LazyInitialization
instanceKlass sun/nio/ch/SocketOptionRegistry$RegistryKey
instanceKlass sun/nio/ch/SocketOptionRegistry
instanceKlass java/net/StandardSocketOptions$StdSocketOption
instanceKlass java/net/StandardSocketOptions
instanceKlass  @bci sun/nio/ch/NioSocketImpl closerFor (Ljava/io/FileDescriptor;Z)Ljava/lang/Runnable; 5 <appendix> member <vmtarget> ; # sun/nio/ch/NioSocketImpl$$Lambda+0x000001b9333605e0
instanceKlass jdk/net/ExtendedSocketOptions$2
instanceKlass jdk/net/ExtendedSocketOptions$PlatformSocketOptions
instanceKlass jdk/net/ExtendedSocketOptions$ExtSocketOption
instanceKlass jdk/net/ExtendedSocketOptions
instanceKlass sun/net/ext/ExtendedSocketOptions
instanceKlass sun/nio/ch/Net$1
instanceKlass sun/nio/ch/Net
instanceKlass java/net/SocksConsts
instanceKlass sun/net/PlatformSocketImpl
instanceKlass java/net/SocketImpl
instanceKlass java/net/SocketOptions
instanceKlass com/mysql/cj/protocol/StandardSocketFactory
instanceKlass com/mysql/cj/protocol/PacketSentTimeHolder
instanceKlass com/mysql/cj/protocol/SocketFactory
instanceKlass com/mysql/cj/protocol/SocketMetadata
instanceKlass com/mysql/cj/protocol/AbstractSocketConnection
instanceKlass  @bci com/mysql/cj/jdbc/ConnectionImpl initializeSafeQueryInterceptors ()V 33 <appendix> member <vmtarget> ; # com/mysql/cj/jdbc/ConnectionImpl$$Lambda+0x000001b93348b298
instanceKlass com/mysql/cj/NoSubInterceptorWrapper
instanceKlass com/mysql/cj/interceptors/QueryInterceptor
instanceKlass java/util/LinkedList$LLSpliterator
instanceKlass com/mysql/cj/jdbc/DatabaseMetaData$IteratorWithCleanup
instanceKlass com/mysql/cj/result/Row
instanceKlass com/mysql/cj/protocol/ResultsetRows
instanceKlass com/mysql/cj/result/RowList
instanceKlass com/mysql/cj/jdbc/DatabaseMetaData
instanceKlass com/mysql/cj/protocol/a/NativeMessageBuilder
instanceKlass com/mysql/cj/MessageBuilder
instanceKlass com/mysql/cj/log/LogFactory
instanceKlass com/mysql/cj/log/NullLogger
instanceKlass com/mysql/cj/protocol/Message
instanceKlass com/mysql/cj/result/ValueFactory
instanceKlass com/mysql/cj/protocol/Protocol
instanceKlass com/mysql/cj/protocol/SocketConnection
instanceKlass com/mysql/cj/DataStoreMetadata
instanceKlass com/mysql/cj/CoreSession
instanceKlass com/mysql/cj/protocol/a/result/NativeResultset
instanceKlass com/mysql/cj/WarningListener
instanceKlass com/mysql/cj/jdbc/result/ResultSetInternalMethods
instanceKlass com/mysql/cj/protocol/Resultset
instanceKlass com/mysql/cj/protocol/ResultsetRowsOwner
instanceKlass java/sql/ResultSet
instanceKlass com/mysql/cj/jdbc/result/ResultSetFactory
instanceKlass com/mysql/cj/conf/AbstractRuntimeProperty
instanceKlass com/mysql/cj/PerConnectionLRUFactory
instanceKlass com/mysql/cj/util/PerVmServerConfigCacheFactory
instanceKlass com/mysql/cj/CacheAdapterFactory
instanceKlass com/mysql/cj/conf/AbstractPropertyDefinition
instanceKlass com/mysql/cj/conf/PropertyDefinitions
instanceKlass com/mysql/cj/conf/RuntimeProperty
instanceKlass com/mysql/cj/conf/PropertyDefinition
instanceKlass com/mysql/cj/conf/DefaultPropertySet
instanceKlass  @bci com/mysql/cj/conf/HostInfo exposeAsProperties ()Ljava/util/Properties; 23 <appendix> member <vmtarget> ; # com/mysql/cj/conf/HostInfo$$Lambda+0x000001b93347b730
instanceKlass com/mysql/cj/log/StandardLogger
instanceKlass com/mysql/cj/log/Log
instanceKlass com/mysql/cj/jdbc/result/CachedResultSetMetaData
instanceKlass com/mysql/cj/protocol/ColumnDefinition
instanceKlass com/mysql/cj/protocol/ProtocolEntity
instanceKlass java/sql/DatabaseMetaData
instanceKlass java/sql/CallableStatement
instanceKlass java/sql/SQLXML
instanceKlass java/sql/Savepoint
instanceKlass com/mysql/cj/jdbc/StatementImpl
instanceKlass com/mysql/cj/jdbc/JdbcPreparedStatement
instanceKlass com/mysql/cj/jdbc/JdbcStatement
instanceKlass com/mysql/cj/Query
instanceKlass com/mysql/cj/Session
instanceKlass com/mysql/cj/protocol/ProtocolEntityFactory
instanceKlass com/mysql/cj/jdbc/IterateBlock
instanceKlass com/mysql/cj/exceptions/ExceptionInterceptor
instanceKlass com/mysql/cj/jdbc/ConnectionImpl
instanceKlass com/mysql/cj/Session$SessionEventListener
instanceKlass com/mysql/cj/jdbc/JdbcConnection
instanceKlass com/mysql/cj/TransactionEventHandler
instanceKlass com/mysql/cj/MysqlConnection
instanceKlass com/mysql/cj/jdbc/NonRegisteringDriver$1
instanceKlass  @bci com/mysql/cj/conf/ConnectionUrl fixHostInfo (Lcom/mysql/cj/conf/HostInfo;)Lcom/mysql/cj/conf/HostInfo; 33 <appendix> member <vmtarget> ; # com/mysql/cj/conf/ConnectionUrl$$Lambda+0x000001b933473d30
instanceKlass  @bci com/mysql/cj/conf/ConnectionUrl collectHostsInfo (Lcom/mysql/cj/conf/ConnectionUrlParser;)V 29 <appendix> member <vmtarget> ; # com/mysql/cj/conf/ConnectionUrl$$Lambda+0x000001b933473b08
instanceKlass  @bci com/mysql/cj/conf/ConnectionUrl collectHostsInfo (Lcom/mysql/cj/conf/ConnectionUrlParser;)V 10 <appendix> member <vmtarget> ; # com/mysql/cj/conf/ConnectionUrl$$Lambda+0x000001b9334738d0
instanceKlass  @bci com/mysql/cj/conf/ConnectionUrl collectProperties (Lcom/mysql/cj/conf/ConnectionUrlParser;Ljava/util/Properties;)V 40 <appendix> member <vmtarget> ; # com/mysql/cj/conf/ConnectionUrl$$Lambda+0x000001b9334736a8
instanceKlass  @bci java/util/Collections$UnmodifiableMap$UnmodifiableEntrySet entryConsumer (Ljava/util/function/Consumer;)Ljava/util/function/Consumer; 1 <appendix> member <vmtarget> ; # java/util/Collections$UnmodifiableMap$UnmodifiableEntrySet$$Lambda+0x000001b93335cb00
instanceKlass  @bci com/mysql/cj/conf/ConnectionUrl collectProperties (Lcom/mysql/cj/conf/ConnectionUrlParser;Ljava/util/Properties;)V 15 <appendix> member <vmtarget> ; # com/mysql/cj/conf/ConnectionUrl$$Lambda+0x000001b933473480
instanceKlass java/util/Collections$UnmodifiableMap$UnmodifiableEntrySet$UnmodifiableEntrySetSpliterator
instanceKlass java/math/MathContext
instanceKlass jdk/internal/math/MathUtils
instanceKlass jdk/internal/math/DoubleToDecimal
instanceKlass com/mysql/cj/Messages
instanceKlass com/mysql/cj/Constants
instanceKlass com/mysql/cj/util/Util
instanceKlass com/mysql/cj/conf/HostInfo
instanceKlass com/mysql/cj/conf/ConnectionUrlParser$Pair
instanceKlass  @bci com/mysql/cj/conf/ConnectionUrl buildConnectionStringCacheKey (Ljava/lang/String;Ljava/util/Properties;)Ljava/lang/String; 35 <appendix> member <vmtarget> ; # com/mysql/cj/conf/ConnectionUrl$$Lambda+0x000001b933472508
instanceKlass com/zaxxer/hikari/util/FastList
instanceKlass java/util/concurrent/atomic/AtomicIntegerFieldUpdater$AtomicIntegerFieldUpdaterImpl$1
instanceKlass java/util/concurrent/atomic/AtomicIntegerFieldUpdater
instanceKlass com/zaxxer/hikari/pool/PoolEntry
instanceKlass com/zaxxer/hikari/util/ClockSource$NanosecondClockSource
instanceKlass com/zaxxer/hikari/util/ClockSource$Factory
instanceKlass com/zaxxer/hikari/util/ClockSource
instanceKlass java/util/concurrent/ThreadPoolExecutor$DiscardPolicy
instanceKlass com/zaxxer/hikari/util/UtilityElf$DefaultThreadFactory
instanceKlass  @bci com/zaxxer/hikari/pool/HikariPool initializeHouseKeepingExecutorService ()Ljava/util/concurrent/ScheduledExecutorService; 21 <appendix> member <vmtarget> ; # com/zaxxer/hikari/pool/HikariPool$$Lambda+0x000001b933471318
instanceKlass com/zaxxer/hikari/util/SuspendResumeLock
instanceKlass  @bci com/zaxxer/hikari/util/ConcurrentBag <init> (Lcom/zaxxer/hikari/util/ConcurrentBag$IBagStateListener;)V 74 <appendix> argL0 ; # com/zaxxer/hikari/util/ConcurrentBag$$Lambda+0x000001b933470cc8
instanceKlass java/util/concurrent/LinkedTransferQueue$DualNode
instanceKlass java/util/concurrent/TransferQueue
instanceKlass com/zaxxer/hikari/util/ConcurrentBag
instanceKlass com/zaxxer/hikari/pool/HikariPool$PoolEntryCreator
instanceKlass com/zaxxer/hikari/pool/PoolBase$SynchronousExecutor
instanceKlass java/net/URLDecoder
instanceKlass com/mysql/cj/util/StringUtils
instanceKlass com/mysql/cj/conf/ConnectionUrlParser
instanceKlass com/mysql/cj/conf/ConnectionUrl
instanceKlass com/mysql/cj/conf/DatabaseUrlContainer
instanceKlass java/sql/DriverManager$2
instanceKlass java/sql/DriverManager$1
instanceKlass com/zaxxer/hikari/util/DriverDataSource
instanceKlass com/zaxxer/hikari/SQLExceptionOverride
instanceKlass com/zaxxer/hikari/pool/PoolBase$IMetricsTrackerDelegate
instanceKlass com/zaxxer/hikari/metrics/PoolStats
instanceKlass com/zaxxer/hikari/util/ConcurrentBag$IConcurrentBagEntry
instanceKlass com/zaxxer/hikari/util/UtilityElf
instanceKlass org/hibernate/engine/jdbc/env/internal/JdbcEnvironmentInitiator$ConnectionProviderJdbcConnectionAccess
instanceKlass javax/naming/event/NamespaceChangeListener
instanceKlass javax/naming/event/NamingListener
instanceKlass org/hibernate/engine/jndi/internal/JndiServiceImpl
instanceKlass org/hibernate/engine/jdbc/dialect/spi/DialectResolutionInfo
instanceKlass org/hibernate/engine/jdbc/dialect/internal/StandardDialectResolver
instanceKlass org/hibernate/engine/jdbc/dialect/internal/DialectResolverSet
instanceKlass org/hibernate/engine/jdbc/dialect/internal/DialectFactoryImpl
instanceKlass org/hibernate/id/enhanced/TableGenerator
instanceKlass org/hibernate/id/ForeignGenerator
instanceKlass org/hibernate/id/IncrementGenerator
instanceKlass org/hibernate/id/SequenceGenerator
instanceKlass org/hibernate/id/enhanced/SequenceStyleGenerator
instanceKlass org/hibernate/id/PersistentIdentifierGenerator
instanceKlass org/hibernate/boot/model/relational/ExportableProducer
instanceKlass org/hibernate/id/AbstractPostInsertGenerator
instanceKlass org/hibernate/id/BulkInsertionCapableIdentifierGenerator
instanceKlass org/hibernate/id/PostInsertIdentifierGenerator
instanceKlass org/hibernate/id/Assigned
instanceKlass org/hibernate/id/AbstractUUIDGenerator
instanceKlass org/hibernate/id/GUIDGenerator
instanceKlass org/hibernate/id/UUIDGenerator
instanceKlass org/hibernate/id/Configurable
instanceKlass org/hibernate/id/IdentifierGenerator
instanceKlass org/hibernate/id/factory/internal/DefaultIdentifierGeneratorFactory
instanceKlass  @bci org/hibernate/boot/model/convert/internal/AttributeConverterManager <clinit> ()V 8 <appendix> argL0 ; # org/hibernate/boot/model/convert/internal/AttributeConverterManager$$Lambda+0x000001b933467980
instanceKlass org/hibernate/internal/util/StringHelper$Renderer
instanceKlass org/hibernate/boot/model/convert/internal/AttributeConverterManager
instanceKlass org/hibernate/mapping/Table
instanceKlass org/hibernate/boot/model/relational/Exportable
instanceKlass org/hibernate/mapping/RelationalModel
instanceKlass org/hibernate/boot/spi/InFlightMetadataCollector$EntityTableXref
instanceKlass org/hibernate/boot/model/naming/ImplicitIndexNameSource
instanceKlass org/hibernate/boot/model/naming/ImplicitUniqueKeyNameSource
instanceKlass org/hibernate/boot/model/naming/ImplicitForeignKeyNameSource
instanceKlass org/hibernate/boot/model/naming/ImplicitConstraintNameSource
instanceKlass org/hibernate/boot/model/naming/ImplicitNameSource
instanceKlass org/hibernate/boot/spi/InFlightMetadataCollector$DelayedPropertyReferenceHandler
instanceKlass org/hibernate/cfg/SecondPass
instanceKlass org/hibernate/boot/model/convert/spi/ConverterAutoApplyHandler
instanceKlass org/hibernate/boot/model/convert/spi/ConverterDescriptor
instanceKlass org/hibernate/boot/internal/InFlightMetadataCollectorImpl
instanceKlass org/hibernate/boot/archive/scan/internal/StandardScanParameters
instanceKlass org/hibernate/boot/archive/scan/internal/ScanResultImpl
instanceKlass org/hibernate/boot/archive/scan/spi/ScanResult
instanceKlass  @bci javax/xml/stream/FactoryFinder newInstance (Ljava/lang/Class;Ljava/lang/String;Ljava/lang/ClassLoader;ZZ)Ljava/lang/Object; 104 <appendix> member <vmtarget> ; # javax/xml/stream/FactoryFinder$$Lambda+0x000001b933358ef0
instanceKlass  @bci javax/xml/stream/FactoryFinder find (Ljava/lang/Class;Ljava/lang/String;Ljava/lang/ClassLoader;Ljava/lang/String;)Ljava/lang/Object; 168 <appendix> member <vmtarget> ; # javax/xml/stream/FactoryFinder$$Lambda+0x000001b933358a08
instanceKlass javax/xml/stream/FactoryFinder$1
instanceKlass  @bci javax/xml/stream/FactoryFinder find (Ljava/lang/Class;Ljava/lang/String;Ljava/lang/ClassLoader;Ljava/lang/String;)Ljava/lang/Object; 1 <appendix> member <vmtarget> ; # javax/xml/stream/FactoryFinder$$Lambda+0x000001b9333585d0
instanceKlass javax/xml/stream/FactoryFinder
instanceKlass javax/xml/stream/XMLEventFactory
instanceKlass org/hibernate/boot/jaxb/internal/stax/LocalXmlResourceResolver$DtdMapping
instanceKlass org/hibernate/boot/jaxb/internal/stax/LocalSchemaLocator
instanceKlass org/hibernate/boot/jaxb/internal/stax/LocalXmlResourceResolver$NamespaceSchemaMapping
instanceKlass org/hibernate/boot/jaxb/internal/stax/LocalXmlResourceResolver
instanceKlass org/dom4j/io/STAXEventReader
instanceKlass javax/xml/stream/XMLEventReader
instanceKlass javax/xml/bind/ValidationEventHandler
instanceKlass org/hibernate/boot/jaxb/internal/AbstractBinder
instanceKlass org/hibernate/boot/spi/XmlMappingBinderAccess
instanceKlass org/hibernate/boot/archive/scan/spi/ScanParameters
instanceKlass org/hibernate/boot/archive/spi/InputStreamAccess
instanceKlass org/hibernate/boot/model/process/internal/ScanningCoordinator
instanceKlass  @bci org/hibernate/boot/model/process/internal/ManagedResourcesImpl baseline (Lorg/hibernate/boot/MetadataSources;Lorg/hibernate/boot/spi/BootstrapContext;)Lorg/hibernate/boot/model/process/internal/ManagedResourcesImpl; 20 <appendix> member <vmtarget> ; # org/hibernate/boot/model/process/internal/ManagedResourcesImpl$$Lambda+0x000001b933461a98
instanceKlass org/hibernate/boot/model/process/internal/ManagedResourcesImpl
instanceKlass org/hibernate/boot/model/source/spi/MetadataSourceProcessor
instanceKlass org/hibernate/boot/spi/MetadataBuildingContext
instanceKlass org/hibernate/boot/spi/InFlightMetadataCollector
instanceKlass org/hibernate/boot/spi/MetadataImplementor
instanceKlass org/hibernate/boot/model/process/spi/ManagedResources
instanceKlass org/hibernate/boot/model/process/spi/MetadataBuildingProcess
instanceKlass org/hibernate/jpa/boot/internal/StandardJpaScanEnvironmentImpl
instanceKlass org/hibernate/boot/spi/MetadataBuilderFactory
instanceKlass org/hibernate/boot/spi/MetadataBuilderInitializer
instanceKlass org/hibernate/boot/cfgxml/internal/CfgXmlAccessServiceImpl
instanceKlass org/hibernate/boot/spi/MetadataSourcesContributor
instanceKlass org/hibernate/type/internal/TypeConfigurationRegistry
instanceKlass org/hibernate/type/TypeResolver
instanceKlass  @bci org/hibernate/type/TypeFactory <init> (Lorg/hibernate/type/spi/TypeConfiguration;)V 11 <appendix> member <vmtarget> ; # org/hibernate/type/TypeFactory$$Lambda+0x000001b93345fb48
instanceKlass org/hibernate/type/TypeFactory$TypeScope
instanceKlass org/hibernate/type/TypeFactory
instanceKlass org/hibernate/type/spi/TypeBootstrapContext
instanceKlass org/hibernate/type/AbstractType
instanceKlass org/hibernate/type/AssociationType
instanceKlass org/hibernate/type/CompositeType
instanceKlass org/hibernate/annotations/Immutable
instanceKlass org/hibernate/type/descriptor/java/NClobTypeDescriptor$NClobMutabilityPlan
instanceKlass java/sql/NClob
instanceKlass org/hibernate/type/descriptor/java/ClobTypeDescriptor$ClobMutabilityPlan
instanceKlass java/sql/Clob
instanceKlass org/hibernate/type/descriptor/java/BlobTypeDescriptor$BlobMutabilityPlan
instanceKlass java/sql/Blob
instanceKlass java/sql/PreparedStatement
instanceKlass java/sql/Statement
instanceKlass org/hibernate/type/descriptor/java/MutableMutabilityPlan
instanceKlass java/time/temporal/TemporalQueries$7
instanceKlass java/time/temporal/TemporalQueries$6
instanceKlass java/time/temporal/TemporalQueries$5
instanceKlass java/time/temporal/TemporalQueries$4
instanceKlass java/time/temporal/TemporalQueries$3
instanceKlass java/time/temporal/TemporalQueries$2
instanceKlass java/time/temporal/TemporalQueries$1
instanceKlass java/time/temporal/TemporalQueries
instanceKlass org/hibernate/internal/util/compare/ComparableComparator
instanceKlass org/hibernate/type/descriptor/java/ImmutableMutabilityPlan
instanceKlass org/hibernate/type/descriptor/java/MutabilityPlan
instanceKlass org/hibernate/type/descriptor/java/AbstractTypeDescriptor
instanceKlass org/hibernate/type/descriptor/java/BasicJavaDescriptor
instanceKlass org/hibernate/engine/jdbc/Size
instanceKlass org/hibernate/type/descriptor/java/JavaTypeDescriptor
instanceKlass org/hibernate/type/DiscriminatorType
instanceKlass org/hibernate/type/PrimitiveType
instanceKlass org/hibernate/type/VersionType
instanceKlass org/hibernate/type/SingleColumnType
instanceKlass org/hibernate/type/LiteralType
instanceKlass org/hibernate/type/IdentifierType
instanceKlass org/hibernate/type/AbstractStandardBasicType
instanceKlass org/hibernate/type/ProcedureParameterNamedBinder
instanceKlass org/hibernate/type/ProcedureParameterExtractionAware
instanceKlass org/hibernate/type/StringRepresentableType
instanceKlass org/hibernate/type/BasicType
instanceKlass org/hibernate/type/Type
instanceKlass org/hibernate/type/BasicTypeRegistry
instanceKlass org/hibernate/type/descriptor/sql/NClobTypeDescriptor
instanceKlass org/hibernate/type/descriptor/sql/NVarcharTypeDescriptor
instanceKlass org/hibernate/type/descriptor/sql/ClobTypeDescriptor
instanceKlass org/hibernate/type/descriptor/sql/VarcharTypeDescriptor
instanceKlass org/hibernate/type/descriptor/sql/BasicBinder
instanceKlass org/hibernate/type/descriptor/sql/BlobTypeDescriptor
instanceKlass org/hibernate/type/descriptor/sql/VarbinaryTypeDescriptor
instanceKlass org/hibernate/type/descriptor/sql/TimeTypeDescriptor
instanceKlass org/hibernate/type/descriptor/sql/TimestampTypeDescriptor
instanceKlass org/hibernate/type/descriptor/sql/DateTypeDescriptor
instanceKlass org/hibernate/type/descriptor/sql/TinyIntTypeDescriptor
instanceKlass org/hibernate/type/descriptor/sql/SmallIntTypeDescriptor
instanceKlass org/hibernate/type/descriptor/sql/IntegerTypeDescriptor
instanceKlass org/hibernate/type/descriptor/sql/RealTypeDescriptor
instanceKlass org/hibernate/type/descriptor/sql/DoubleTypeDescriptor
instanceKlass org/hibernate/type/descriptor/sql/DecimalTypeDescriptor
instanceKlass org/hibernate/type/descriptor/sql/BigIntTypeDescriptor
instanceKlass org/hibernate/type/descriptor/sql/BitTypeDescriptor
instanceKlass org/hibernate/type/descriptor/ValueExtractor
instanceKlass org/hibernate/type/descriptor/ValueBinder
instanceKlass org/hibernate/type/descriptor/sql/BooleanTypeDescriptor
instanceKlass org/hibernate/type/descriptor/sql/SqlTypeDescriptor
instanceKlass org/hibernate/type/descriptor/sql/SqlTypeDescriptorRegistry
instanceKlass org/hibernate/type/descriptor/java/spi/JavaTypeDescriptorRegistry
instanceKlass java/util/UUID$Holder
instanceKlass org/hibernate/id/uuid/LocalObjectUuidHelper
instanceKlass org/hibernate/type/spi/TypeConfiguration$Scope
instanceKlass org/hibernate/metamodel/spi/MetamodelImplementor
instanceKlass org/hibernate/Metamodel
instanceKlass javax/persistence/metamodel/Metamodel
instanceKlass org/hibernate/type/spi/TypeConfiguration
instanceKlass org/hibernate/SessionFactoryObserver
instanceKlass org/hibernate/boot/archive/spi/ArchiveDescriptorFactory
instanceKlass org/hibernate/boot/archive/scan/internal/StandardScanOptions
instanceKlass org/hibernate/jpa/internal/MutableJpaComplianceImpl
instanceKlass org/hibernate/cfg/annotations/reflection/XMLContext
instanceKlass org/hibernate/annotations/common/reflection/java/JavaMetadataProvider
instanceKlass org/hibernate/annotations/common/reflection/AnnotationReader
instanceKlass org/hibernate/cfg/annotations/reflection/JPAMetadataProvider
instanceKlass  @bci org/hibernate/annotations/common/reflection/java/JavaReflectionManager <init> ()V 63 <appendix> member <vmtarget> ; # org/hibernate/annotations/common/reflection/java/JavaReflectionManager$$Lambda+0x000001b933423240
instanceKlass org/hibernate/annotations/common/reflection/XMethod
instanceKlass  @bci org/hibernate/annotations/common/reflection/java/JavaReflectionManager <init> ()V 46 <appendix> member <vmtarget> ; # org/hibernate/annotations/common/reflection/java/JavaReflectionManager$$Lambda+0x000001b933422ad0
instanceKlass org/hibernate/annotations/common/reflection/XProperty
instanceKlass org/hibernate/annotations/common/reflection/XMember
instanceKlass  @bci org/hibernate/annotations/common/reflection/java/JavaReflectionManager <init> ()V 29 <appendix> member <vmtarget> ; # org/hibernate/annotations/common/reflection/java/JavaReflectionManager$$Lambda+0x000001b933421e18
instanceKlass org/hibernate/annotations/common/reflection/java/JavaXAnnotatedElement
instanceKlass org/hibernate/annotations/common/reflection/XClass
instanceKlass org/hibernate/annotations/common/reflection/java/generics/TypeEnvironment
instanceKlass org/hibernate/annotations/common/reflection/java/XTypeConstruction
instanceKlass org/hibernate/annotations/common/reflection/java/TypeEnvironmentMap
instanceKlass org/hibernate/annotations/common/util/StandardClassLoaderDelegateImpl
instanceKlass org/hibernate/annotations/common/util/impl/Log
instanceKlass org/hibernate/annotations/common/util/impl/LoggerFactory
instanceKlass org/hibernate/annotations/common/Version
instanceKlass org/hibernate/annotations/common/reflection/java/JavaXType
instanceKlass org/hibernate/annotations/common/reflection/XPackage
instanceKlass org/hibernate/annotations/common/reflection/XAnnotatedElement
instanceKlass org/hibernate/annotations/common/reflection/ClassLoaderDelegate
instanceKlass org/hibernate/annotations/common/reflection/java/JavaReflectionManager
instanceKlass org/hibernate/annotations/common/reflection/MetadataProviderInjector
instanceKlass org/hibernate/boot/internal/ClassLoaderAccessImpl
instanceKlass com/fasterxml/classmate/MemberResolver
instanceKlass com/fasterxml/classmate/util/ResolvedTypeCache
instanceKlass com/fasterxml/classmate/util/ClassKey
instanceKlass com/fasterxml/classmate/TypeBindings
instanceKlass com/fasterxml/classmate/members/RawMember
instanceKlass com/fasterxml/classmate/ResolvedType
instanceKlass com/fasterxml/classmate/TypeResolver
instanceKlass org/hibernate/boot/internal/ClassmateContext
instanceKlass org/hibernate/annotations/common/reflection/ReflectionManager
instanceKlass org/hibernate/boot/spi/ClassLoaderAccess
instanceKlass org/hibernate/annotations/common/reflection/MetadataProvider
instanceKlass org/hibernate/jpa/spi/MutableJpaCompliance
instanceKlass org/hibernate/jpa/spi/JpaCompliance
instanceKlass org/hibernate/boot/internal/BootstrapContextImpl
instanceKlass  @bci org/hibernate/boot/registry/selector/internal/StrategySelectorImpl resolveDefaultableStrategy (Ljava/lang/Class;Ljava/lang/Object;Ljava/lang/Object;)Ljava/lang/Object; 4 <appendix> member <vmtarget> ; # org/hibernate/boot/registry/selector/internal/StrategySelectorImpl$$Lambda+0x000001b933419250
instanceKlass org/hibernate/boot/model/naming/PhysicalNamingStrategyStandardImpl
instanceKlass org/hibernate/boot/internal/MetadataBuilderImpl$MetadataBuildingOptionsImpl$3
instanceKlass org/hibernate/cache/spi/QueryResultsRegion
instanceKlass org/hibernate/cache/spi/DomainDataRegion
instanceKlass org/hibernate/cache/cfg/spi/DomainDataRegionBuildingContext
instanceKlass org/hibernate/cache/cfg/spi/DomainDataRegionConfig
instanceKlass org/hibernate/cache/spi/TimestampsRegion
instanceKlass org/hibernate/cache/spi/DirectAccessRegion
instanceKlass org/hibernate/cache/spi/Region
instanceKlass org/hibernate/engine/spi/SessionFactoryImplementor
instanceKlass org/hibernate/query/spi/QueryParameterBindingTypeResolver
instanceKlass org/hibernate/boot/spi/SessionFactoryOptions
instanceKlass org/hibernate/cache/spi/CacheTransactionSynchronization
instanceKlass org/hibernate/cache/internal/NoCachingRegionFactory
instanceKlass  @bci org/hibernate/boot/registry/selector/internal/StrategySelectorImpl resolveStrategy (Ljava/lang/Class;Ljava/lang/Object;Ljava/lang/Object;Lorg/hibernate/boot/registry/selector/spi/StrategyCreator;)Ljava/lang/Object; 4 <appendix> member <vmtarget> ; # org/hibernate/boot/registry/selector/internal/StrategySelectorImpl$$Lambda+0x000001b933416938
instanceKlass org/hibernate/cache/internal/StrategyCreatorRegionFactoryImpl
instanceKlass org/hibernate/boot/internal/MetadataBuilderImpl$MetadataBuildingOptionsImpl$2
instanceKlass org/hibernate/boot/internal/MetadataBuilderImpl$MetadataBuildingOptionsImpl$1
instanceKlass org/hibernate/boot/internal/MetadataBuilderImpl$MappingDefaultsImpl$1
instanceKlass org/hibernate/engine/config/spi/StandardConverters$2
instanceKlass org/hibernate/engine/config/spi/StandardConverters$1
instanceKlass org/hibernate/engine/config/spi/StandardConverters
instanceKlass org/hibernate/boot/internal/MetadataBuilderImpl$MappingDefaultsImpl
instanceKlass org/hibernate/service/spi/Manageable
instanceKlass org/hibernate/service/spi/Startable
instanceKlass org/hibernate/service/spi/InjectService
instanceKlass org/hibernate/engine/config/internal/ConfigurationServiceImpl
instanceKlass org/hibernate/boot/internal/IdGeneratorInterpreterImpl$FallbackInterpreter
instanceKlass org/hibernate/boot/internal/IdGeneratorInterpreterImpl
instanceKlass org/hibernate/boot/spi/MappingDefaults
instanceKlass org/hibernate/boot/model/IdGeneratorStrategyInterpreter
instanceKlass org/hibernate/engine/config/spi/ConfigurationService$Converter
instanceKlass org/hibernate/boot/internal/MetadataBuilderImpl$MetadataBuildingOptionsImpl
instanceKlass org/hibernate/boot/spi/JpaOrmXmlPersistenceUnitDefaultAware
instanceKlass org/hibernate/boot/AttributeConverterInfo
instanceKlass org/hibernate/boot/spi/BootstrapContext
instanceKlass org/hibernate/boot/spi/MetadataBuildingOptions
instanceKlass org/hibernate/boot/internal/MetadataBuilderImpl
instanceKlass org/hibernate/boot/model/TypeContributions
instanceKlass org/hibernate/boot/spi/MetadataBuilderImplementor
instanceKlass org/hibernate/boot/jaxb/spi/Binder
instanceKlass org/hibernate/boot/MetadataSources
instanceKlass org/hibernate/service/spi/SessionFactoryServiceRegistryFactory
instanceKlass org/hibernate/hql/spi/QueryTranslatorFactory
instanceKlass org/hibernate/internal/util/collections/CollectionHelper
instanceKlass org/hibernate/service/internal/AbstractServiceRegistryImpl
instanceKlass org/hibernate/service/spi/ServiceContributor
instanceKlass org/hibernate/service/internal/ProvidedService
instanceKlass org/hibernate/secure/internal/DisabledJaccServiceImpl
instanceKlass  @bci org/hibernate/jpa/boot/internal/EntityManagerFactoryBuilderImpl normalizeConnectionAccessUserAndPass (Ljava/util/HashMap;Lorg/hibernate/jpa/boot/internal/EntityManagerFactoryBuilderImpl$MergedSettings;)V 78 <appendix> member <vmtarget> ; # org/hibernate/jpa/boot/internal/EntityManagerFactoryBuilderImpl$$Lambda+0x000001b933410840
instanceKlass  @bci org/hibernate/jpa/boot/internal/EntityManagerFactoryBuilderImpl normalizeConnectionAccessUserAndPass (Ljava/util/HashMap;Lorg/hibernate/jpa/boot/internal/EntityManagerFactoryBuilderImpl$MergedSettings;)V 69 <appendix> member <vmtarget> ; # org/hibernate/jpa/boot/internal/EntityManagerFactoryBuilderImpl$$Lambda+0x000001b933410628
instanceKlass  @bci org/hibernate/jpa/boot/internal/EntityManagerFactoryBuilderImpl normalizeConnectionAccessUserAndPass (Ljava/util/HashMap;Lorg/hibernate/jpa/boot/internal/EntityManagerFactoryBuilderImpl$MergedSettings;)V 60 <appendix> member <vmtarget> ; # org/hibernate/jpa/boot/internal/EntityManagerFactoryBuilderImpl$$Lambda+0x000001b933410410
instanceKlass  @bci org/hibernate/jpa/boot/internal/EntityManagerFactoryBuilderImpl normalizeConnectionAccessUserAndPass (Ljava/util/HashMap;Lorg/hibernate/jpa/boot/internal/EntityManagerFactoryBuilderImpl$MergedSettings;)V 51 <appendix> member <vmtarget> ; # org/hibernate/jpa/boot/internal/EntityManagerFactoryBuilderImpl$$Lambda+0x000001b9334101f8
instanceKlass org/hibernate/internal/util/NullnessHelper
instanceKlass  @bci org/hibernate/jpa/boot/internal/EntityManagerFactoryBuilderImpl normalizeConnectionAccessUserAndPass (Ljava/util/HashMap;Lorg/hibernate/jpa/boot/internal/EntityManagerFactoryBuilderImpl$MergedSettings;)V 34 <appendix> member <vmtarget> ; # org/hibernate/jpa/boot/internal/EntityManagerFactoryBuilderImpl$$Lambda+0x000001b93340c400
instanceKlass  @bci org/hibernate/jpa/boot/internal/EntityManagerFactoryBuilderImpl normalizeConnectionAccessUserAndPass (Ljava/util/HashMap;Lorg/hibernate/jpa/boot/internal/EntityManagerFactoryBuilderImpl$MergedSettings;)V 25 <appendix> member <vmtarget> ; # org/hibernate/jpa/boot/internal/EntityManagerFactoryBuilderImpl$$Lambda+0x000001b93340cc30
instanceKlass  @bci org/hibernate/jpa/boot/internal/EntityManagerFactoryBuilderImpl normalizeConnectionAccessUserAndPass (Ljava/util/HashMap;Lorg/hibernate/jpa/boot/internal/EntityManagerFactoryBuilderImpl$MergedSettings;)V 16 <appendix> member <vmtarget> ; # org/hibernate/jpa/boot/internal/EntityManagerFactoryBuilderImpl$$Lambda+0x000001b93340ca18
instanceKlass  @bci org/hibernate/jpa/boot/internal/EntityManagerFactoryBuilderImpl normalizeConnectionAccessUserAndPass (Ljava/util/HashMap;Lorg/hibernate/jpa/boot/internal/EntityManagerFactoryBuilderImpl$MergedSettings;)V 7 <appendix> member <vmtarget> ; # org/hibernate/jpa/boot/internal/EntityManagerFactoryBuilderImpl$$Lambda+0x000001b93340c800
instanceKlass org/hibernate/internal/util/StringHelper
instanceKlass org/hibernate/proxy/pojo/bytebuddy/ByteBuddyProxyHelper
instanceKlass net/bytebuddy/implementation/FieldAccessor$FieldLocation$Prepared
instanceKlass net/bytebuddy/implementation/FieldAccessor$FieldLocation$Relative
instanceKlass net/bytebuddy/implementation/FieldAccessor$FieldNameExtractor$ForFixedValue
instanceKlass net/bytebuddy/implementation/FieldAccessor$OwnerTypeLocatable
instanceKlass net/bytebuddy/implementation/FieldAccessor$AssignerConfigurable
instanceKlass net/bytebuddy/implementation/FieldAccessor$PropertyConfigurable
instanceKlass net/bytebuddy/implementation/FieldAccessor$FieldLocation
instanceKlass net/bytebuddy/implementation/FieldAccessor$FieldNameExtractor
instanceKlass net/bytebuddy/implementation/FieldAccessor
instanceKlass org/hibernate/bytecode/internal/bytebuddy/ByteBuddyState$ProxyDefinitionHelpers$2
instanceKlass net/bytebuddy/implementation/bytecode/assign/primitive/PrimitiveTypeAwareAssigner
instanceKlass net/bytebuddy/implementation/bytecode/assign/primitive/VoidAwareAssigner
instanceKlass net/bytebuddy/implementation/bytecode/assign/Assigner
instanceKlass net/bytebuddy/implementation/bind/MethodDelegationBinder$MethodBinding
instanceKlass net/bytebuddy/implementation/bind/annotation/TargetMethodAnnotationDrivenBinder$Record
instanceKlass net/bytebuddy/implementation/bind/annotation/TargetMethodAnnotationDrivenBinder$DelegationProcessor$Handler$Bound
# instanceKlass java/lang/invoke/LambdaForm$MH+0x000001b93340c000
instanceKlass net/bytebuddy/implementation/bind/annotation/RuntimeType$Verifier
instanceKlass net/bytebuddy/description/method/ParameterDescription$ForLoadedParameter$Dispatcher$ForJava8CapableVm
instanceKlass net/bytebuddy/description/method/ParameterDescription$ForLoadedParameter$Dispatcher
instanceKlass net/bytebuddy/description/method/ParameterDescription$InDefinedShape
instanceKlass net/bytebuddy/description/method/ParameterDescription
instanceKlass net/bytebuddy/description/NamedElement$WithOptionalName
instanceKlass net/bytebuddy/description/method/ParameterList$ForLoadedExecutable$Dispatcher$ForJava8CapableVm
instanceKlass net/bytebuddy/description/method/ParameterList$ForLoadedExecutable$Dispatcher
instanceKlass net/bytebuddy/description/method/ParameterList
instanceKlass net/bytebuddy/description/type/TypeDescription$Generic$Visitor$ForRawType
instanceKlass net/bytebuddy/description/type/TypeDescription$Generic$AnnotationReader
instanceKlass net/bytebuddy/description/annotation/AnnotationValue
instanceKlass net/bytebuddy/description/enumeration/EnumerationDescription
instanceKlass net/bytebuddy/description/annotation/AnnotationDescription$AbstractBase
instanceKlass net/bytebuddy/description/annotation/AnnotationDescription$Loadable
instanceKlass net/bytebuddy/implementation/bind/annotation/IgnoreForBinding
instanceKlass net/bytebuddy/implementation/bind/annotation/RuntimeType
instanceKlass net/bytebuddy/description/annotation/AnnotationDescription
instanceKlass net/bytebuddy/implementation/bind/annotation/IgnoreForBinding$Verifier
instanceKlass net/bytebuddy/implementation/MethodDelegation$ImplementationDelegate$Compiled
instanceKlass net/bytebuddy/implementation/MethodDelegation$ImplementationDelegate$ForStaticMethod
instanceKlass net/bytebuddy/implementation/bind/annotation/Empty
instanceKlass net/bytebuddy/implementation/bind/annotation/StubValue
instanceKlass net/bytebuddy/implementation/bind/annotation/SuperMethod
instanceKlass net/bytebuddy/implementation/bind/annotation/SuperCall
instanceKlass net/bytebuddy/implementation/bind/annotation/This
instanceKlass net/bytebuddy/implementation/bind/annotation/Origin
instanceKlass net/bytebuddy/implementation/bind/annotation/AllArguments
instanceKlass net/bytebuddy/implementation/bind/annotation/Argument
instanceKlass net/bytebuddy/implementation/bind/annotation/TargetMethodAnnotationDrivenBinder$DelegationProcessor$Handler$Unbound
instanceKlass net/bytebuddy/implementation/bind/annotation/TargetMethodAnnotationDrivenBinder$DelegationProcessor$Handler
instanceKlass net/bytebuddy/implementation/bind/annotation/TargetMethodAnnotationDrivenBinder$DelegationProcessor
instanceKlass net/bytebuddy/implementation/bind/annotation/TargetMethodAnnotationDrivenBinder
instanceKlass net/bytebuddy/implementation/bind/MethodDelegationBinder
instanceKlass org/hibernate/proxy/ProxyConfiguration$Interceptor
instanceKlass net/bytebuddy/implementation/bind/annotation/FieldValue
instanceKlass net/bytebuddy/dynamic/scaffold/FieldLocator$AbstractBase
instanceKlass net/bytebuddy/dynamic/scaffold/FieldLocator
instanceKlass net/bytebuddy/dynamic/scaffold/FieldLocator$Resolution
instanceKlass net/bytebuddy/implementation/bind/annotation/TargetMethodAnnotationDrivenBinder$ParameterBinder$ForFieldBinding
instanceKlass net/bytebuddy/implementation/bind/annotation/DefaultMethod
instanceKlass net/bytebuddy/implementation/bind/annotation/DefaultMethod$Binder$MethodLocator$ForExplicitType
instanceKlass net/bytebuddy/implementation/bind/annotation/DefaultMethod$Binder$MethodLocator
instanceKlass net/bytebuddy/implementation/bind/annotation/DefaultCall
instanceKlass net/bytebuddy/implementation/bind/annotation/DefaultCall$Binder$DefaultMethodLocator$Explicit
instanceKlass net/bytebuddy/implementation/bind/annotation/DefaultCall$Binder$DefaultMethodLocator
instanceKlass net/bytebuddy/implementation/auxiliary/MethodCallProxy$AssignableSignatureCall
instanceKlass net/bytebuddy/implementation/bind/annotation/Default
instanceKlass net/bytebuddy/description/ByteCodeElement$Token
instanceKlass net/bytebuddy/description/method/ParameterDescription$ForLoadedParameter$ParameterAnnotationSource
instanceKlass net/bytebuddy/implementation/bind/annotation/Super
instanceKlass net/bytebuddy/implementation/bytecode/StackManipulation$Compound
instanceKlass net/bytebuddy/utility/JavaConstant
instanceKlass net/bytebuddy/implementation/bind/MethodDelegationBinder$ParameterBinding$Anonymous
instanceKlass net/bytebuddy/implementation/bind/MethodDelegationBinder$ParameterBinding
instanceKlass net/bytebuddy/implementation/bytecode/StackManipulation
instanceKlass net/bytebuddy/implementation/bind/annotation/TargetMethodAnnotationDrivenBinder$ParameterBinder
instanceKlass net/bytebuddy/implementation/bind/MethodDelegationBinder$AmbiguityResolver$Compound
instanceKlass net/bytebuddy/implementation/bind/MethodDelegationBinder$BindingResolver
instanceKlass net/bytebuddy/implementation/MethodDelegation$ImplementationDelegate
instanceKlass net/bytebuddy/dynamic/scaffold/FieldLocator$Factory
instanceKlass net/bytebuddy/implementation/MethodDelegation$WithCustomProperties
instanceKlass net/bytebuddy/implementation/bind/MethodDelegationBinder$TerminationHandler
instanceKlass net/bytebuddy/implementation/bind/MethodDelegationBinder$Record
instanceKlass net/bytebuddy/implementation/bind/MethodDelegationBinder$AmbiguityResolver
instanceKlass net/bytebuddy/implementation/MethodDelegation
instanceKlass net/bytebuddy/implementation/Implementation$Composable
instanceKlass org/hibernate/proxy/ProxyConfiguration$InterceptorDispatcher
instanceKlass org/hibernate/bytecode/internal/bytebuddy/ByteBuddyState$ProxyDefinitionHelpers$1
instanceKlass  @bci org/hibernate/bytecode/internal/bytebuddy/ByteBuddyState$ProxyDefinitionHelpers <init> ()V 13 <appendix> argL0 ; # org/hibernate/bytecode/internal/bytebuddy/ByteBuddyState$ProxyDefinitionHelpers$$Lambda+0x000001b9333ee178
instanceKlass org/hibernate/bytecode/internal/bytebuddy/ByteBuddyState$ProxyDefinitionHelpers
instanceKlass org/hibernate/bytecode/internal/bytebuddy/ByteBuddyState$StandardClassRewriter
instanceKlass net/bytebuddy/dynamic/TargetType
instanceKlass net/bytebuddy/description/type/TypeDescription$ForLoadedType$Dispatcher$ForJava11CapableVm
instanceKlass net/bytebuddy/description/type/TypeDescription$ForLoadedType$Dispatcher$ForJava16CapableVm
instanceKlass net/bytebuddy/description/type/TypeDescription$ForLoadedType$Dispatcher
instanceKlass net/bytebuddy/description/field/FieldList
instanceKlass net/bytebuddy/description/type/RecordComponentList
instanceKlass net/bytebuddy/description/method/MethodList
instanceKlass net/bytebuddy/description/type/TypeList
instanceKlass net/bytebuddy/description/annotation/AnnotationList
instanceKlass net/bytebuddy/matcher/LatentMatcher$Resolved
instanceKlass net/bytebuddy/jar/asm/ClassVisitor
instanceKlass net/bytebuddy/dynamic/scaffold/InstrumentedType$WithFlexibleName
instanceKlass net/bytebuddy/dynamic/scaffold/InstrumentedType
instanceKlass net/bytebuddy/implementation/LoadedTypeInitializer
instanceKlass net/bytebuddy/dynamic/scaffold/TypeInitializer
instanceKlass net/bytebuddy/implementation/bytecode/ByteCodeAppender
instanceKlass net/bytebuddy/description/ModifierReviewable$AbstractBase
instanceKlass net/bytebuddy/description/ModifierReviewable$ForParameterDescription
instanceKlass net/bytebuddy/description/type/TypeDescription$Generic
instanceKlass net/bytebuddy/dynamic/scaffold/MethodGraph$Linked
instanceKlass net/bytebuddy/dynamic/scaffold/MethodGraph
instanceKlass net/bytebuddy/description/type/TypeDescription$Generic$Visitor
instanceKlass net/bytebuddy/dynamic/scaffold/MethodGraph$Compiler$Default$Merger
instanceKlass net/bytebuddy/dynamic/scaffold/MethodGraph$Compiler$Default$Harmonizer
instanceKlass net/bytebuddy/dynamic/scaffold/MethodGraph$Compiler$AbstractBase
instanceKlass net/bytebuddy/dynamic/scaffold/MethodGraph$Compiler
instanceKlass net/bytebuddy/implementation/Implementation$Context$ExtractableView
instanceKlass net/bytebuddy/implementation/Implementation$Context
instanceKlass net/bytebuddy/implementation/MethodAccessorFactory
instanceKlass net/bytebuddy/implementation/attribute/AnnotationValueFilter
instanceKlass net/bytebuddy/implementation/auxiliary/AuxiliaryType$NamingStrategy$SuffixingRandom
instanceKlass net/bytebuddy/utility/RandomString
instanceKlass net/bytebuddy/NamingStrategy$AbstractBase
instanceKlass net/bytebuddy/dynamic/scaffold/ClassWriterStrategy
instanceKlass net/bytebuddy/dynamic/VisibilityBridgeStrategy
instanceKlass net/bytebuddy/dynamic/scaffold/InstrumentedType$Factory
instanceKlass net/bytebuddy/implementation/Implementation$Context$Factory
instanceKlass net/bytebuddy/implementation/attribute/AnnotationValueFilter$Factory
instanceKlass net/bytebuddy/implementation/auxiliary/AuxiliaryType$NamingStrategy
instanceKlass net/bytebuddy/matcher/LatentMatcher
instanceKlass net/bytebuddy/description/type/TypeList$Generic
instanceKlass net/bytebuddy/matcher/FilterableList
instanceKlass net/bytebuddy/description/type/TypeDescription
instanceKlass net/bytebuddy/description/type/TypeDefinition
instanceKlass net/bytebuddy/description/ModifierReviewable$ForTypeDefinition
instanceKlass net/bytebuddy/description/type/PackageDescription
instanceKlass net/bytebuddy/dynamic/scaffold/subclass/ConstructorStrategy
instanceKlass net/bytebuddy/ByteBuddy
instanceKlass org/hibernate/bytecode/internal/bytebuddy/ByteBuddyState$ClassRewriter
instanceKlass org/hibernate/bytecode/internal/bytebuddy/ByteBuddyState
instanceKlass net/bytebuddy/utility/privilege/GetSystemPropertyAction
instanceKlass net/bytebuddy/utility/OpenedClassReader
instanceKlass java/lang/Process
instanceKlass net/bytebuddy/ClassFileVersion$VersionLocator$ForJava9CapableVm
instanceKlass net/bytebuddy/ClassFileVersion$VersionLocator
instanceKlass net/bytebuddy/ClassFileVersion
instanceKlass net/bytebuddy/matcher/ElementMatcher$Junction$AbstractBase
instanceKlass net/bytebuddy/description/method/MethodDescription$InDefinedShape
instanceKlass net/bytebuddy/description/method/MethodDescription
instanceKlass net/bytebuddy/description/ModifierReviewable$ForMethodDescription
instanceKlass net/bytebuddy/description/TypeVariableSource
instanceKlass net/bytebuddy/description/ModifierReviewable$OfAbstraction
instanceKlass net/bytebuddy/description/field/FieldDescription$InDefinedShape
instanceKlass net/bytebuddy/description/field/FieldDescription
instanceKlass net/bytebuddy/description/ByteCodeElement$TypeDependant
instanceKlass net/bytebuddy/description/NamedElement$WithGenericName
instanceKlass net/bytebuddy/description/ModifierReviewable$ForFieldDescription
instanceKlass net/bytebuddy/description/ModifierReviewable$OfEnumeration
instanceKlass net/bytebuddy/description/ModifierReviewable$OfByteCodeElement
instanceKlass net/bytebuddy/description/ByteCodeElement
instanceKlass net/bytebuddy/description/annotation/AnnotationSource
instanceKlass net/bytebuddy/description/DeclaredByType
instanceKlass net/bytebuddy/description/ModifierReviewable
instanceKlass net/bytebuddy/description/NamedElement$WithDescriptor
instanceKlass net/bytebuddy/description/NamedElement$WithRuntimeName
instanceKlass net/bytebuddy/description/NamedElement
instanceKlass net/bytebuddy/matcher/ElementMatcher$Junction
instanceKlass net/bytebuddy/matcher/ElementMatchers
instanceKlass org/hibernate/bytecode/spi/ReflectionOptimizer
instanceKlass org/hibernate/bytecode/spi/ProxyFactoryFactory
instanceKlass org/hibernate/bytecode/enhance/spi/Enhancer
instanceKlass net/bytebuddy/dynamic/DynamicType$Builder
instanceKlass net/bytebuddy/implementation/Implementation
instanceKlass net/bytebuddy/dynamic/scaffold/InstrumentedType$Prepareable
instanceKlass net/bytebuddy/matcher/ElementMatcher
instanceKlass net/bytebuddy/NamingStrategy
instanceKlass net/bytebuddy/NamingStrategy$SuffixingRandom$BaseNameResolver
instanceKlass org/hibernate/bytecode/internal/bytebuddy/BytecodeProviderImpl
instanceKlass org/hibernate/internal/util/config/ConfigurationHelper
instanceKlass org/hibernate/internal/util/ConfigHelper
instanceKlass org/hibernate/Version
instanceKlass org/hibernate/bytecode/spi/BytecodeProvider
instanceKlass org/hibernate/cfg/Environment
instanceKlass org/hibernate/cfg/AvailableSettings
instanceKlass org/hibernate/jpa/AvailableSettings
instanceKlass org/hibernate/jpa/boot/internal/EntityManagerFactoryBuilderImpl$MergedSettings
instanceKlass org/hibernate/event/spi/EntityCopyObserverFactory
instanceKlass org/hibernate/event/internal/EntityCopyObserverFactoryInitiator
instanceKlass org/hibernate/resource/beans/spi/ManagedBeanRegistry
instanceKlass org/hibernate/resource/beans/spi/ManagedBeanRegistryInitiator
instanceKlass org/hibernate/resource/transaction/internal/TransactionCoordinatorBuilderInitiator
instanceKlass org/hibernate/cache/spi/RegionFactory
instanceKlass org/hibernate/cache/internal/RegionFactoryInitiator
instanceKlass org/hibernate/service/internal/SessionFactoryServiceRegistryFactoryInitiator
instanceKlass org/hibernate/engine/transaction/jta/platform/internal/JtaPlatformInitiator
instanceKlass org/hibernate/engine/transaction/jta/platform/spi/JtaPlatformResolver
instanceKlass org/hibernate/engine/transaction/jta/platform/internal/JtaPlatformResolverInitiator
instanceKlass org/hibernate/id/factory/spi/MutableIdentifierGeneratorFactory
instanceKlass org/hibernate/id/factory/IdentifierGeneratorFactory
instanceKlass org/hibernate/id/factory/internal/MutableIdentifierGeneratorFactoryInitiator
instanceKlass org/hibernate/hql/internal/QueryTranslatorFactoryInitiator
instanceKlass org/hibernate/engine/jdbc/cursor/spi/RefCursorSupport
instanceKlass org/hibernate/engine/jdbc/cursor/internal/RefCursorSupportInitiator
instanceKlass org/hibernate/engine/jdbc/spi/JdbcServices
instanceKlass org/hibernate/engine/jdbc/internal/JdbcServicesInitiator
instanceKlass org/hibernate/engine/jdbc/batch/spi/BatchBuilder
instanceKlass org/hibernate/engine/jdbc/batch/internal/BatchBuilderInitiator
instanceKlass org/hibernate/engine/jdbc/dialect/spi/DialectFactory
instanceKlass org/hibernate/engine/jdbc/dialect/internal/DialectFactoryInitiator
instanceKlass org/hibernate/engine/jdbc/dialect/spi/DialectResolver
instanceKlass org/hibernate/engine/jdbc/dialect/internal/DialectResolverInitiator
instanceKlass org/hibernate/engine/jdbc/connections/spi/MultiTenantConnectionProvider
instanceKlass org/hibernate/engine/jdbc/connections/internal/MultiTenantConnectionProviderInitiator
instanceKlass org/hibernate/engine/jdbc/connections/internal/UserSuppliedConnectionProviderImpl
instanceKlass org/hibernate/engine/jdbc/connections/internal/DriverManagerConnectionProviderImpl
instanceKlass org/hibernate/service/spi/ServiceRegistryAwareService
instanceKlass org/hibernate/engine/jdbc/connections/internal/DatasourceConnectionProviderImpl
instanceKlass org/hibernate/service/spi/Configurable
instanceKlass org/hibernate/internal/util/beans/BeanInfoHelper$BeanInfoDelegate
instanceKlass org/hibernate/engine/jdbc/connections/spi/ConnectionProvider
instanceKlass org/hibernate/service/spi/Wrapped
instanceKlass org/hibernate/engine/jdbc/connections/internal/ConnectionProviderInitiator
instanceKlass org/hibernate/persister/spi/PersisterFactory
instanceKlass org/hibernate/persister/internal/PersisterFactoryInitiator
instanceKlass org/hibernate/persister/spi/PersisterClassResolver
instanceKlass org/hibernate/persister/internal/PersisterClassResolverInitiator
instanceKlass org/hibernate/jmx/spi/JmxService
instanceKlass org/hibernate/jmx/internal/JmxServiceInitiator
instanceKlass org/hibernate/engine/jndi/spi/JndiService
instanceKlass org/hibernate/engine/jndi/internal/JndiServiceInitiator
instanceKlass org/hibernate/engine/jdbc/connections/spi/JdbcConnectionAccess
instanceKlass org/hibernate/engine/jdbc/env/spi/JdbcEnvironment
instanceKlass org/hibernate/engine/jdbc/dialect/spi/DialectResolutionInfoSource
instanceKlass org/hibernate/engine/jdbc/env/internal/JdbcEnvironmentInitiator
instanceKlass org/hibernate/tool/schema/spi/SchemaManagementTool
instanceKlass org/hibernate/tool/schema/internal/SchemaManagementToolInitiator
instanceKlass org/hibernate/tool/hbm2ddl/SingleLineSqlCommandExtractor
instanceKlass org/hibernate/tool/hbm2ddl/ImportSqlCommandExtractor
instanceKlass org/hibernate/tool/hbm2ddl/ImportSqlCommandExtractorInitiator
instanceKlass org/hibernate/property/access/spi/PropertyAccessStrategyResolver
instanceKlass org/hibernate/property/access/internal/PropertyAccessStrategyResolverInitiator
instanceKlass org/hibernate/engine/config/spi/ConfigurationService
instanceKlass org/hibernate/engine/config/internal/ConfigurationServiceInitiator
instanceKlass org/hibernate/boot/cfgxml/spi/CfgXmlAccessService
instanceKlass org/hibernate/boot/cfgxml/internal/CfgXmlAccessServiceInitiator
instanceKlass org/hibernate/bytecode/internal/ProxyFactoryFactoryInitiator
instanceKlass org/hibernate/bytecode/internal/BytecodeProviderInitiator
instanceKlass org/hibernate/boot/spi/SessionFactoryBuilderService
instanceKlass org/hibernate/boot/internal/DefaultSessionFactoryBuilderInitiator
instanceKlass org/hibernate/boot/registry/StandardServiceInitiator
instanceKlass org/hibernate/service/spi/ServiceInitiator
instanceKlass org/hibernate/service/StandardServiceInitiators
instanceKlass org/hibernate/boot/cfgxml/internal/ConfigLoader$1
instanceKlass org/hibernate/internal/util/ValueHolder$1
instanceKlass org/hibernate/internal/util/ValueHolder
instanceKlass org/hibernate/internal/util/ValueHolder$DeferredInitializer
instanceKlass org/hibernate/boot/cfgxml/internal/ConfigLoader
instanceKlass org/hibernate/boot/cfgxml/spi/LoadedConfig
instanceKlass org/hibernate/boot/registry/StandardServiceRegistry
instanceKlass org/hibernate/boot/registry/StandardServiceRegistryBuilder
instanceKlass org/hibernate/service/spi/ServiceBinding
instanceKlass org/hibernate/boot/registry/selector/StrategyRegistrationProvider
instanceKlass org/hibernate/cache/internal/SimpleCacheKeysFactory
instanceKlass org/hibernate/cache/internal/DefaultCacheKeysFactory
instanceKlass org/hibernate/cache/spi/CacheKeysFactory
instanceKlass org/hibernate/hql/spi/id/AbstractMultiTableBulkIdStrategyImpl
instanceKlass org/hibernate/hql/spi/id/MultiTableBulkIdStrategy
instanceKlass org/hibernate/resource/transaction/backend/jta/internal/JtaTransactionCoordinatorBuilderImpl
instanceKlass org/hibernate/resource/transaction/backend/jdbc/internal/JdbcResourceLocalTransactionCoordinatorBuilderImpl
instanceKlass org/hibernate/resource/transaction/spi/TransactionCoordinatorBuilder
instanceKlass org/hibernate/boot/registry/selector/internal/DefaultJtaPlatformSelector
instanceKlass org/hibernate/boot/registry/selector/internal/DefaultDialectSelector
instanceKlass org/hibernate/dialect/Dialect
instanceKlass org/hibernate/exception/spi/ConversionContext
instanceKlass  @bci org/hibernate/boot/registry/selector/internal/StrategySelectorImpl <clinit> ()V 8 <appendix> argL0 ; # org/hibernate/boot/registry/selector/internal/StrategySelectorImpl$$Lambda+0x000001b9333bfac8
instanceKlass org/hibernate/boot/registry/selector/spi/StrategyCreator
instanceKlass org/hibernate/boot/registry/selector/internal/StrategySelectorImpl
instanceKlass org/hibernate/boot/registry/internal/BootstrapServiceRegistryImpl
instanceKlass org/hibernate/service/spi/ServiceBinding$ServiceLifecycleOwner
instanceKlass org/hibernate/service/spi/ServiceRegistryImplementor
instanceKlass org/hibernate/boot/registry/classloading/internal/AggregatedClassLoader$4
instanceKlass org/hibernate/boot/registry/classloading/internal/AggregatedClassLoader$2
instanceKlass org/hibernate/boot/registry/classloading/internal/AggregatedServiceLoader
instanceKlass org/hibernate/cache/internal/CollectionCacheInvalidator
instanceKlass org/hibernate/event/spi/PostUpdateEventListener
instanceKlass org/hibernate/event/spi/PostDeleteEventListener
instanceKlass org/hibernate/event/spi/PostInsertEventListener
instanceKlass org/hibernate/event/spi/PostActionEventListener
instanceKlass org/hibernate/secure/spi/JaccIntegrator$1
instanceKlass org/hibernate/secure/spi/JaccService
instanceKlass org/hibernate/event/service/spi/DuplicationStrategy
instanceKlass org/hibernate/secure/spi/JaccIntegrator
instanceKlass org/hibernate/integrator/spi/ServiceContributingIntegrator
instanceKlass org/hibernate/cfg/beanvalidation/ActivationContext
instanceKlass org/hibernate/cfg/beanvalidation/BeanValidationIntegrator
instanceKlass org/hibernate/integrator/spi/Integrator
instanceKlass org/hibernate/integrator/internal/IntegratorServiceImpl
instanceKlass org/hibernate/boot/registry/classloading/internal/ClassLoaderServiceImpl$1
instanceKlass org/hibernate/internal/CoreLogging
instanceKlass org/hibernate/boot/registry/classloading/internal/ClassLoaderServiceImpl
instanceKlass org/hibernate/boot/registry/selector/StrategyRegistration
instanceKlass org/hibernate/boot/registry/selector/spi/StrategySelector
instanceKlass org/hibernate/boot/registry/selector/internal/LazyServiceResolver
instanceKlass org/hibernate/boot/registry/selector/internal/StrategySelectorBuilder
instanceKlass org/hibernate/boot/registry/BootstrapServiceRegistry
instanceKlass org/hibernate/integrator/spi/IntegratorService
instanceKlass org/hibernate/boot/registry/classloading/spi/ClassLoaderService
instanceKlass org/hibernate/boot/registry/BootstrapServiceRegistryBuilder
instanceKlass org/slf4j/helpers/FormattingTuple
instanceKlass org/slf4j/helpers/MessageFormatter
instanceKlass org/apache/logging/log4j/message/LoggerNameAwareMessage
instanceKlass org/apache/logging/log4j/message/StringFormattedMessage
instanceKlass org/hibernate/jpa/internal/util/LogHelper
instanceKlass javax/persistence/spi/ClassTransformer
instanceKlass org/hibernate/jpa/boot/internal/PersistenceUnitInfoDescriptor
instanceKlass org/jboss/logging/DelegatingBasicLogger
instanceKlass org/jboss/logging/LoggingLocale
instanceKlass org/hibernate/internal/EntityManagerMessageLogger
instanceKlass org/hibernate/internal/CoreMessageLogger
instanceKlass org/hibernate/internal/HEMLogging
instanceKlass org/hibernate/bytecode/enhance/spi/EnhancementContext
instanceKlass org/hibernate/proxy/EntityNotFoundDelegate
instanceKlass org/hibernate/boot/Metadata
instanceKlass org/hibernate/engine/spi/Mapping
instanceKlass org/hibernate/tool/schema/spi/DelayedDropRegistry
instanceKlass org/hibernate/boot/archive/scan/spi/ScanOptions
instanceKlass org/hibernate/boot/archive/scan/spi/ScanEnvironment
instanceKlass org/hibernate/boot/MetadataBuilder
instanceKlass org/hibernate/service/ServiceRegistry
instanceKlass org/hibernate/jpa/boot/internal/EntityManagerFactoryBuilderImpl
instanceKlass org/hibernate/jpa/boot/spi/EntityManagerFactoryBuilder
instanceKlass  @bci org/springframework/orm/jpa/AbstractEntityManagerFactoryBean afterPropertiesSet ()V 61 <appendix> member <vmtarget> ; # org/springframework/orm/jpa/AbstractEntityManagerFactoryBean$$Lambda+0x000001b9333b0000
instanceKlass org/springframework/orm/jpa/vendor/HibernateJpaVendorAdapter$1
instanceKlass org/springframework/orm/jpa/persistenceunit/PersistenceUnitReader
instanceKlass java/lang/instrument/ClassFileTransformer
instanceKlass org/springframework/instrument/classloading/InstrumentationLoadTimeWeaver
# instanceKlass java/lang/invoke/LambdaForm$MH+0x000001b9333a8800
instanceKlass org/springframework/orm/jpa/persistenceunit/PersistenceUnitPostProcessor
instanceKlass org/springframework/jdbc/datasource/lookup/SingleDataSourceLookup
instanceKlass javax/persistence/Converter
instanceKlass javax/persistence/MappedSuperclass
instanceKlass javax/persistence/Embeddable
instanceKlass org/springframework/orm/jpa/persistenceunit/MutablePersistenceUnitInfo
instanceKlass org/springframework/orm/jpa/persistenceunit/SmartPersistenceUnitInfo
instanceKlass org/springframework/instrument/classloading/LoadTimeWeaver
instanceKlass org/springframework/orm/jpa/persistenceunit/DefaultPersistenceUnitManager
instanceKlass org/springframework/jdbc/datasource/lookup/DataSourceLookup
instanceKlass org/springframework/boot/autoconfigure/domain/EntityScanPackages
instanceKlass org/springframework/boot/jdbc/metadata/AbstractDataSourcePoolMetadata
instanceKlass org/springframework/jdbc/datasource/DelegatingDataSource
instanceKlass org/springframework/boot/jdbc/DataSourceUnwrapper
instanceKlass org/hibernate/engine/transaction/jta/platform/internal/NoJtaPlatform
instanceKlass org/hibernate/engine/transaction/jta/platform/spi/JtaPlatform
instanceKlass org/hibernate/service/Service
instanceKlass org/hibernate/resource/beans/container/spi/ContainedBean
instanceKlass org/springframework/orm/hibernate5/SpringBeanContainer
instanceKlass  @bci org/springframework/boot/autoconfigure/orm/jpa/HibernateProperties getAdditionalProperties (Ljava/util/Map;Lorg/springframework/boot/autoconfigure/orm/jpa/HibernateSettings;)Ljava/util/Map; 103 <appendix> member <vmtarget> ; # org/springframework/boot/autoconfigure/orm/jpa/HibernateProperties$$Lambda+0x000001b9333ac7a0
instanceKlass  @bci org/springframework/boot/autoconfigure/orm/jpa/HibernateProperties getAdditionalProperties (Ljava/util/Map;Lorg/springframework/boot/autoconfigure/orm/jpa/HibernateSettings;)Ljava/util/Map; 35 <appendix> member <vmtarget> ; # org/springframework/boot/autoconfigure/orm/jpa/HibernateProperties$$Lambda+0x000001b9333ac588
instanceKlass org/springframework/boot/orm/jpa/hibernate/SpringPhysicalNamingStrategy
instanceKlass org/hibernate/boot/model/naming/ImplicitNamingStrategyJpaCompliantImpl
instanceKlass org/hibernate/boot/archive/scan/internal/DisabledScanner
instanceKlass org/hibernate/boot/archive/scan/spi/Scanner
instanceKlass  @bci org/springframework/boot/autoconfigure/orm/jpa/HibernateJpaConfiguration getVendorProperties ()Ljava/util/Map; 1 <appendix> member <vmtarget> ; # org/springframework/boot/autoconfigure/orm/jpa/HibernateJpaConfiguration$$Lambda+0x000001b9333a7600
instanceKlass org/springframework/boot/orm/jpa/EntityManagerFactoryBuilder$Builder
instanceKlass  @bci org/springframework/boot/autoconfigure/orm/jpa/JpaBaseConfiguration entityManagerFactoryBuilder (Lorg/springframework/orm/jpa/JpaVendorAdapter;Lorg/springframework/beans/factory/ObjectProvider;Lorg/springframework/beans/factory/ObjectProvider;)Lorg/springframework/boot/orm/jpa/EntityManagerFactoryBuilder; 34 <appendix> member <vmtarget> ; # org/springframework/boot/autoconfigure/orm/jpa/JpaBaseConfiguration$$Lambda+0x000001b9333a71d8
# instanceKlass java/lang/invoke/LambdaForm$MH+0x000001b9333a8400
# instanceKlass java/lang/invoke/LambdaForm$MH+0x000001b9333a8000
instanceKlass javax/persistence/spi/PersistenceUnitInfo
instanceKlass org/hibernate/SessionFactory
instanceKlass javax/naming/Referenceable
instanceKlass org/hibernate/jpa/HibernateEntityManagerFactory
instanceKlass org/hibernate/jpa/HibernatePersistenceProvider$1
instanceKlass org/hibernate/jpa/internal/util/PersistenceUtilHelper$MetadataCache
instanceKlass org/apache/logging/slf4j/SLF4JLogger$1
instanceKlass org/jboss/logging/Log4j2LoggerProvider
instanceKlass org/apache/logging/log4j/spi/LoggerRegistry$ConcurrentMapFactory
instanceKlass org/apache/logging/log4j/spi/LoggerRegistry$MapFactory
instanceKlass org/apache/logging/log4j/spi/LoggerRegistry
instanceKlass org/apache/logging/slf4j/SLF4JLoggerContext
instanceKlass org/apache/logging/log4j/spi/LoggerContext
instanceKlass org/apache/logging/slf4j/MDCContextMap
instanceKlass org/apache/logging/log4j/spi/CleanableThreadContextMap
instanceKlass org/apache/logging/log4j/spi/ThreadContextMap2
instanceKlass org/apache/logging/log4j/spi/ThreadContextMap
instanceKlass org/apache/logging/slf4j/SLF4JLoggerContextFactory
instanceKlass org/apache/logging/log4j/util/ProviderUtil
instanceKlass org/apache/logging/log4j/Level
instanceKlass org/apache/logging/log4j/util/Strings
instanceKlass org/apache/logging/log4j/message/ExitMessage
instanceKlass org/apache/logging/log4j/message/EntryMessage
instanceKlass org/apache/logging/log4j/message/FlowMessage
instanceKlass org/apache/logging/log4j/message/DefaultFlowMessageFactory
instanceKlass org/apache/logging/log4j/message/FlowMessageFactory
instanceKlass org/apache/logging/log4j/util/PropertySource$Util
instanceKlass org/apache/logging/log4j/util/PropertiesUtil$Environment$2
instanceKlass org/apache/logging/log4j/util/SystemPropertiesPropertySource
instanceKlass org/apache/logging/log4j/util/EnvironmentPropertySource
instanceKlass org/apache/logging/log4j/util/PropertiesUtil$Environment$1
instanceKlass org/apache/logging/log4j/util/PropertySource$Comparator
instanceKlass org/apache/logging/log4j/util/LoaderUtil$ThreadContextClassLoaderGetter
instanceKlass org/apache/logging/log4j/util/LoaderUtil
instanceKlass org/apache/logging/log4j/util/PropertiesPropertySource
instanceKlass org/apache/logging/log4j/util/BiConsumer
instanceKlass org/apache/logging/log4j/util/PropertiesUtil$Environment
instanceKlass org/apache/logging/log4j/util/PropertySource
instanceKlass org/apache/logging/log4j/util/PropertiesUtil
instanceKlass org/apache/logging/log4j/util/Constants
instanceKlass org/apache/logging/log4j/message/AbstractMessageFactory
instanceKlass org/apache/logging/log4j/message/ReusableMessageFactory
instanceKlass org/apache/logging/log4j/MarkerManager$Log4jMarker
instanceKlass org/apache/logging/log4j/util/StringBuilderFormattable
instanceKlass org/apache/logging/log4j/Marker
instanceKlass org/apache/logging/log4j/MarkerManager
instanceKlass org/apache/logging/log4j/message/MessageFactory2
instanceKlass org/apache/logging/log4j/message/Message
instanceKlass org/apache/logging/log4j/LogBuilder
instanceKlass org/apache/logging/log4j/spi/AbstractLogger
instanceKlass org/apache/logging/log4j/spi/LocationAwareLogger
instanceKlass org/apache/logging/log4j/message/MessageFactory
instanceKlass org/apache/logging/log4j/spi/LoggerContextFactory
instanceKlass org/apache/logging/log4j/LogManager
instanceKlass org/jboss/logging/SecurityActions
instanceKlass org/jboss/logging/LoggerProvider
instanceKlass org/jboss/logging/LoggerProviders
instanceKlass org/jboss/logging/Logger
instanceKlass org/jboss/logging/BasicLogger
instanceKlass org/hibernate/jpa/boot/spi/PersistenceUnitDescriptor
instanceKlass javax/persistence/spi/ProviderUtil
instanceKlass org/hibernate/jpa/HibernatePersistenceProvider
instanceKlass org/springframework/jdbc/datasource/ConnectionHandle
instanceKlass org/springframework/orm/jpa/DefaultJpaDialect
instanceKlass org/springframework/orm/jpa/JpaDialect
instanceKlass javax/persistence/spi/PersistenceProvider
instanceKlass org/springframework/orm/jpa/persistenceunit/PersistenceUnitManager
instanceKlass  @bci org/springframework/boot/autoconfigure/orm/jpa/HibernateJpaConfiguration determineHibernatePropertiesCustomizers (Lorg/hibernate/boot/model/naming/PhysicalNamingStrategy;Lorg/hibernate/boot/model/naming/ImplicitNamingStrategy;Lorg/springframework/beans/factory/config/ConfigurableListableBeanFactory;Ljava/util/List;)Ljava/util/List; 27 <appendix> member <vmtarget> ; # org/springframework/boot/autoconfigure/orm/jpa/HibernateJpaConfiguration$$Lambda+0x000001b9333894e8
instanceKlass org/hibernate/resource/beans/container/spi/BeanContainer
instanceKlass org/hibernate/service/spi/Stoppable
instanceKlass  @bci org/springframework/boot/autoconfigure/jdbc/metadata/DataSourcePoolMetadataProvidersConfiguration$HikariPoolDataSourceMetadataProviderConfiguration hikariPoolDataSourceMetadataProvider ()Lorg/springframework/boot/jdbc/metadata/DataSourcePoolMetadataProvider; 0 <appendix> argL0 ; # org/springframework/boot/autoconfigure/jdbc/metadata/DataSourcePoolMetadataProvidersConfiguration$HikariPoolDataSourceMetadataProviderConfiguration$$Lambda+0x000001b933388ef8
instanceKlass org/springframework/boot/jdbc/metadata/CompositeDataSourcePoolMetadataProvider
instanceKlass org/springframework/boot/autoconfigure/orm/jpa/HibernateDefaultDdlAutoProvider
# instanceKlass java/lang/invoke/LambdaForm$MH+0x000001b93338f000
# instanceKlass java/lang/invoke/LambdaForm$MH+0x000001b93338ec00
# instanceKlass java/lang/invoke/LambdaForm$MH+0x000001b93338e800
# instanceKlass java/lang/invoke/LambdaForm$MH+0x000001b93338e400
# instanceKlass java/lang/invoke/LambdaForm$MH+0x000001b93338e000
# instanceKlass java/lang/invoke/LambdaForm$MH+0x000001b93338dc00
# instanceKlass java/lang/invoke/LambdaForm$DMH+0x000001b93338d800
# instanceKlass java/lang/invoke/LambdaForm$MH+0x000001b93338d400
# instanceKlass java/lang/invoke/LambdaForm$MH+0x000001b93338d000
# instanceKlass java/lang/invoke/LambdaForm$MH+0x000001b93338cc00
instanceKlass  @bci org/springframework/boot/context/properties/source/ConfigurationPropertyName convertToOriginalForm (Ljava/lang/CharSequence;)Ljava/lang/CharSequence; 3 <appendix> argL0 ; # org/springframework/boot/context/properties/source/ConfigurationPropertyName$$Lambda+0x000001b9333888a0
instanceKlass  @bci org/springframework/boot/context/properties/source/ConfigurationPropertyName convertToDashedElement (Ljava/lang/CharSequence;)Ljava/lang/CharSequence; 3 <appendix> argL0 ; # org/springframework/boot/context/properties/source/ConfigurationPropertyName$$Lambda+0x000001b933388690
instanceKlass  @bci org/springframework/boot/context/properties/bind/MapBinder$EntryBinder bindEntries (Lorg/springframework/boot/context/properties/source/ConfigurationPropertySource;Ljava/util/Map;)V 91 <appendix> member <vmtarget> ; # org/springframework/boot/context/properties/bind/MapBinder$EntryBinder$$Lambda+0x000001b933388458
# instanceKlass java/lang/invoke/LambdaForm$MH+0x000001b93338c800
# instanceKlass java/lang/invoke/LambdaForm$MH+0x000001b93338c400
# instanceKlass java/lang/invoke/LambdaForm$MH+0x000001b93338c000
instanceKlass  @bci org/springframework/util/ClassUtils getInterfaceMethodIfPossible (Ljava/lang/reflect/Method;)Ljava/lang/reflect/Method; 26 <appendix> argL0 ; # org/springframework/util/ClassUtils$$Lambda+0x000001b933388228
instanceKlass org/springframework/beans/factory/config/NamedBeanHolder
instanceKlass org/springframework/beans/factory/NamedBean
instanceKlass  @bci org/springframework/jdbc/config/SortedResourcesFactoryBean createInstance ()[Lorg/springframework/core/io/Resource; 61 <appendix> argL0 ; # org/springframework/jdbc/config/SortedResourcesFactoryBean$$Lambda+0x000001b9333839f8
instanceKlass org/springframework/jdbc/datasource/init/DatabasePopulator
instanceKlass org/springframework/boot/autoconfigure/jdbc/DataSourceInitializer
instanceKlass java/sql/ShardingKeyBuilder
instanceKlass java/sql/ConnectionBuilder
instanceKlass java/sql/DriverInfo
instanceKlass java/sql/DriverManager
instanceKlass  @bci java/util/concurrent/Executors$AutoShutdownDelegatedExecutorService <init> (Ljava/util/concurrent/ExecutorService;)V 6 <appendix> member <vmtarget> ; # java/util/concurrent/Executors$AutoShutdownDelegatedExecutorService$$Lambda+0x000001b9333567d0
instanceKlass java/util/concurrent/Executors$DelegatedExecutorService
instanceKlass  @bci com/mysql/cj/jdbc/AbandonedConnectionCleanupThread <clinit> ()V 51 <appendix> argL0 ; # com/mysql/cj/jdbc/AbandonedConnectionCleanupThread$$Lambda+0x000001b933382e68
instanceKlass com/mysql/cj/jdbc/AbandonedConnectionCleanupThread
instanceKlass com/mysql/cj/jdbc/JdbcPropertySet
instanceKlass com/mysql/cj/conf/PropertySet
instanceKlass com/mysql/cj/jdbc/NonRegisteringDriver
instanceKlass java/sql/Driver
instanceKlass  @bci org/springframework/boot/context/properties/source/ConfigurationPropertyNameAliases getNameForAlias (Lorg/springframework/boot/context/properties/source/ConfigurationPropertyName;)Lorg/springframework/boot/context/properties/source/ConfigurationPropertyName; 25 <appendix> argL0 ; # org/springframework/boot/context/properties/source/ConfigurationPropertyNameAliases$$Lambda+0x000001b9333819a0
instanceKlass  @bci org/springframework/boot/context/properties/source/ConfigurationPropertyNameAliases getNameForAlias (Lorg/springframework/boot/context/properties/source/ConfigurationPropertyName;)Lorg/springframework/boot/context/properties/source/ConfigurationPropertyName; 15 <appendix> member <vmtarget> ; # org/springframework/boot/context/properties/source/ConfigurationPropertyNameAliases$$Lambda+0x000001b933381758
instanceKlass com/zaxxer/hikari/pool/PoolBase
instanceKlass com/zaxxer/hikari/util/ConcurrentBag$IBagStateListener
instanceKlass com/zaxxer/hikari/metrics/MetricsTrackerFactory
instanceKlass java/sql/Connection
instanceKlass org/springframework/boot/context/properties/source/SpringIterableConfigurationPropertySource$ConfigurationPropertyNamesIterator
instanceKlass  @bci org/springframework/boot/context/properties/source/IterableConfigurationPropertySource containsDescendantOf (Lorg/springframework/boot/context/properties/source/ConfigurationPropertyName;)Lorg/springframework/boot/context/properties/source/ConfigurationPropertyState; 7 <appendix> member <vmtarget> ; # org/springframework/boot/context/properties/source/IterableConfigurationPropertySource$$Lambda+0x000001b9333809d0
instanceKlass  @bci org/springframework/boot/context/properties/bind/PlaceholdersResolver <clinit> ()V 0 <appendix> argL0 ; # org/springframework/boot/context/properties/bind/PlaceholdersResolver$$Lambda+0x000001b9333807c0
instanceKlass org/springframework/boot/context/properties/source/AliasedConfigurationPropertySource
instanceKlass  @bci org/springframework/util/MultiValueMapAdapter addAll (Ljava/lang/Object;Ljava/util/List;)V 5 <appendix> argL0 ; # org/springframework/util/MultiValueMapAdapter$$Lambda+0x000001b933380000
instanceKlass  @bci org/springframework/boot/context/properties/source/ConfigurationPropertyNameAliases addAliases (Ljava/lang/String;[Ljava/lang/String;)V 31 <appendix> argL0 ; # org/springframework/boot/context/properties/source/ConfigurationPropertyNameAliases$$Lambda+0x000001b93333fc48
instanceKlass  @bci org/springframework/boot/context/properties/source/ConfigurationPropertyNameAliases addAliases (Ljava/lang/String;[Ljava/lang/String;)V 21 <appendix> argL0 ; # org/springframework/boot/context/properties/source/ConfigurationPropertyNameAliases$$Lambda+0x000001b93333fa18
instanceKlass  @bci org/springframework/boot/jdbc/DataSourceBuilder$DataSourceSettingsResolver registerAliases (Ljavax/sql/DataSource;Lorg/springframework/boot/context/properties/source/ConfigurationPropertyNameAliases;)V 6 <appendix> member <vmtarget> ; # org/springframework/boot/jdbc/DataSourceBuilder$DataSourceSettingsResolver$$Lambda+0x000001b93333f7f0
instanceKlass  @bci org/springframework/boot/context/properties/source/MapConfigurationPropertySource putAll (Ljava/util/Map;)V 13 <appendix> member <vmtarget> ; # org/springframework/boot/context/properties/source/MapConfigurationPropertySource$$Lambda+0x000001b93333f5c8
instanceKlass org/springframework/boot/context/properties/source/MapConfigurationPropertySource
instanceKlass com/zaxxer/hikari/HikariPoolMXBean
instanceKlass org/springframework/boot/autoconfigure/jdbc/DataSourceConfiguration
instanceKlass  @bci org/springframework/boot/jdbc/EmbeddedDatabaseConnection <clinit> ()V 130 <appendix> argL0 ; # org/springframework/boot/jdbc/EmbeddedDatabaseConnection$$Lambda+0x000001b93333e850
instanceKlass  @bci org/springframework/boot/jdbc/EmbeddedDatabaseConnection <clinit> ()V 99 <appendix> argL0 ; # org/springframework/boot/jdbc/EmbeddedDatabaseConnection$$Lambda+0x000001b93333e610
instanceKlass  @bci org/springframework/boot/jdbc/EmbeddedDatabaseConnection <clinit> ()V 68 <appendix> argL0 ; # org/springframework/boot/jdbc/EmbeddedDatabaseConnection$$Lambda+0x000001b93333e3d0
instanceKlass  @bci org/springframework/boot/jdbc/EmbeddedDatabaseConnection <clinit> ()V 39 <appendix> argL0 ; # org/springframework/boot/jdbc/EmbeddedDatabaseConnection$$Lambda+0x000001b93333e190
instanceKlass java/util/concurrent/ForkJoinPool$2
instanceKlass jdk/internal/access/JavaUtilConcurrentFJPAccess
instanceKlass java/util/concurrent/ForkJoinPool$DefaultForkJoinWorkerThreadFactory
instanceKlass java/util/concurrent/ForkJoinPool$WorkQueue
instanceKlass java/util/concurrent/ForkJoinPool$ForkJoinWorkerThreadFactory
instanceKlass  @bci org/apache/catalina/core/StandardServer startPeriodicLifecycleEvent ()V 82 <appendix> member <vmtarget> ; # org/apache/catalina/core/StandardServer$$Lambda+0x000001b93333c7e8
instanceKlass org/apache/catalina/core/ContainerBase$ContainerBackgroundProcessor
instanceKlass  @bci org/springframework/boot/jdbc/EmbeddedDatabaseConnection <clinit> ()V 10 <appendix> argL0 ; # org/springframework/boot/jdbc/EmbeddedDatabaseConnection$$Lambda+0x000001b93333c198
instanceKlass org/springframework/jdbc/core/ConnectionCallback
instanceKlass org/springframework/boot/jdbc/SchemaManagementProvider
instanceKlass org/springframework/boot/web/servlet/context/WebServerStartStopLifecycle
instanceKlass org/springframework/boot/web/servlet/context/WebServerGracefulShutdownLifecycle
instanceKlass org/springframework/context/SmartLifecycle
instanceKlass org/springframework/context/Phased
instanceKlass org/apache/naming/ContextAccessController
instanceKlass org/apache/naming/StringManager
instanceKlass org/apache/naming/ContextBindings
instanceKlass  @bci org/apache/catalina/core/StandardServer startInternal ()V 89 <appendix> member <vmtarget> ; # org/apache/catalina/core/StandardServer$$Lambda+0x000001b93333a610
instanceKlass org/apache/catalina/mapper/WrapperMappingInfo
instanceKlass org/apache/catalina/mapper/Mapper$ContextList
instanceKlass org/apache/tomcat/util/threads/Constants
instanceKlass org/apache/tomcat/util/threads/TaskThread$WrappingRunnable
instanceKlass java/util/concurrent/Executors$RunnableAdapter
instanceKlass java/util/concurrent/Executors
instanceKlass org/apache/catalina/core/ContainerBase$ContainerBackgroundProcessorMonitor
instanceKlass org/apache/catalina/util/Introspection
instanceKlass org/apache/catalina/core/ApplicationFilterConfig
instanceKlass javax/servlet/HttpConstraintElement
instanceKlass org/apache/catalina/core/StandardContext$NoPluggabilityServletContext
instanceKlass org/apache/tomcat/websocket/server/WsContextListener
instanceKlass javax/servlet/http/HttpSessionIdListener
instanceKlass org/apache/tomcat/websocket/server/WsSessionListener
instanceKlass javax/servlet/GenericFilter
instanceKlass org/apache/tomcat/websocket/server/WsWriteTimeout$EndpointComparator
instanceKlass org/apache/tomcat/websocket/server/WsWriteTimeout
instanceKlass org/apache/tomcat/websocket/WsExtension
instanceKlass javax/websocket/Extension
instanceKlass org/apache/tomcat/websocket/Constants
instanceKlass javax/websocket/CloseReason
instanceKlass javax/websocket/Session
instanceKlass javax/websocket/EndpointConfig
instanceKlass org/apache/tomcat/websocket/WsRemoteEndpointImplBase
instanceKlass javax/websocket/RemoteEndpoint
instanceKlass org/apache/tomcat/websocket/AsyncChannelWrapper
instanceKlass javax/websocket/HandshakeResponse
instanceKlass org/apache/tomcat/websocket/ClientEndpointHolder
instanceKlass javax/websocket/CloseReason$CloseCode
instanceKlass org/apache/tomcat/websocket/WsWebSocketContainer
instanceKlass org/apache/tomcat/websocket/BackgroundProcess
instanceKlass org/apache/catalina/core/ApplicationFilterRegistration
instanceKlass org/apache/tomcat/util/descriptor/web/Constants
instanceKlass org/apache/catalina/core/ApplicationServletRegistration
instanceKlass org/apache/tomcat/util/modeler/Util
instanceKlass org/apache/catalina/core/StandardWrapperFacade
instanceKlass  @bci org/springframework/boot/web/servlet/ServletContextInitializerBeans <init> (Lorg/springframework/beans/factory/ListableBeanFactory;[Ljava/lang/Class;)V 71 <appendix> argL0 ; # org/springframework/boot/web/servlet/ServletContextInitializerBeans$$Lambda+0x000001b9333358e8
instanceKlass org/springframework/boot/web/servlet/ServletContextInitializerBeans$ServletListenerRegistrationBeanAdapter
instanceKlass javax/servlet/ServletContextListener
instanceKlass javax/servlet/http/HttpSessionListener
instanceKlass javax/servlet/http/HttpSessionAttributeListener
instanceKlass javax/servlet/ServletRequestAttributeListener
instanceKlass javax/servlet/ServletContextAttributeListener
instanceKlass org/apache/catalina/loader/WebappClassLoaderBase$CombinedEnumeration
instanceKlass org/springframework/http/HttpInputMessage
instanceKlass javax/servlet/FilterChain
instanceKlass javax/servlet/FilterConfig
instanceKlass org/springframework/boot/web/servlet/ServletContextInitializerBeans$FilterRegistrationBeanAdapter
instanceKlass org/springframework/boot/web/servlet/ServletContextInitializerBeans$ServletRegistrationBeanAdapter
instanceKlass  @bci org/springframework/boot/web/servlet/ServletContextInitializerBeans getOrderedBeansOfType (Lorg/springframework/beans/factory/ListableBeanFactory;Ljava/lang/Class;Ljava/util/Set;)Ljava/util/List; 123 <appendix> argL0 ; # org/springframework/boot/web/servlet/ServletContextInitializerBeans$$Lambda+0x000001b93332eb08
instanceKlass  @bci org/springframework/boot/autoconfigure/webservices/WebServicesAutoConfiguration messageDispatcherServlet (Lorg/springframework/context/ApplicationContext;Lorg/springframework/boot/autoconfigure/webservices/WebServicesProperties;)Lorg/springframework/boot/web/servlet/ServletRegistrationBean; 103 <appendix> member <vmtarget> ; # org/springframework/boot/autoconfigure/webservices/WebServicesAutoConfiguration$$Lambda+0x000001b93332e8e0
instanceKlass org/springframework/ws/support/DefaultStrategiesHelper
instanceKlass org/springframework/boot/web/servlet/ServletContextInitializerBeans$RegistrationBeanAdapter
instanceKlass org/springframework/web/context/support/ServletContextScope
instanceKlass  @bci org/springframework/boot/web/servlet/server/AbstractServletWebServerFactory lambda$mergeInitializers$0 (Ljavax/servlet/ServletContext;)V 10 <appendix> member <vmtarget> ; # org/springframework/boot/web/servlet/server/AbstractServletWebServerFactory$$Lambda+0x000001b93332dca8
instanceKlass  @cpi org/springframework/boot/web/servlet/server/AbstractServletWebServerFactory 273 form vmentry <vmtarget> ; # java/lang/invoke/LambdaForm$DMH+0x000001b933330000
instanceKlass org/apache/tomcat/InstanceManagerBindings
instanceKlass org/apache/catalina/core/DefaultInstanceManager$AnnotationCacheEntry
instanceKlass org/apache/catalina/core/DefaultInstanceManager
instanceKlass org/apache/catalina/Session
instanceKlass  @bci org/springframework/boot/web/servlet/server/StaticResourceJars getUrls ()Ljava/util/List; 56 <appendix> argL0 ; # org/springframework/boot/web/servlet/server/StaticResourceJars$$Lambda+0x000001b933329528
instanceKlass  @bci org/springframework/boot/web/servlet/server/StaticResourceJars getUrls ()Ljava/util/List; 46 <appendix> member <vmtarget> ; # org/springframework/boot/web/servlet/server/StaticResourceJars$$Lambda+0x000001b9333292f0
instanceKlass org/apache/tomcat/util/http/ConcurrentDateFormat
instanceKlass org/apache/tomcat/util/http/FastHttpDateFormat
instanceKlass javax/security/auth/message/MessageInfo
instanceKlass javax/security/auth/message/config/RegistrationListener
instanceKlass org/apache/catalina/Authenticator
instanceKlass org/apache/tomcat/util/descriptor/web/FilterDef
instanceKlass org/apache/catalina/startup/WebAnnotationSet
instanceKlass org/apache/catalina/security/SecurityUtil
instanceKlass org/apache/catalina/webresources/EmptyResource
instanceKlass org/apache/tomcat/util/compat/JrePlatform
instanceKlass org/apache/catalina/webresources/CachedResource
instanceKlass org/apache/catalina/util/Extension
instanceKlass org/apache/catalina/util/ManifestResource
instanceKlass sun/security/util/ManifestEntryVerifier
instanceKlass java/util/jar/JarVerifier
instanceKlass org/apache/catalina/util/ExtensionValidator
instanceKlass sun/util/cldr/CLDRBaseLocaleDataMetaInfo$TZCanonicalIDMapHolder
instanceKlass java/time/zone/ZoneOffsetTransitionRule
instanceKlass java/time/zone/ZoneRules
instanceKlass  @bci java/time/ZoneOffset ofTotalSeconds (I)Ljava/time/ZoneOffset; 37 <appendix> argL0 ; # java/time/ZoneOffset$$Lambda+0x80000000e
instanceKlass sun/util/resources/provider/NonBaseLocaleDataMetaInfo
instanceKlass  @bci sun/util/locale/provider/JRELocaleProviderAdapter createSupportedLocaleString (Ljava/lang/String;)Ljava/lang/String; 6 <appendix> member <vmtarget> ; # sun/util/locale/provider/JRELocaleProviderAdapter$$Lambda+0x000001b9333518d0
instanceKlass sun/util/locale/provider/BaseLocaleDataMetaInfo
instanceKlass  @bci sun/util/locale/provider/JRELocaleProviderAdapter getTimeZoneNameProvider ()Ljava/util/spi/TimeZoneNameProvider; 8 <appendix> member <vmtarget> ; # sun/util/locale/provider/JRELocaleProviderAdapter$$Lambda+0x000001b933351470
instanceKlass  @bci sun/util/cldr/CLDRLocaleProviderAdapter getTimeZoneNameProvider ()Ljava/util/spi/TimeZoneNameProvider; 8 <appendix> member <vmtarget> ; # sun/util/cldr/CLDRLocaleProviderAdapter$$Lambda+0x000001b933350df8
instanceKlass sun/util/locale/provider/TimeZoneNameUtility$TimeZoneNameGetter
instanceKlass sun/util/locale/provider/TimeZoneNameUtility
instanceKlass  @bci org/apache/tomcat/util/http/CookieProcessorBase <clinit> ()V 0 <appendix> argL0 ; # org/apache/tomcat/util/http/CookieProcessorBase$$Lambda+0x000001b933324958
instanceKlass org/apache/tomcat/util/http/CookieProcessorBase
instanceKlass org/apache/tomcat/util/http/RequestUtil
instanceKlass org/apache/catalina/webresources/TomcatURLStreamHandlerFactory
instanceKlass org/apache/catalina/WebResource
instanceKlass org/apache/catalina/webresources/Cache
instanceKlass org/apache/catalina/WebResourceSet
instanceKlass org/apache/catalina/core/ApplicationSessionCookieConfig
instanceKlass org/apache/catalina/core/ApplicationContextFacade
instanceKlass javax/servlet/RequestDispatcher
instanceKlass javax/servlet/FilterRegistration$Dynamic
instanceKlass javax/servlet/FilterRegistration
instanceKlass javax/servlet/SessionCookieConfig
instanceKlass org/apache/catalina/core/ApplicationContext
instanceKlass org/apache/catalina/util/ContextName
instanceKlass org/apache/catalina/core/ContainerBase$StartChild
instanceKlass org/apache/catalina/realm/X509SubjectDnRetriever
instanceKlass java/util/logging/LogRecord
instanceKlass  @bci java/util/regex/CharPredicates ASCII_SPACE ()Ljava/util/regex/Pattern$BmpCharPredicate; 0 <appendix> argL0 ; # java/util/regex/CharPredicates$$Lambda+0x800000027
instanceKlass  @bci org/apache/catalina/connector/CoyoteAdapter <clinit> ()V 93 <appendix> argL0 ; # org/apache/catalina/connector/CoyoteAdapter$$Lambda+0x000001b9333203e0
instanceKlass org/apache/catalina/util/ServerInfo
instanceKlass org/apache/catalina/connector/CoyoteAdapter
instanceKlass org/apache/catalina/Executor
instanceKlass org/apache/catalina/mbeans/MBeanUtils
instanceKlass org/apache/catalina/mbeans/MBeanFactory
instanceKlass org/apache/tomcat/util/buf/StringCache
instanceKlass org/apache/tomcat/util/threads/ScheduledThreadPoolExecutor
instanceKlass jdk/internal/vm/ThreadContainers
instanceKlass jdk/internal/vm/StackableScope
instanceKlass java/util/concurrent/RunnableScheduledFuture
instanceKlass java/util/concurrent/ScheduledFuture
instanceKlass java/util/concurrent/Delayed
instanceKlass org/apache/tomcat/util/threads/TaskThreadFactory
instanceKlass java/util/concurrent/ThreadPoolExecutor$AbortPolicy
instanceKlass java/util/concurrent/RejectedExecutionHandler
instanceKlass java/util/concurrent/AbstractExecutorService
instanceKlass com/sun/jmx/mbeanserver/Util
instanceKlass javax/management/ObjectName$Property
instanceKlass com/sun/jmx/mbeanserver/GetPropertyAction
instanceKlass  @bci org/springframework/boot/web/embedded/tomcat/TomcatWebServer initialize ()V 50 <appendix> member <vmtarget> ; # org/springframework/boot/web/embedded/tomcat/TomcatWebServer$$Lambda+0x000001b93331de38
instanceKlass  @bci org/springframework/boot/autoconfigure/web/embedded/TomcatWebServerFactoryCustomizer lambda$customizeStaticResources$25 (Lorg/springframework/boot/autoconfigure/web/ServerProperties$Tomcat$Resource;Lorg/apache/catalina/Context;)V 3 <appendix> member <vmtarget> ; # org/springframework/boot/autoconfigure/web/embedded/TomcatWebServerFactoryCustomizer$$Lambda+0x000001b93331cfc8
instanceKlass org/springframework/boot/web/embedded/tomcat/DisableReferenceClearingContextCustomizer
instanceKlass org/springframework/boot/web/embedded/tomcat/TomcatServletWebServerFactory$DisablePersistSessionListener
instanceKlass org/springframework/boot/web/embedded/tomcat/TomcatStarter
instanceKlass org/apache/catalina/core/StandardHost$MemoryLeakTrackingListener
instanceKlass org/springframework/boot/web/servlet/server/AbstractServletWebServerFactory$SessionConfiguringInitializer
instanceKlass  @bci org/springframework/boot/web/servlet/server/AbstractServletWebServerFactory mergeInitializers ([Lorg/springframework/boot/web/servlet/ServletContextInitializer;)[Lorg/springframework/boot/web/servlet/ServletContextInitializer; 10 <appendix> member <vmtarget> ; # org/springframework/boot/web/servlet/server/AbstractServletWebServerFactory$$Lambda+0x000001b93331be70
instanceKlass org/springframework/boot/web/embedded/tomcat/TomcatServletWebServerFactory$StaticResourceConfigurer
instanceKlass java/util/EventListenerProxy
instanceKlass org/apache/tomcat/util/security/PermissionCheck
instanceKlass org/apache/juli/WebappProperties
instanceKlass org/apache/tomcat/InstrumentableClassLoader
instanceKlass org/apache/tomcat/util/scan/StandardJarScanner
instanceKlass org/apache/tomcat/util/scan/StandardJarScanFilter
instanceKlass  @bci org/springframework/boot/web/embedded/tomcat/TomcatServletWebServerFactory addLocaleMappings (Lorg/springframework/boot/web/embedded/tomcat/TomcatEmbeddedContext;)V 5 <appendix> member <vmtarget> ; # org/springframework/boot/web/embedded/tomcat/TomcatServletWebServerFactory$$Lambda+0x000001b9333199c0
instanceKlass org/apache/catalina/util/CharsetMapper
instanceKlass org/apache/catalina/startup/Tomcat$FixContextListener
instanceKlass org/apache/catalina/util/URLEncoder
instanceKlass jdk/internal/logger/LoggerFinderLoader
instanceKlass  @bci java/lang/System$LoggerFinder accessProvider ()Ljava/lang/System$LoggerFinder; 8 <appendix> argL0 ; # java/lang/System$LoggerFinder$$Lambda+0x000001b93334cb08
instanceKlass jdk/internal/logger/LazyLoggers$LazyLoggerFactories
instanceKlass jdk/internal/logger/LazyLoggers$1
instanceKlass jdk/internal/logger/LazyLoggers
instanceKlass com/sun/jmx/remote/util/ClassLogger
instanceKlass javax/management/NotificationBroadcasterSupport$1
instanceKlass javax/management/NotificationBroadcasterSupport
instanceKlass org/apache/catalina/core/StandardContext$ContextFilterMaps
instanceKlass org/apache/catalina/util/ErrorPageSupport
instanceKlass org/apache/tomcat/util/descriptor/web/XmlEncodingBase
instanceKlass org/apache/tomcat/util/descriptor/web/ApplicationParameter
instanceKlass org/apache/catalina/core/StandardContext$1
instanceKlass org/apache/catalina/SessionIdGenerator
instanceKlass org/apache/tomcat/InstanceManager
instanceKlass org/apache/tomcat/util/http/CookieProcessor
instanceKlass org/apache/tomcat/JarScanner
instanceKlass org/apache/catalina/ThreadBindingListener
instanceKlass org/apache/catalina/Globals
instanceKlass org/apache/catalina/realm/RealmBase$AllRolesMode
instanceKlass org/apache/catalina/realm/DigestCredentialHandlerBase
instanceKlass org/apache/catalina/realm/X509UsernameRetriever
instanceKlass org/apache/catalina/CredentialHandler
instanceKlass org/apache/catalina/AccessLog
instanceKlass org/apache/catalina/Pipeline
instanceKlass org/apache/tomcat/util/threads/LimitLatch
instanceKlass org/springframework/boot/web/embedded/tomcat/CompressionConnectorCustomizer
instanceKlass org/apache/tomcat/util/net/SocketWrapperBase
instanceKlass org/apache/tomcat/util/net/SSLImplementation
# instanceKlass java/lang/invoke/LambdaForm$MH+0x000001b933311000
# instanceKlass java/lang/invoke/LambdaForm$MH+0x000001b933310c00
# instanceKlass java/lang/invoke/LambdaForm$MH+0x000001b933310800
# instanceKlass java/lang/invoke/LambdaForm$BMH+0x000001b933310400
# instanceKlass java/lang/invoke/LambdaForm$DMH+0x000001b933310000
instanceKlass org/apache/tomcat/util/buf/CharsetUtil
instanceKlass org/apache/tomcat/util/buf/CharsetCache
instanceKlass org/apache/tomcat/util/buf/B2CConverter
instanceKlass  @bci org/springframework/boot/web/embedded/tomcat/TomcatServletWebServerFactory invokeProtocolHandlerCustomizers (Lorg/apache/coyote/ProtocolHandler;)V 15 <appendix> member <vmtarget> ; # org/springframework/boot/web/embedded/tomcat/TomcatServletWebServerFactory$$Lambda+0x000001b93330f170
instanceKlass org/apache/tomcat/util/net/SSLHostConfig
instanceKlass javax/management/ObjectName
instanceKlass javax/management/QueryExp
instanceKlass org/apache/coyote/Response
instanceKlass org/apache/coyote/Request
instanceKlass org/apache/tomcat/util/XReflectionIntrospectionUtils
instanceKlass org/apache/tomcat/util/IntrospectionUtils
instanceKlass org/apache/catalina/ContainerListener
instanceKlass org/apache/catalina/mapper/Mapper$MapElement
instanceKlass org/apache/catalina/mapper/Mapper
instanceKlass org/apache/tomcat/util/file/ConfigFileLoader
instanceKlass org/apache/tomcat/util/file/ConfigurationSource$1
instanceKlass org/apache/catalina/startup/CatalinaBaseConfigurationSource
instanceKlass org/apache/tomcat/util/descriptor/web/ResourceBase
instanceKlass org/apache/tomcat/util/descriptor/web/Injectable
instanceKlass org/apache/tomcat/util/descriptor/web/NamingResources
instanceKlass java/beans/PropertyChangeListener
instanceKlass java/beans/ChangeListenerMap
instanceKlass java/beans/PropertyChangeSupport
instanceKlass org/apache/tomcat/util/collections/SynchronizedStack
instanceKlass javax/management/NotificationFilter
instanceKlass org/apache/tomcat/util/modeler/BaseModelMBean
instanceKlass javax/management/modelmbean/ModelMBeanNotificationBroadcaster
instanceKlass org/apache/coyote/AbstractProtocol$ConnectionHandler
instanceKlass org/apache/coyote/CompressionConfig
instanceKlass java/util/concurrent/ConcurrentLinkedQueue$Node
instanceKlass org/apache/tomcat/util/net/NioSelectorPool
instanceKlass org/apache/tomcat/util/net/SocketProperties
instanceKlass org/apache/tomcat/util/net/SocketProcessorBase
instanceKlass org/apache/tomcat/util/net/NioChannel
instanceKlass java/util/concurrent/ScheduledExecutorService
instanceKlass org/apache/tomcat/util/net/AbstractEndpoint
instanceKlass org/apache/coyote/Processor
instanceKlass org/apache/tomcat/util/net/AbstractEndpoint$Handler
instanceKlass org/apache/tomcat/util/buf/UDecoder
instanceKlass org/apache/coyote/Adapter
instanceKlass java/io/DeleteOnExitHook$1
instanceKlass java/io/DeleteOnExitHook
instanceKlass sun/nio/fs/WindowsPath$1
instanceKlass sun/security/provider/AbstractDrbg$NonceProvider
instanceKlass  @bci sun/security/provider/AbstractDrbg$SeederHolder <clinit> ()V 42 <appendix> member <vmtarget> ; # sun/security/provider/AbstractDrbg$SeederHolder$$Lambda+0x000001b933346e10
instanceKlass  @cpi sun/security/provider/AbstractDrbg$SeederHolder 91 form vmentry <vmtarget> ; # java/lang/invoke/LambdaForm$DMH+0x000001b933304c00
# instanceKlass java/lang/invoke/LambdaForm$DMH+0x000001b933304800
instanceKlass sun/nio/fs/BasicFileAttributesHolder
instanceKlass sun/nio/fs/WindowsDirectoryStream$WindowsDirectoryIterator
instanceKlass sun/nio/fs/WindowsDirectoryStream
instanceKlass java/nio/file/DirectoryStream
instanceKlass java/nio/file/Files$AcceptAllFilter
instanceKlass java/nio/file/DirectoryStream$Filter
instanceKlass java/net/NetworkInterface$1
instanceKlass java/net/DefaultInterface
instanceKlass java/net/InterfaceAddress
instanceKlass java/net/NetworkInterface
instanceKlass sun/security/provider/ByteArrayAccess$BE
instanceKlass sun/security/provider/ByteArrayAccess
instanceKlass sun/security/provider/SeedGenerator$1
instanceKlass sun/security/util/MessageDigestSpi2
instanceKlass sun/security/jca/GetInstance$Instance
instanceKlass sun/security/jca/GetInstance
instanceKlass java/security/MessageDigestSpi
instanceKlass sun/security/provider/SeedGenerator
instanceKlass sun/security/provider/AbstractDrbg$SeederHolder
instanceKlass java/security/DrbgParameters$NextBytes
instanceKlass  @bci sun/security/provider/AbstractDrbg <clinit> ()V 12 <appendix> argL0 ; # sun/security/provider/AbstractDrbg$$Lambda+0x000001b933343160
instanceKlass  @cpi sun/security/provider/AbstractDrbg 383 form vmentry <vmtarget> ; # java/lang/invoke/LambdaForm$DMH+0x000001b933304400
# instanceKlass java/lang/invoke/LambdaForm$DMH+0x000001b933304000
instanceKlass sun/security/provider/EntropySource
instanceKlass sun/security/provider/AbstractDrbg
instanceKlass java/security/DrbgParameters$Instantiation
instanceKlass java/security/DrbgParameters
instanceKlass sun/security/provider/MoreDrbgParameters
instanceKlass  @bci sun/security/provider/DRBG <init> (Ljava/security/SecureRandomParameters;)V 26 <appendix> argL0 ; # sun/security/provider/DRBG$$Lambda+0x000001b933341ca0
instanceKlass java/security/SecureRandomSpi
instanceKlass java/security/SecureRandomParameters
instanceKlass jdk/internal/event/Event
instanceKlass sun/security/util/SecurityProviderConstants
instanceKlass java/security/Provider$UString
instanceKlass java/security/Provider$Service
instanceKlass sun/security/provider/NativePRNG$NonBlocking
instanceKlass sun/security/provider/NativePRNG$Blocking
instanceKlass sun/security/provider/NativePRNG
instanceKlass sun/security/provider/SunEntries$1
instanceKlass sun/security/provider/SunEntries
instanceKlass sun/security/jca/ProviderList$2
instanceKlass jdk/internal/math/FloatingDecimal$ASCIIToBinaryBuffer
instanceKlass jdk/internal/math/FloatingDecimal$PreparedASCIIToBinaryBuffer
instanceKlass jdk/internal/math/FloatingDecimal$ASCIIToBinaryConverter
instanceKlass jdk/internal/math/FloatingDecimal$BinaryToASCIIBuffer
instanceKlass jdk/internal/math/FloatingDecimal$ExceptionalBinaryToASCIIBuffer
instanceKlass jdk/internal/math/FloatingDecimal$BinaryToASCIIConverter
instanceKlass jdk/internal/math/FloatingDecimal
instanceKlass java/security/Provider$EngineDescription
instanceKlass java/security/Provider$ServiceKey
instanceKlass sun/security/jca/ProviderConfig
instanceKlass sun/security/jca/ProviderList
instanceKlass sun/security/jca/Providers
instanceKlass java/nio/file/TempFileHelper
instanceKlass org/apache/tomcat/util/ExceptionUtils
instanceKlass javax/net/ssl/SSLSession
instanceKlass javax/net/ssl/SSLEngineResult
instanceKlass javax/net/ssl/SSLEngine
instanceKlass java/security/AlgorithmConstraints
instanceKlass javax/net/ssl/SSLParameters
instanceKlass java/net/Socket
instanceKlass java/net/SocketOption
instanceKlass java/net/ServerSocket
instanceKlass java/net/ProtocolFamily
instanceKlass java/net/SocketAddress
instanceKlass java/net/ContentHandlerFactory
instanceKlass java/net/FileNameMap
instanceKlass org/apache/tomcat/util/compat/JreCompat
instanceKlass org/apache/catalina/Wrapper
instanceKlass org/apache/catalina/Realm
instanceKlass org/apache/catalina/Contained
instanceKlass org/apache/catalina/Service
instanceKlass org/apache/tomcat/util/file/ConfigurationSource
instanceKlass org/apache/catalina/Server
instanceKlass javax/management/MBeanFeatureInfo
instanceKlass javax/management/DescriptorRead
instanceKlass org/apache/tomcat/util/modeler/FeatureInfo
instanceKlass java/util/concurrent/locks/ReentrantReadWriteLock$WriteLock
instanceKlass java/util/concurrent/locks/ReentrantReadWriteLock$ReadLock
instanceKlass java/util/concurrent/locks/ReentrantReadWriteLock
instanceKlass java/util/concurrent/locks/ReadWriteLock
instanceKlass org/apache/tomcat/util/modeler/NoDescriptorRegistry$NoJmxMBeanServer
instanceKlass org/apache/tomcat/util/modeler/ManagedBean
instanceKlass javax/management/MBeanServer
instanceKlass javax/management/MBeanServerConnection
instanceKlass org/apache/tomcat/util/modeler/Registry
instanceKlass org/apache/tomcat/util/modeler/RegistryMBean
instanceKlass  @bci org/springframework/boot/web/servlet/context/ServletWebServerApplicationContext getSelfInitializer ()Lorg/springframework/boot/web/servlet/ServletContextInitializer; 1 <appendix> member <vmtarget> ; # org/springframework/boot/web/servlet/context/ServletWebServerApplicationContext$$Lambda+0x000001b9332ff420
instanceKlass javax/servlet/ServletRegistration$Dynamic
instanceKlass  @bci org/springframework/boot/autoconfigure/web/servlet/MultipartProperties createMultipartConfig ()Ljavax/servlet/MultipartConfigElement; 98 <appendix> member <vmtarget> ; # org/springframework/boot/autoconfigure/web/servlet/MultipartProperties$$Lambda+0x000001b9332fed48
instanceKlass  @bci org/springframework/boot/autoconfigure/web/servlet/MultipartProperties createMultipartConfig ()Ljavax/servlet/MultipartConfigElement; 76 <appendix> member <vmtarget> ; # org/springframework/boot/autoconfigure/web/servlet/MultipartProperties$$Lambda+0x000001b9332feb20
instanceKlass  @bci org/springframework/boot/autoconfigure/web/servlet/MultipartProperties createMultipartConfig ()Ljavax/servlet/MultipartConfigElement; 54 <appendix> member <vmtarget> ; # org/springframework/boot/autoconfigure/web/servlet/MultipartProperties$$Lambda+0x000001b9332fe8f8
instanceKlass  @bci org/springframework/boot/autoconfigure/web/servlet/MultipartProperties createMultipartConfig ()Ljavax/servlet/MultipartConfigElement; 29 <appendix> member <vmtarget> ; # org/springframework/boot/autoconfigure/web/servlet/MultipartProperties$$Lambda+0x000001b9332fe6d0
instanceKlass org/springframework/boot/web/servlet/MultipartConfigFactory
instanceKlass  @bci org/springframework/boot/context/properties/bind/handler/NoUnboundElementsBindHandler collectUnbound (Lorg/springframework/boot/context/properties/source/ConfigurationPropertyName;Ljava/util/Set;Lorg/springframework/boot/context/properties/source/IterableConfigurationPropertySource;)V 3 <appendix> member <vmtarget> ; # org/springframework/boot/context/properties/bind/handler/NoUnboundElementsBindHandler$$Lambda+0x000001b9332fe260
instanceKlass org/springframework/boot/context/properties/source/UnboundElementsSourceFilter
instanceKlass  @bci org/springframework/boot/autoconfigure/web/servlet/DispatcherServletAutoConfiguration$DispatcherServletRegistrationConfiguration dispatcherServletRegistration (Lorg/springframework/web/servlet/DispatcherServlet;Lorg/springframework/boot/autoconfigure/web/servlet/WebMvcProperties;Lorg/springframework/beans/factory/ObjectProvider;)Lorg/springframework/boot/autoconfigure/web/servlet/DispatcherServletRegistrationBean; 44 <appendix> member <vmtarget> ; # org/springframework/boot/autoconfigure/web/servlet/DispatcherServletAutoConfiguration$DispatcherServletRegistrationConfiguration$$Lambda+0x000001b9332fba60
instanceKlass javax/servlet/Registration$Dynamic
# instanceKlass java/lang/invoke/LambdaForm$MH+0x000001b9332fcc00
# instanceKlass java/lang/invoke/LambdaForm$MH+0x000001b9332fc800
# instanceKlass java/lang/invoke/LambdaForm$MH+0x000001b9332fc400
# instanceKlass java/lang/invoke/LambdaForm$MH+0x000001b9332fc000
instanceKlass org/springframework/web/context/request/AbstractRequestAttributes
instanceKlass org/springframework/web/context/request/async/WebAsyncManager
instanceKlass org/springframework/web/servlet/ModelAndView
instanceKlass org/springframework/web/servlet/HandlerExecutionChain
instanceKlass javax/servlet/http/HttpServletRequest
instanceKlass org/springframework/web/context/request/async/CallableProcessingInterceptor
instanceKlass org/springframework/context/i18n/LocaleContext
instanceKlass javax/servlet/http/HttpServletResponse
instanceKlass  @bci org/springframework/boot/autoconfigure/web/embedded/TomcatWebServerFactoryCustomizer customizeErrorReportValve (Lorg/springframework/boot/autoconfigure/web/ErrorProperties;Lorg/springframework/boot/web/embedded/tomcat/ConfigurableTomcatWebServerFactory;)V 17 <appendix> argL0 ; # org/springframework/boot/autoconfigure/web/embedded/TomcatWebServerFactoryCustomizer$$Lambda+0x000001b9332f5818
instanceKlass  @bci org/springframework/boot/autoconfigure/web/embedded/TomcatWebServerFactoryCustomizer customizeStaticResources (Lorg/springframework/boot/web/embedded/tomcat/ConfigurableTomcatWebServerFactory;)V 19 <appendix> member <vmtarget> ; # org/springframework/boot/autoconfigure/web/embedded/TomcatWebServerFactoryCustomizer$$Lambda+0x000001b9332f5600
instanceKlass  @bci org/springframework/boot/autoconfigure/web/embedded/TomcatWebServerFactoryCustomizer customize (Lorg/springframework/boot/web/embedded/tomcat/ConfigurableTomcatWebServerFactory;)V 563 <appendix> member <vmtarget> ; # org/springframework/boot/autoconfigure/web/embedded/TomcatWebServerFactoryCustomizer$$Lambda+0x000001b9332f53d8
instanceKlass  @bci org/springframework/boot/autoconfigure/web/embedded/TomcatWebServerFactoryCustomizer customize (Lorg/springframework/boot/web/embedded/tomcat/ConfigurableTomcatWebServerFactory;)V 550 <appendix> member <vmtarget> ; # org/springframework/boot/autoconfigure/web/embedded/TomcatWebServerFactoryCustomizer$$Lambda+0x000001b9332f51a0
instanceKlass  @bci org/springframework/boot/autoconfigure/web/embedded/TomcatWebServerFactoryCustomizer customize (Lorg/springframework/boot/web/embedded/tomcat/ConfigurableTomcatWebServerFactory;)V 541 <appendix> member <vmtarget> ; # org/springframework/boot/autoconfigure/web/embedded/TomcatWebServerFactoryCustomizer$$Lambda+0x000001b9332f4f88
instanceKlass  @bci java/util/stream/Collectors joining ()Ljava/util/stream/Collector; 19 <appendix> argL0 ; # java/util/stream/Collectors$$Lambda+0x000001b9331f4db8
instanceKlass  @bci java/util/stream/Collectors joining ()Ljava/util/stream/Collector; 14 <appendix> argL0 ; # java/util/stream/Collectors$$Lambda+0x000001b9331f4b80
instanceKlass  @bci java/util/stream/Collectors joining ()Ljava/util/stream/Collector; 9 <appendix> argL0 ; # java/util/stream/Collectors$$Lambda+0x000001b9331f4960
instanceKlass  @bci java/util/stream/Collectors joining ()Ljava/util/stream/Collector; 4 <appendix> argL0 ; # java/util/stream/Collectors$$Lambda+0x000001b9331f4750
instanceKlass  @bci org/springframework/boot/autoconfigure/web/embedded/TomcatWebServerFactoryCustomizer joinCharacters (Ljava/util/List;)Ljava/lang/String; 6 <appendix> argL0 ; # org/springframework/boot/autoconfigure/web/embedded/TomcatWebServerFactoryCustomizer$$Lambda+0x000001b9332f4d58
instanceKlass  @bci org/springframework/boot/autoconfigure/web/embedded/TomcatWebServerFactoryCustomizer customize (Lorg/springframework/boot/web/embedded/tomcat/ConfigurableTomcatWebServerFactory;)V 525 <appendix> member <vmtarget> ; # org/springframework/boot/autoconfigure/web/embedded/TomcatWebServerFactoryCustomizer$$Lambda+0x000001b9332f4b30
instanceKlass  @bci org/springframework/boot/context/properties/PropertyMapper$Source whenHasText ()Lorg/springframework/boot/context/properties/PropertyMapper$Source; 1 <appendix> argL0 ; # org/springframework/boot/context/properties/PropertyMapper$Source$$Lambda+0x000001b9332f48f0
instanceKlass  @bci org/springframework/boot/autoconfigure/web/embedded/TomcatWebServerFactoryCustomizer customize (Lorg/springframework/boot/web/embedded/tomcat/ConfigurableTomcatWebServerFactory;)V 512 <appendix> member <vmtarget> ; # org/springframework/boot/autoconfigure/web/embedded/TomcatWebServerFactoryCustomizer$$Lambda+0x000001b9332f46b8
instanceKlass  @bci org/springframework/boot/autoconfigure/web/embedded/TomcatWebServerFactoryCustomizer customize (Lorg/springframework/boot/web/embedded/tomcat/ConfigurableTomcatWebServerFactory;)V 503 <appendix> member <vmtarget> ; # org/springframework/boot/autoconfigure/web/embedded/TomcatWebServerFactoryCustomizer$$Lambda+0x000001b9332f44a0
instanceKlass  @bci org/springframework/boot/autoconfigure/web/embedded/TomcatWebServerFactoryCustomizer customizeProcessorCache (Lorg/springframework/boot/web/embedded/tomcat/ConfigurableTomcatWebServerFactory;I)V 8 <appendix> member <vmtarget> ; # org/springframework/boot/autoconfigure/web/embedded/TomcatWebServerFactoryCustomizer$$Lambda+0x000001b9332f4290
instanceKlass  @bci org/springframework/boot/autoconfigure/web/embedded/TomcatWebServerFactoryCustomizer customize (Lorg/springframework/boot/web/embedded/tomcat/ConfigurableTomcatWebServerFactory;)V 487 <appendix> member <vmtarget> ; # org/springframework/boot/autoconfigure/web/embedded/TomcatWebServerFactoryCustomizer$$Lambda+0x000001b9332f4068
instanceKlass  @bci org/springframework/boot/autoconfigure/web/embedded/TomcatWebServerFactoryCustomizer customize (Lorg/springframework/boot/web/embedded/tomcat/ConfigurableTomcatWebServerFactory;)V 477 <appendix> member <vmtarget> ; # org/springframework/boot/autoconfigure/web/embedded/TomcatWebServerFactoryCustomizer$$Lambda+0x000001b9332f3e50
instanceKlass  @bci org/springframework/boot/autoconfigure/web/embedded/TomcatWebServerFactoryCustomizer customizeAcceptCount (Lorg/springframework/boot/web/embedded/tomcat/ConfigurableTomcatWebServerFactory;I)V 8 <appendix> member <vmtarget> ; # org/springframework/boot/autoconfigure/web/embedded/TomcatWebServerFactoryCustomizer$$Lambda+0x000001b9332f3c40
instanceKlass  @bci org/springframework/boot/autoconfigure/web/embedded/TomcatWebServerFactoryCustomizer customize (Lorg/springframework/boot/web/embedded/tomcat/ConfigurableTomcatWebServerFactory;)V 461 <appendix> member <vmtarget> ; # org/springframework/boot/autoconfigure/web/embedded/TomcatWebServerFactoryCustomizer$$Lambda+0x000001b9332f3a18
instanceKlass  @bci org/springframework/boot/autoconfigure/web/embedded/TomcatWebServerFactoryCustomizer customize (Lorg/springframework/boot/web/embedded/tomcat/ConfigurableTomcatWebServerFactory;)V 451 <appendix> member <vmtarget> ; # org/springframework/boot/autoconfigure/web/embedded/TomcatWebServerFactoryCustomizer$$Lambda+0x000001b9332f37d0
instanceKlass  @bci org/springframework/boot/autoconfigure/web/embedded/TomcatWebServerFactoryCustomizer customize (Lorg/springframework/boot/web/embedded/tomcat/ConfigurableTomcatWebServerFactory;)V 442 <appendix> member <vmtarget> ; # org/springframework/boot/autoconfigure/web/embedded/TomcatWebServerFactoryCustomizer$$Lambda+0x000001b9332f35b8
instanceKlass  @bci org/springframework/boot/autoconfigure/web/embedded/TomcatWebServerFactoryCustomizer customizeMaxConnections (Lorg/springframework/boot/web/embedded/tomcat/ConfigurableTomcatWebServerFactory;I)V 8 <appendix> member <vmtarget> ; # org/springframework/boot/autoconfigure/web/embedded/TomcatWebServerFactoryCustomizer$$Lambda+0x000001b9332f33a8
instanceKlass  @bci org/springframework/boot/autoconfigure/web/embedded/TomcatWebServerFactoryCustomizer customize (Lorg/springframework/boot/web/embedded/tomcat/ConfigurableTomcatWebServerFactory;)V 426 <appendix> member <vmtarget> ; # org/springframework/boot/autoconfigure/web/embedded/TomcatWebServerFactoryCustomizer$$Lambda+0x000001b9332f3180
instanceKlass  @bci org/springframework/boot/autoconfigure/web/embedded/TomcatWebServerFactoryCustomizer customize (Lorg/springframework/boot/web/embedded/tomcat/ConfigurableTomcatWebServerFactory;)V 416 <appendix> member <vmtarget> ; # org/springframework/boot/autoconfigure/web/embedded/TomcatWebServerFactoryCustomizer$$Lambda+0x000001b9332f2f38
instanceKlass  @bci org/springframework/boot/autoconfigure/web/embedded/TomcatWebServerFactoryCustomizer customize (Lorg/springframework/boot/web/embedded/tomcat/ConfigurableTomcatWebServerFactory;)V 407 <appendix> member <vmtarget> ; # org/springframework/boot/autoconfigure/web/embedded/TomcatWebServerFactoryCustomizer$$Lambda+0x000001b9332f2d20
instanceKlass  @bci org/springframework/boot/autoconfigure/web/embedded/TomcatWebServerFactoryCustomizer customize (Lorg/springframework/boot/web/embedded/tomcat/ConfigurableTomcatWebServerFactory;)V 391 <appendix> member <vmtarget> ; # org/springframework/boot/autoconfigure/web/embedded/TomcatWebServerFactoryCustomizer$$Lambda+0x000001b9332f2af8
instanceKlass  @bci org/springframework/boot/autoconfigure/web/embedded/TomcatWebServerFactoryCustomizer customize (Lorg/springframework/boot/web/embedded/tomcat/ConfigurableTomcatWebServerFactory;)V 378 <appendix> member <vmtarget> ; # org/springframework/boot/autoconfigure/web/embedded/TomcatWebServerFactoryCustomizer$$Lambda+0x000001b9332f28e0
instanceKlass  @bci org/springframework/boot/autoconfigure/web/embedded/TomcatWebServerFactoryCustomizer customize (Lorg/springframework/boot/web/embedded/tomcat/ConfigurableTomcatWebServerFactory;)V 362 <appendix> member <vmtarget> ; # org/springframework/boot/autoconfigure/web/embedded/TomcatWebServerFactoryCustomizer$$Lambda+0x000001b9332f26b8
instanceKlass  @bci org/springframework/boot/autoconfigure/web/embedded/TomcatWebServerFactoryCustomizer customize (Lorg/springframework/boot/web/embedded/tomcat/ConfigurableTomcatWebServerFactory;)V 345 <appendix> member <vmtarget> ; # org/springframework/boot/autoconfigure/web/embedded/TomcatWebServerFactoryCustomizer$$Lambda+0x000001b9332f24a0
instanceKlass  @bci org/springframework/boot/autoconfigure/web/embedded/TomcatWebServerFactoryCustomizer customize (Lorg/springframework/boot/web/embedded/tomcat/ConfigurableTomcatWebServerFactory;)V 329 <appendix> member <vmtarget> ; # org/springframework/boot/autoconfigure/web/embedded/TomcatWebServerFactoryCustomizer$$Lambda+0x000001b9332f2278
instanceKlass  @bci org/springframework/boot/autoconfigure/web/embedded/TomcatWebServerFactoryCustomizer customize (Lorg/springframework/boot/web/embedded/tomcat/ConfigurableTomcatWebServerFactory;)V 319 <appendix> argL0 ; # org/springframework/boot/autoconfigure/web/embedded/TomcatWebServerFactoryCustomizer$$Lambda+0x000001b9332f2038
instanceKlass  @bci org/springframework/boot/autoconfigure/web/embedded/TomcatWebServerFactoryCustomizer customize (Lorg/springframework/boot/web/embedded/tomcat/ConfigurableTomcatWebServerFactory;)V 311 <appendix> member <vmtarget> ; # org/springframework/boot/autoconfigure/web/embedded/TomcatWebServerFactoryCustomizer$$Lambda+0x000001b9332f1e20
instanceKlass  @bci org/springframework/boot/autoconfigure/web/embedded/TomcatWebServerFactoryCustomizer customizeMaxHttpFormPostSize (Lorg/springframework/boot/web/embedded/tomcat/ConfigurableTomcatWebServerFactory;I)V 8 <appendix> member <vmtarget> ; # org/springframework/boot/autoconfigure/web/embedded/TomcatWebServerFactoryCustomizer$$Lambda+0x000001b9332f1c10
instanceKlass  @bci org/springframework/boot/autoconfigure/web/embedded/TomcatWebServerFactoryCustomizer customize (Lorg/springframework/boot/web/embedded/tomcat/ConfigurableTomcatWebServerFactory;)V 295 <appendix> member <vmtarget> ; # org/springframework/boot/autoconfigure/web/embedded/TomcatWebServerFactoryCustomizer$$Lambda+0x000001b9332f19e8
instanceKlass  @bci org/springframework/boot/autoconfigure/web/embedded/TomcatWebServerFactoryCustomizer customize (Lorg/springframework/boot/web/embedded/tomcat/ConfigurableTomcatWebServerFactory;)V 285 <appendix> argL0 ; # org/springframework/boot/autoconfigure/web/embedded/TomcatWebServerFactoryCustomizer$$Lambda+0x000001b9332f17a8
instanceKlass  @bci org/springframework/boot/autoconfigure/web/embedded/TomcatWebServerFactoryCustomizer customize (Lorg/springframework/boot/web/embedded/tomcat/ConfigurableTomcatWebServerFactory;)V 277 <appendix> argL0 ; # org/springframework/boot/autoconfigure/web/embedded/TomcatWebServerFactoryCustomizer$$Lambda+0x000001b9332f1578
instanceKlass  @bci org/springframework/boot/autoconfigure/web/embedded/TomcatWebServerFactoryCustomizer customize (Lorg/springframework/boot/web/embedded/tomcat/ConfigurableTomcatWebServerFactory;)V 269 <appendix> member <vmtarget> ; # org/springframework/boot/autoconfigure/web/embedded/TomcatWebServerFactoryCustomizer$$Lambda+0x000001b9332f1360
instanceKlass  @bci org/springframework/boot/autoconfigure/web/embedded/TomcatWebServerFactoryCustomizer customizeMaxSwallowSize (Lorg/springframework/boot/web/embedded/tomcat/ConfigurableTomcatWebServerFactory;I)V 8 <appendix> member <vmtarget> ; # org/springframework/boot/autoconfigure/web/embedded/TomcatWebServerFactoryCustomizer$$Lambda+0x000001b9332f1150
instanceKlass  @bci org/springframework/boot/autoconfigure/web/embedded/TomcatWebServerFactoryCustomizer customize (Lorg/springframework/boot/web/embedded/tomcat/ConfigurableTomcatWebServerFactory;)V 253 <appendix> member <vmtarget> ; # org/springframework/boot/autoconfigure/web/embedded/TomcatWebServerFactoryCustomizer$$Lambda+0x000001b9332f0f28
instanceKlass  @bci org/springframework/boot/autoconfigure/web/embedded/TomcatWebServerFactoryCustomizer customize (Lorg/springframework/boot/web/embedded/tomcat/ConfigurableTomcatWebServerFactory;)V 243 <appendix> argL0 ; # org/springframework/boot/autoconfigure/web/embedded/TomcatWebServerFactoryCustomizer$$Lambda+0x000001b9332f0cf8
instanceKlass  @bci org/springframework/boot/autoconfigure/web/embedded/TomcatWebServerFactoryCustomizer customize (Lorg/springframework/boot/web/embedded/tomcat/ConfigurableTomcatWebServerFactory;)V 232 <appendix> member <vmtarget> ; # org/springframework/boot/autoconfigure/web/embedded/TomcatWebServerFactoryCustomizer$$Lambda+0x000001b9332f0ae0
instanceKlass  @bci org/springframework/boot/autoconfigure/web/embedded/TomcatWebServerFactoryCustomizer customizeMaxHttpHeaderSize (Lorg/springframework/boot/web/embedded/tomcat/ConfigurableTomcatWebServerFactory;I)V 8 <appendix> member <vmtarget> ; # org/springframework/boot/autoconfigure/web/embedded/TomcatWebServerFactoryCustomizer$$Lambda+0x000001b9332f08d0
instanceKlass  @bci org/springframework/boot/autoconfigure/web/embedded/TomcatWebServerFactoryCustomizer customize (Lorg/springframework/boot/web/embedded/tomcat/ConfigurableTomcatWebServerFactory;)V 216 <appendix> member <vmtarget> ; # org/springframework/boot/autoconfigure/web/embedded/TomcatWebServerFactoryCustomizer$$Lambda+0x000001b9332f06a8
instanceKlass  @bci org/springframework/boot/autoconfigure/web/embedded/TomcatWebServerFactoryCustomizer customize (Lorg/springframework/boot/web/embedded/tomcat/ConfigurableTomcatWebServerFactory;)V 206 <appendix> member <vmtarget> ; # org/springframework/boot/autoconfigure/web/embedded/TomcatWebServerFactoryCustomizer$$Lambda+0x000001b9332f0460
instanceKlass  @bci org/springframework/boot/context/properties/PropertyMapper$Source asInt (Ljava/util/function/Function;)Lorg/springframework/boot/context/properties/PropertyMapper$Source; 5 <appendix> argL0 ; # org/springframework/boot/context/properties/PropertyMapper$Source$$Lambda+0x000001b9332f0230
instanceKlass  @bci org/springframework/boot/autoconfigure/web/embedded/TomcatWebServerFactoryCustomizer customize (Lorg/springframework/boot/web/embedded/tomcat/ConfigurableTomcatWebServerFactory;)V 197 <appendix> argL0 ; # org/springframework/boot/autoconfigure/web/embedded/TomcatWebServerFactoryCustomizer$$Lambda+0x000001b9332f0000
instanceKlass  @bci org/springframework/boot/autoconfigure/web/embedded/TomcatWebServerFactoryCustomizer customizeMinThreads (Lorg/springframework/boot/web/embedded/tomcat/ConfigurableTomcatWebServerFactory;I)V 8 <appendix> member <vmtarget> ; # org/springframework/boot/autoconfigure/web/embedded/TomcatWebServerFactoryCustomizer$$Lambda+0x000001b9332ebc20
instanceKlass  @bci org/springframework/boot/autoconfigure/web/embedded/TomcatWebServerFactoryCustomizer customize (Lorg/springframework/boot/web/embedded/tomcat/ConfigurableTomcatWebServerFactory;)V 174 <appendix> member <vmtarget> ; # org/springframework/boot/autoconfigure/web/embedded/TomcatWebServerFactoryCustomizer$$Lambda+0x000001b9332eb9f8
instanceKlass  @bci org/springframework/boot/autoconfigure/web/embedded/TomcatWebServerFactoryCustomizer customize (Lorg/springframework/boot/web/embedded/tomcat/ConfigurableTomcatWebServerFactory;)V 164 <appendix> member <vmtarget> ; # org/springframework/boot/autoconfigure/web/embedded/TomcatWebServerFactoryCustomizer$$Lambda+0x000001b9332eb7b0
instanceKlass  @bci org/springframework/boot/autoconfigure/web/embedded/TomcatWebServerFactoryCustomizer customize (Lorg/springframework/boot/web/embedded/tomcat/ConfigurableTomcatWebServerFactory;)V 155 <appendix> member <vmtarget> ; # org/springframework/boot/autoconfigure/web/embedded/TomcatWebServerFactoryCustomizer$$Lambda+0x000001b9332eb598
instanceKlass  @bci org/springframework/boot/autoconfigure/web/embedded/TomcatWebServerFactoryCustomizer customizeMaxThreads (Lorg/springframework/boot/web/embedded/tomcat/ConfigurableTomcatWebServerFactory;I)V 8 <appendix> member <vmtarget> ; # org/springframework/boot/autoconfigure/web/embedded/TomcatWebServerFactoryCustomizer$$Lambda+0x000001b9332eb388
instanceKlass  @bci org/springframework/boot/autoconfigure/web/embedded/TomcatWebServerFactoryCustomizer customize (Lorg/springframework/boot/web/embedded/tomcat/ConfigurableTomcatWebServerFactory;)V 138 <appendix> member <vmtarget> ; # org/springframework/boot/autoconfigure/web/embedded/TomcatWebServerFactoryCustomizer$$Lambda+0x000001b9332eb160
instanceKlass  @bci org/springframework/boot/autoconfigure/web/embedded/TomcatWebServerFactoryCustomizer customize (Lorg/springframework/boot/web/embedded/tomcat/ConfigurableTomcatWebServerFactory;)V 126 <appendix> member <vmtarget> ; # org/springframework/boot/autoconfigure/web/embedded/TomcatWebServerFactoryCustomizer$$Lambda+0x000001b9332eaf18
instanceKlass  @cpi org/springframework/boot/autoconfigure/web/embedded/TomcatWebServerFactoryCustomizer 405 form vmentry <vmtarget> ; # java/lang/invoke/LambdaForm$DMH+0x000001b9332e9c00
instanceKlass  @bci org/springframework/boot/autoconfigure/web/embedded/TomcatWebServerFactoryCustomizer customize (Lorg/springframework/boot/web/embedded/tomcat/ConfigurableTomcatWebServerFactory;)V 117 <appendix> member <vmtarget> ; # org/springframework/boot/autoconfigure/web/embedded/TomcatWebServerFactoryCustomizer$$Lambda+0x000001b9332ead00
instanceKlass  @bci org/springframework/boot/autoconfigure/web/embedded/TomcatWebServerFactoryCustomizer customize (Lorg/springframework/boot/web/embedded/tomcat/ConfigurableTomcatWebServerFactory;)V 89 <appendix> member <vmtarget> ; # org/springframework/boot/autoconfigure/web/embedded/TomcatWebServerFactoryCustomizer$$Lambda+0x000001b9332eaad8
instanceKlass  @bci org/springframework/boot/autoconfigure/web/embedded/TomcatWebServerFactoryCustomizer customize (Lorg/springframework/boot/web/embedded/tomcat/ConfigurableTomcatWebServerFactory;)V 75 <appendix> argL0 ; # org/springframework/boot/autoconfigure/web/embedded/TomcatWebServerFactoryCustomizer$$Lambda+0x000001b9332ea8a8
instanceKlass  @bci org/springframework/boot/context/properties/PropertyMapper$Source as (Ljava/util/function/Function;)Lorg/springframework/boot/context/properties/PropertyMapper$Source; 23 <appendix> member <vmtarget> ; # org/springframework/boot/context/properties/PropertyMapper$Source$$Lambda+0x000001b9332ea690
instanceKlass  @bci org/springframework/boot/context/properties/PropertyMapper$Source as (Ljava/util/function/Function;)Lorg/springframework/boot/context/properties/PropertyMapper$Source; 14 <appendix> member <vmtarget> ; # org/springframework/boot/context/properties/PropertyMapper$Source$$Lambda+0x000001b9332ea448
instanceKlass  @bci org/springframework/boot/context/properties/PropertyMapper$Source as (Ljava/util/function/Function;)Lorg/springframework/boot/context/properties/PropertyMapper$Source; 7 <appendix> member <vmtarget> ; # org/springframework/boot/context/properties/PropertyMapper$Source$$Lambda+0x000001b9332ea230
instanceKlass  @bci org/springframework/boot/autoconfigure/web/embedded/TomcatWebServerFactoryCustomizer customize (Lorg/springframework/boot/web/embedded/tomcat/ConfigurableTomcatWebServerFactory;)V 67 <appendix> argL0 ; # org/springframework/boot/autoconfigure/web/embedded/TomcatWebServerFactoryCustomizer$$Lambda+0x000001b9332ea000
instanceKlass  @bci org/springframework/boot/autoconfigure/web/embedded/TomcatWebServerFactoryCustomizer customize (Lorg/springframework/boot/web/embedded/tomcat/ConfigurableTomcatWebServerFactory;)V 56 <appendix> member <vmtarget> ; # org/springframework/boot/autoconfigure/web/embedded/TomcatWebServerFactoryCustomizer$$Lambda+0x000001b9332efd88
instanceKlass  @bci org/springframework/boot/autoconfigure/web/embedded/TomcatWebServerFactoryCustomizer customize (Lorg/springframework/boot/web/embedded/tomcat/ConfigurableTomcatWebServerFactory;)V 40 <appendix> member <vmtarget> ; # org/springframework/boot/autoconfigure/web/embedded/TomcatWebServerFactoryCustomizer$$Lambda+0x000001b9332efb60
instanceKlass  @bci org/springframework/boot/autoconfigure/web/embedded/TomcatWebServerFactoryCustomizer customize (Lorg/springframework/boot/web/embedded/tomcat/ConfigurableTomcatWebServerFactory;)V 23 <appendix> member <vmtarget> ; # org/springframework/boot/autoconfigure/web/embedded/TomcatWebServerFactoryCustomizer$$Lambda+0x000001b9332ef948
instanceKlass  @bci org/springframework/boot/autoconfigure/web/servlet/TomcatServletWebServerFactoryCustomizer customizeUseRelativeRedirects (Lorg/springframework/boot/web/embedded/tomcat/ConfigurableTomcatWebServerFactory;Z)V 8 <appendix> member <vmtarget> ; # org/springframework/boot/autoconfigure/web/servlet/TomcatServletWebServerFactoryCustomizer$$Lambda+0x000001b9332ef738
instanceKlass  @bci org/springframework/boot/autoconfigure/web/servlet/TomcatServletWebServerFactoryCustomizer customizeRedirectContextRoot (Lorg/springframework/boot/web/embedded/tomcat/ConfigurableTomcatWebServerFactory;Z)V 8 <appendix> member <vmtarget> ; # org/springframework/boot/autoconfigure/web/servlet/TomcatServletWebServerFactoryCustomizer$$Lambda+0x000001b9332ef528
instanceKlass  @cpi org/springframework/boot/autoconfigure/web/embedded/TomcatWebServerFactoryCustomizer 461 form vmentry <vmtarget> ; # java/lang/invoke/LambdaForm$DMH+0x000001b9332e9800
instanceKlass  @bci org/springframework/boot/autoconfigure/web/servlet/ServletWebServerFactoryCustomizer customize (Lorg/springframework/boot/web/servlet/server/ConfigurableServletWebServerFactory;)V 426 <appendix> member <vmtarget> ; # org/springframework/boot/autoconfigure/web/servlet/ServletWebServerFactoryCustomizer$$Lambda+0x000001b9332ef300
instanceKlass  @bci org/springframework/boot/context/properties/PropertyMapper from (Ljava/lang/Object;)Lorg/springframework/boot/context/properties/PropertyMapper$Source; 2 <appendix> member <vmtarget> ; # org/springframework/boot/context/properties/PropertyMapper$$Lambda+0x000001b9332ef0e8
instanceKlass  @bci org/springframework/boot/autoconfigure/web/servlet/ServletWebServerFactoryCustomizer customize (Lorg/springframework/boot/web/servlet/server/ConfigurableServletWebServerFactory;)V 401 <appendix> member <vmtarget> ; # org/springframework/boot/autoconfigure/web/servlet/ServletWebServerFactoryCustomizer$$Lambda+0x000001b9332eeec0
instanceKlass  @bci org/springframework/boot/autoconfigure/web/servlet/ServletWebServerFactoryCustomizer customize (Lorg/springframework/boot/web/servlet/server/ConfigurableServletWebServerFactory;)V 387 <appendix> member <vmtarget> ; # org/springframework/boot/autoconfigure/web/servlet/ServletWebServerFactoryCustomizer$$Lambda+0x000001b9332eeca8
instanceKlass  @bci org/springframework/boot/autoconfigure/web/servlet/ServletWebServerFactoryCustomizer customize (Lorg/springframework/boot/web/servlet/server/ConfigurableServletWebServerFactory;)V 366 <appendix> member <vmtarget> ; # org/springframework/boot/autoconfigure/web/servlet/ServletWebServerFactoryCustomizer$$Lambda+0x000001b9332eea80
instanceKlass  @bci org/springframework/boot/autoconfigure/web/servlet/ServletWebServerFactoryCustomizer customize (Lorg/springframework/boot/web/servlet/server/ConfigurableServletWebServerFactory;)V 352 <appendix> member <vmtarget> ; # org/springframework/boot/autoconfigure/web/servlet/ServletWebServerFactoryCustomizer$$Lambda+0x000001b9332ee868
instanceKlass  @bci org/springframework/boot/autoconfigure/web/servlet/ServletWebServerFactoryCustomizer customize (Lorg/springframework/boot/web/servlet/server/ConfigurableServletWebServerFactory;)V 334 <appendix> member <vmtarget> ; # org/springframework/boot/autoconfigure/web/servlet/ServletWebServerFactoryCustomizer$$Lambda+0x000001b9332ee640
instanceKlass  @bci org/springframework/boot/autoconfigure/web/servlet/ServletWebServerFactoryCustomizer customize (Lorg/springframework/boot/web/servlet/server/ConfigurableServletWebServerFactory;)V 320 <appendix> member <vmtarget> ; # org/springframework/boot/autoconfigure/web/servlet/ServletWebServerFactoryCustomizer$$Lambda+0x000001b9332ee428
instanceKlass  @bci org/springframework/boot/autoconfigure/web/servlet/ServletWebServerFactoryCustomizer customize (Lorg/springframework/boot/web/servlet/server/ConfigurableServletWebServerFactory;)V 302 <appendix> member <vmtarget> ; # org/springframework/boot/autoconfigure/web/servlet/ServletWebServerFactoryCustomizer$$Lambda+0x000001b9332ee200
instanceKlass  @bci org/springframework/boot/autoconfigure/web/servlet/ServletWebServerFactoryCustomizer customize (Lorg/springframework/boot/web/servlet/server/ConfigurableServletWebServerFactory;)V 288 <appendix> member <vmtarget> ; # org/springframework/boot/autoconfigure/web/servlet/ServletWebServerFactoryCustomizer$$Lambda+0x000001b9332edfe8
instanceKlass  @bci org/springframework/boot/autoconfigure/web/servlet/ServletWebServerFactoryCustomizer customize (Lorg/springframework/boot/web/servlet/server/ConfigurableServletWebServerFactory;)V 270 <appendix> member <vmtarget> ; # org/springframework/boot/autoconfigure/web/servlet/ServletWebServerFactoryCustomizer$$Lambda+0x000001b9332eddc0
instanceKlass  @bci org/springframework/boot/autoconfigure/web/servlet/ServletWebServerFactoryCustomizer customize (Lorg/springframework/boot/web/servlet/server/ConfigurableServletWebServerFactory;)V 256 <appendix> member <vmtarget> ; # org/springframework/boot/autoconfigure/web/servlet/ServletWebServerFactoryCustomizer$$Lambda+0x000001b9332edba8
instanceKlass  @bci org/springframework/boot/autoconfigure/web/servlet/ServletWebServerFactoryCustomizer customize (Lorg/springframework/boot/web/servlet/server/ConfigurableServletWebServerFactory;)V 235 <appendix> member <vmtarget> ; # org/springframework/boot/autoconfigure/web/servlet/ServletWebServerFactoryCustomizer$$Lambda+0x000001b9332ed980
instanceKlass  @bci org/springframework/boot/autoconfigure/web/servlet/ServletWebServerFactoryCustomizer customize (Lorg/springframework/boot/web/servlet/server/ConfigurableServletWebServerFactory;)V 221 <appendix> member <vmtarget> ; # org/springframework/boot/autoconfigure/web/servlet/ServletWebServerFactoryCustomizer$$Lambda+0x000001b9332ed768
instanceKlass  @bci org/springframework/boot/autoconfigure/web/servlet/ServletWebServerFactoryCustomizer customize (Lorg/springframework/boot/web/servlet/server/ConfigurableServletWebServerFactory;)V 203 <appendix> member <vmtarget> ; # org/springframework/boot/autoconfigure/web/servlet/ServletWebServerFactoryCustomizer$$Lambda+0x000001b9332ed540
instanceKlass  @bci org/springframework/boot/autoconfigure/web/servlet/ServletWebServerFactoryCustomizer customize (Lorg/springframework/boot/web/servlet/server/ConfigurableServletWebServerFactory;)V 189 <appendix> member <vmtarget> ; # org/springframework/boot/autoconfigure/web/servlet/ServletWebServerFactoryCustomizer$$Lambda+0x000001b9332ed328
instanceKlass  @bci org/springframework/boot/autoconfigure/web/servlet/ServletWebServerFactoryCustomizer customize (Lorg/springframework/boot/web/servlet/server/ConfigurableServletWebServerFactory;)V 168 <appendix> member <vmtarget> ; # org/springframework/boot/autoconfigure/web/servlet/ServletWebServerFactoryCustomizer$$Lambda+0x000001b9332ed100
instanceKlass  @bci org/springframework/boot/autoconfigure/web/servlet/ServletWebServerFactoryCustomizer customize (Lorg/springframework/boot/web/servlet/server/ConfigurableServletWebServerFactory;)V 154 <appendix> member <vmtarget> ; # org/springframework/boot/autoconfigure/web/servlet/ServletWebServerFactoryCustomizer$$Lambda+0x000001b9332ecee8
instanceKlass  @bci org/springframework/boot/autoconfigure/web/servlet/ServletWebServerFactoryCustomizer customize (Lorg/springframework/boot/web/servlet/server/ConfigurableServletWebServerFactory;)V 133 <appendix> member <vmtarget> ; # org/springframework/boot/autoconfigure/web/servlet/ServletWebServerFactoryCustomizer$$Lambda+0x000001b9332eccc0
instanceKlass  @bci org/springframework/boot/autoconfigure/web/servlet/ServletWebServerFactoryCustomizer customize (Lorg/springframework/boot/web/servlet/server/ConfigurableServletWebServerFactory;)V 119 <appendix> member <vmtarget> ; # org/springframework/boot/autoconfigure/web/servlet/ServletWebServerFactoryCustomizer$$Lambda+0x000001b9332ecaa8
instanceKlass  @bci org/springframework/boot/autoconfigure/web/servlet/ServletWebServerFactoryCustomizer customize (Lorg/springframework/boot/web/servlet/server/ConfigurableServletWebServerFactory;)V 98 <appendix> member <vmtarget> ; # org/springframework/boot/autoconfigure/web/servlet/ServletWebServerFactoryCustomizer$$Lambda+0x000001b9332ec880
instanceKlass  @bci org/springframework/boot/autoconfigure/web/servlet/ServletWebServerFactoryCustomizer customize (Lorg/springframework/boot/web/servlet/server/ConfigurableServletWebServerFactory;)V 84 <appendix> member <vmtarget> ; # org/springframework/boot/autoconfigure/web/servlet/ServletWebServerFactoryCustomizer$$Lambda+0x000001b9332ec668
instanceKlass  @bci org/springframework/boot/autoconfigure/web/servlet/ServletWebServerFactoryCustomizer customize (Lorg/springframework/boot/web/servlet/server/ConfigurableServletWebServerFactory;)V 63 <appendix> member <vmtarget> ; # org/springframework/boot/autoconfigure/web/servlet/ServletWebServerFactoryCustomizer$$Lambda+0x000001b9332ec440
instanceKlass  @bci org/springframework/boot/autoconfigure/web/servlet/ServletWebServerFactoryCustomizer customize (Lorg/springframework/boot/web/servlet/server/ConfigurableServletWebServerFactory;)V 49 <appendix> member <vmtarget> ; # org/springframework/boot/autoconfigure/web/servlet/ServletWebServerFactoryCustomizer$$Lambda+0x000001b9332ec228
instanceKlass  @bci org/springframework/boot/autoconfigure/web/servlet/ServletWebServerFactoryCustomizer customize (Lorg/springframework/boot/web/servlet/server/ConfigurableServletWebServerFactory;)V 31 <appendix> member <vmtarget> ; # org/springframework/boot/autoconfigure/web/servlet/ServletWebServerFactoryCustomizer$$Lambda+0x000001b9332ec000
instanceKlass  @cpi org/springframework/boot/autoconfigure/web/embedded/TomcatWebServerFactoryCustomizer 397 form vmentry <vmtarget> ; # java/lang/invoke/LambdaForm$DMH+0x000001b9332e9400
instanceKlass  @bci org/springframework/boot/context/properties/PropertyMapper$Source whenNonNull ()Lorg/springframework/boot/context/properties/PropertyMapper$Source; 15 <appendix> argL0 ; # org/springframework/boot/context/properties/PropertyMapper$Source$$Lambda+0x000001b9332e7d90
instanceKlass org/springframework/boot/context/properties/PropertyMapper$NullPointerExceptionSafeSupplier
instanceKlass org/springframework/boot/context/properties/PropertyMapper$CachingSupplier
instanceKlass  @bci org/springframework/boot/autoconfigure/web/servlet/ServletWebServerFactoryCustomizer customize (Lorg/springframework/boot/web/servlet/server/ConfigurableServletWebServerFactory;)V 17 <appendix> member <vmtarget> ; # org/springframework/boot/autoconfigure/web/servlet/ServletWebServerFactoryCustomizer$$Lambda+0x000001b9332e7738
instanceKlass  @bci org/springframework/boot/context/properties/PropertyMapper alwaysApplyingWhenNonNull ()Lorg/springframework/boot/context/properties/PropertyMapper; 2 <appendix> member <vmtarget> ; # org/springframework/boot/context/properties/PropertyMapper$$Lambda+0x000001b9332e7520
instanceKlass org/springframework/boot/context/properties/PropertyMapper$Source
instanceKlass org/springframework/boot/context/properties/PropertyMapper$SourceOperator
instanceKlass  @bci org/springframework/boot/context/properties/PropertyMapper <clinit> ()V 0 <appendix> argL0 ; # org/springframework/boot/context/properties/PropertyMapper$$Lambda+0x000001b9332e6ef0
instanceKlass org/springframework/boot/context/properties/PropertyMapper
instanceKlass org/springframework/boot/util/LambdaSafe$InvocationResult
instanceKlass  @bci org/springframework/boot/autoconfigure/websocket/servlet/TomcatWebSocketServletWebServerCustomizer customize (Lorg/springframework/boot/web/embedded/tomcat/TomcatServletWebServerFactory;)V 7 <appendix> argL0 ; # org/springframework/boot/autoconfigure/websocket/servlet/TomcatWebSocketServletWebServerCustomizer$$Lambda+0x000001b9332e68e0
instanceKlass  @bci org/springframework/boot/util/LambdaSafe$Callbacks lambda$invoke$1 (Ljava/util/function/Consumer;Ljava/lang/Object;)V 4 <appendix> member <vmtarget> ; # org/springframework/boot/util/LambdaSafe$Callbacks$$Lambda+0x000001b9332e66c8
instanceKlass  @bci org/springframework/boot/util/LambdaSafe$Callbacks invoke (Ljava/util/function/Consumer;)V 6 <appendix> member <vmtarget> ; # org/springframework/boot/util/LambdaSafe$Callbacks$$Lambda+0x000001b9332e64a0
instanceKlass  @bci org/springframework/boot/web/server/WebServerFactoryCustomizerBeanPostProcessor postProcessBeforeInitialization (Lorg/springframework/boot/web/server/WebServerFactory;)V 23 <appendix> member <vmtarget> ; # org/springframework/boot/web/server/WebServerFactoryCustomizerBeanPostProcessor$$Lambda+0x000001b9332e6278
instanceKlass org/springframework/boot/util/LambdaSafe$GenericTypeFilter
instanceKlass org/springframework/boot/util/LambdaSafe$Filter
instanceKlass org/springframework/boot/util/LambdaSafe$LambdaSafeCallback
instanceKlass jdk/internal/classfile/ClassElement
instanceKlass jdk/internal/classfile/ClassfileElement
instanceKlass jdk/internal/classfile/ClassBuilder
instanceKlass jdk/internal/classfile/ClassfileBuilder
instanceKlass java/lang/reflect/AnnotatedType
instanceKlass java/lang/Class$EnclosingMethodInfo
instanceKlass org/springframework/boot/util/LambdaSafe
instanceKlass org/springframework/util/MethodInvoker
instanceKlass org/springframework/beans/factory/support/ConstructorResolver$ConstructorPropertiesChecker
# instanceKlass java/lang/invoke/LambdaForm$MH+0x000001b9332e9000
# instanceKlass java/lang/invoke/LambdaForm$MH+0x000001b9332e8c00
# instanceKlass java/lang/invoke/LambdaForm$MH+0x000001b9332e8800
# instanceKlass java/lang/invoke/LambdaForm$MH+0x000001b9332e8400
# instanceKlass java/lang/invoke/LambdaForm$MH+0x000001b9332e8000
instanceKlass  @bci org/springframework/boot/context/properties/bind/PropertySourcesPlaceholdersResolver resolvePlaceholders (Ljava/lang/Object;)Ljava/lang/Object; 16 <appendix> member <vmtarget> ; # org/springframework/boot/context/properties/bind/PropertySourcesPlaceholdersResolver$$Lambda+0x000001b9332e4cc8
instanceKlass  @bci org/springframework/boot/context/properties/ConfigurationPropertiesBinder getPropertyEditorInitializer ()Ljava/util/function/Consumer; 27 <appendix> member <vmtarget> ; # org/springframework/boot/context/properties/ConfigurationPropertiesBinder$$Lambda+0x000001b9332e4aa0
instanceKlass org/springframework/beans/factory/annotation/BeanFactoryAnnotationUtils
instanceKlass org/springframework/boot/context/properties/ConversionServiceDeducer$Factory
instanceKlass org/springframework/core/NestedExceptionUtils
instanceKlass org/springframework/boot/context/properties/ConversionServiceDeducer
instanceKlass org/springframework/beans/factory/support/DefaultListableBeanFactory$1
instanceKlass org/springframework/boot/context/properties/ConfigurationPropertiesBindHandlerAdvisor
instanceKlass  @bci org/springframework/core/annotation/SynthesizedMergedAnnotationInvocationHandler lambda$getAttributeValue$1 (Ljava/lang/reflect/Method;Ljava/lang/String;)Ljava/lang/Object; 21 <appendix> member <vmtarget> ; # org/springframework/core/annotation/SynthesizedMergedAnnotationInvocationHandler$$Lambda+0x000001b9332e3b58
instanceKlass  @bci org/springframework/core/annotation/SynthesizedMergedAnnotationInvocationHandler getAttributeValue (Ljava/lang/reflect/Method;)Ljava/lang/Object; 10 <appendix> member <vmtarget> ; # org/springframework/core/annotation/SynthesizedMergedAnnotationInvocationHandler$$Lambda+0x000001b9332e3920
instanceKlass  @bci org/springframework/boot/context/properties/ConfigurationPropertiesBinder getHandler ()Lorg/springframework/boot/context/properties/bind/handler/IgnoreTopLevelConverterNotFoundBindHandler; 26 <appendix> member <vmtarget> ; # org/springframework/boot/context/properties/ConfigurationPropertiesBinder$$Lambda+0x000001b9332e36f8
instanceKlass org/springframework/validation/annotation/Validated
instanceKlass org/springframework/core/annotation/SynthesizedMergedAnnotationInvocationHandler
instanceKlass org/springframework/core/annotation/SynthesizedAnnotation
instanceKlass org/springframework/boot/context/properties/NestedConfigurationProperty
instanceKlass org/springframework/boot/autoconfigure/web/ServerProperties$Undertow$Options
instanceKlass org/springframework/boot/autoconfigure/web/ServerProperties$Undertow$Threads
instanceKlass org/springframework/boot/autoconfigure/web/ServerProperties$Undertow$Accesslog
instanceKlass org/springframework/boot/autoconfigure/web/ServerProperties$Jetty$Threads
instanceKlass org/springframework/boot/autoconfigure/web/ServerProperties$Jetty$Accesslog
instanceKlass org/springframework/boot/autoconfigure/web/ServerProperties$Tomcat$Remoteip
instanceKlass org/springframework/boot/autoconfigure/web/ServerProperties$Tomcat$Mbeanregistry
instanceKlass org/springframework/boot/autoconfigure/web/ServerProperties$Tomcat$Resource
instanceKlass org/springframework/boot/autoconfigure/web/ServerProperties$Tomcat$Threads
instanceKlass org/springframework/boot/autoconfigure/web/ServerProperties$Tomcat$Accesslog
instanceKlass org/springframework/boot/web/servlet/server/Encoding
instanceKlass org/springframework/boot/autoconfigure/web/ErrorProperties$Whitelabel
instanceKlass org/springframework/boot/web/servlet/WebListenerRegistrar
instanceKlass  @bci org/springframework/core/BridgeMethodResolver findBridgedMethod (Ljava/lang/reflect/Method;)Ljava/lang/reflect/Method; 51 <appendix> member <vmtarget> ; # org/springframework/core/BridgeMethodResolver$$Lambda+0x000001b9332d9c00
instanceKlass  @bci org/springframework/core/BridgeMethodResolver findBridgedMethod (Ljava/lang/reflect/Method;)Ljava/lang/reflect/Method; 35 <appendix> member <vmtarget> ; # org/springframework/core/BridgeMethodResolver$$Lambda+0x000001b9332d99d8
instanceKlass org/springframework/boot/web/server/ErrorPage
instanceKlass org/springframework/boot/web/server/SslStoreProvider
instanceKlass org/apache/catalina/Valve
instanceKlass org/springframework/boot/web/embedded/tomcat/TomcatWebServer
instanceKlass org/apache/catalina/Engine
instanceKlass org/apache/coyote/AbstractProtocol
instanceKlass org/apache/catalina/util/LifecycleBase
instanceKlass org/apache/catalina/JmxEnabled
instanceKlass javax/management/MBeanRegistration
instanceKlass org/apache/coyote/ProtocolHandler
instanceKlass org/apache/catalina/Host
instanceKlass  @bci java/util/stream/SortedOps$RefSortingSink end ()V 48 <appendix> member <vmtarget> ; # java/util/stream/SortedOps$RefSortingSink$$Lambda+0x000001b9331f31d0
instanceKlass java/util/stream/SortedOps
instanceKlass  @bci org/springframework/core/OrderComparator withSourceProvider (Lorg/springframework/core/OrderComparator$OrderSourceProvider;)Ljava/util/Comparator; 2 <appendix> member <vmtarget> ; # org/springframework/core/OrderComparator$$Lambda+0x000001b9332d1688
instanceKlass  @cpi org/springframework/core/OrderComparator 102 form vmentry <vmtarget> ; # java/lang/invoke/LambdaForm$DMH+0x000001b9332d8000
instanceKlass org/springframework/beans/factory/support/DefaultListableBeanFactory$FactoryAwareOrderSourceProvider
instanceKlass  @bci org/springframework/beans/factory/support/DefaultListableBeanFactory createFactoryAwareOrderSourceProvider (Ljava/util/Map;)Lorg/springframework/core/OrderComparator$OrderSourceProvider; 10 <appendix> member <vmtarget> ; # org/springframework/beans/factory/support/DefaultListableBeanFactory$$Lambda+0x000001b9332d1240
instanceKlass  @bci org/springframework/beans/factory/support/DefaultListableBeanFactory resolveMultipleBeans (Lorg/springframework/beans/factory/config/DependencyDescriptor;Ljava/lang/String;Ljava/util/Set;Lorg/springframework/beans/TypeConverter;)Ljava/lang/Object; 67 <appendix> argL0 ; # org/springframework/beans/factory/support/DefaultListableBeanFactory$$Lambda+0x000001b9332d1000
instanceKlass  @bci org/springframework/beans/factory/support/DefaultListableBeanFactory resolveMultipleBeans (Lorg/springframework/beans/factory/config/DependencyDescriptor;Ljava/lang/String;Ljava/util/Set;Lorg/springframework/beans/TypeConverter;)Ljava/lang/Object; 57 <appendix> member <vmtarget> ; # org/springframework/beans/factory/support/DefaultListableBeanFactory$$Lambda+0x000001b9332d3d08
instanceKlass org/springframework/boot/web/embedded/tomcat/TldPatterns
instanceKlass org/apache/tomcat/jni/Library
instanceKlass org/apache/catalina/core/AprStatus
instanceKlass java/util/ResourceBundle$Control$2
instanceKlass java/util/ResourceBundle$CacheKeyReference
instanceKlass java/util/ResourceBundle$CacheKey
instanceKlass  @bci java/util/ResourceBundle getLoader (Ljava/lang/Module;)Ljava/lang/ClassLoader; 6 <appendix> member <vmtarget> ; # java/util/ResourceBundle$$Lambda+0x000001b9331f0f68
instanceKlass  @bci java/util/stream/ReferencePipeline toArray ()[Ljava/lang/Object; 1 <appendix> argL0 ; # java/util/stream/ReferencePipeline$$Lambda+0x000001b9331f09a0
instanceKlass java/util/ImmutableCollections$Access$1
instanceKlass jdk/internal/access/JavaUtilCollectionAccess
instanceKlass java/util/ImmutableCollections$Access
instanceKlass  @bci java/util/ResourceBundle$ResourceBundleControlProviderHolder lambda$static$0 ()Ljava/util/List; 11 <appendix> argL0 ; # java/util/ResourceBundle$ResourceBundleControlProviderHolder$$Lambda+0x000001b9331f0160
instanceKlass java/util/spi/ResourceBundleControlProvider
instanceKlass  @bci java/util/ResourceBundle$ResourceBundleControlProviderHolder <clinit> ()V 0 <appendix> argL0 ; # java/util/ResourceBundle$ResourceBundleControlProviderHolder$$Lambda+0x000001b9331efd60
instanceKlass java/util/ResourceBundle$ResourceBundleControlProviderHolder
instanceKlass org/apache/tomcat/util/res/StringManager
instanceKlass org/apache/juli/logging/DirectJDKLog
instanceKlass org/apache/juli/logging/Log
instanceKlass org/apache/juli/logging/LogFactory
instanceKlass org/apache/catalina/core/AprLifecycleListener
instanceKlass org/springframework/boot/web/servlet/server/StaticResourceJars
instanceKlass org/springframework/boot/web/servlet/server/DocumentRoot
instanceKlass org/springframework/boot/web/servlet/server/Jsp
instanceKlass org/springframework/boot/web/server/MimeMappings$Mapping
instanceKlass org/springframework/boot/web/server/MimeMappings
instanceKlass org/springframework/boot/web/servlet/server/SessionStoreDirectory
instanceKlass org/springframework/boot/web/servlet/server/Session$Cookie
instanceKlass org/springframework/boot/web/servlet/server/Session
instanceKlass org/apache/catalina/Manager
instanceKlass org/apache/tomcat/JarScanFilter
instanceKlass org/springframework/boot/web/server/WebServer
instanceKlass org/apache/catalina/Context
instanceKlass org/apache/tomcat/ContextBind
instanceKlass org/apache/catalina/Container
instanceKlass org/apache/catalina/Loader
instanceKlass org/apache/catalina/LifecycleListener
instanceKlass org/apache/catalina/WebResourceRoot
instanceKlass org/apache/catalina/Lifecycle
# instanceKlass java/lang/invoke/LambdaForm$MH+0x000001b9332d0c00
# instanceKlass java/lang/invoke/LambdaForm$MH+0x000001b9332d0800
# instanceKlass java/lang/invoke/LambdaForm$DMH+0x000001b9332d0400
instanceKlass org/springframework/boot/web/embedded/tomcat/TomcatProtocolHandlerCustomizer
instanceKlass org/springframework/boot/web/embedded/tomcat/TomcatContextCustomizer
instanceKlass org/springframework/boot/web/embedded/tomcat/TomcatConnectorCustomizer
instanceKlass org/springframework/ui/context/Theme
instanceKlass org/springframework/ui/context/support/ResourceBundleThemeSource
instanceKlass org/springframework/ui/context/HierarchicalThemeSource
instanceKlass org/springframework/ui/context/support/UiApplicationContextUtils
instanceKlass org/springframework/context/support/MessageSourceSupport
instanceKlass org/springframework/context/HierarchicalMessageSource
instanceKlass org/springframework/core/MethodClassKey
instanceKlass  @bci org/springframework/util/ReflectionUtils getAllDeclaredMethods (Ljava/lang/Class;)[Ljava/lang/reflect/Method; 17 <appendix> member <vmtarget> ; # org/springframework/util/ReflectionUtils$$Lambda+0x000001b9332cfa38
instanceKlass org/springframework/aop/IntroductionAwareMethodMatcher
instanceKlass org/springframework/transaction/annotation/Transactional
instanceKlass org/springframework/transaction/interceptor/TransactionalProxy
instanceKlass org/springframework/data/projection/MethodInterceptorFactory
instanceKlass org/springframework/data/util/NullableWrapper
instanceKlass  @bci org/springframework/data/util/StreamUtils toUnmodifiableSet ()Ljava/util/stream/Collector; 3 <appendix> argL0 ; # org/springframework/data/util/StreamUtils$$Lambda+0x000001b9332ce3d0
instanceKlass org/springframework/data/util/StreamUtils
instanceKlass  @bci org/springframework/data/util/Streamable map (Ljava/util/function/Function;)Lorg/springframework/data/util/Streamable; 8 <appendix> member <vmtarget> ; # org/springframework/data/util/Streamable$$Lambda+0x000001b9332cdfc8
instanceKlass  @cpi org/springframework/data/util/Streamable 167 form vmentry <vmtarget> ; # java/lang/invoke/LambdaForm$DMH+0x000001b9332d0000
instanceKlass  @bci org/springframework/data/util/NullableWrapperConverters$AbstractWrapperTypeConverter getConvertibleTypes ()Ljava/util/Set; 7 <appendix> argL0 ; # org/springframework/data/util/NullableWrapperConverters$AbstractWrapperTypeConverter$$Lambda+0x000001b9332cdd98
instanceKlass org/springframework/data/util/NullableWrapperConverters$WrapperType
instanceKlass org/springframework/data/util/NullableWrapperConverters$AbstractWrapperTypeConverter
instanceKlass org/springframework/data/util/NullableWrapperConverters
instanceKlass  @bci org/springframework/data/projection/ProxyProjectionFactory <clinit> ()V 21 <appendix> member <vmtarget> ; # org/springframework/data/projection/ProxyProjectionFactory$$Lambda+0x000001b9332ccab0
instanceKlass org/springframework/data/convert/Jsr310Converters
instanceKlass org/springframework/data/projection/ProjectionInformation
instanceKlass org/springframework/data/projection/ProxyProjectionFactory
instanceKlass org/springframework/data/projection/ProjectionFactory
instanceKlass org/springframework/validation/BindingResult
instanceKlass org/springframework/validation/Errors
instanceKlass org/springframework/web/method/annotation/ModelAttributeMethodProcessor
instanceKlass org/springframework/web/method/support/HandlerMethodReturnValueHandler
instanceKlass org/springframework/beans/factory/support/DefaultListableBeanFactory$DependencyObjectProvider
instanceKlass org/springframework/beans/factory/support/DefaultListableBeanFactory$BeanObjectProvider
instanceKlass org/springframework/aop/aspectj/AspectJPointcutAdvisor
instanceKlass org/springframework/transaction/interceptor/TransactionAttributeSourcePointcut$TransactionAttributeSourceClassFilter
instanceKlass org/springframework/aop/TrueClassFilter
instanceKlass org/springframework/aop/support/StaticMethodMatcher
# instanceKlass java/lang/invoke/LambdaForm$MH+0x000001b9332c4400
# instanceKlass java/lang/invoke/LambdaForm$MH+0x000001b9332c4000
instanceKlass org/springframework/transaction/interceptor/TransactionAspectSupport$CoroutinesInvocationCallback
instanceKlass org/springframework/transaction/interceptor/TransactionAspectSupport$ThrowableHolder
instanceKlass org/springframework/transaction/interceptor/TransactionAspectSupport$ReactiveTransactionSupport
instanceKlass org/springframework/transaction/TransactionStatus
instanceKlass org/springframework/transaction/SavepointManager
instanceKlass org/springframework/transaction/TransactionExecution
instanceKlass org/springframework/transaction/interceptor/TransactionAspectSupport$TransactionInfo
instanceKlass org/springframework/core/ReactiveAdapterRegistry
instanceKlass java/io/ObjectOutput
instanceKlass java/io/ObjectStreamConstants
instanceKlass java/io/ObjectInput
instanceKlass org/aopalliance/intercept/MethodInvocation
instanceKlass org/aopalliance/intercept/Invocation
instanceKlass org/aopalliance/intercept/Joinpoint
instanceKlass org/springframework/transaction/interceptor/TransactionAspectSupport$InvocationCallback
instanceKlass org/springframework/transaction/annotation/JtaTransactionAnnotationParser
instanceKlass org/springframework/transaction/annotation/SpringTransactionAnnotationParser
instanceKlass org/springframework/transaction/annotation/TransactionAnnotationParser
instanceKlass org/springframework/transaction/interceptor/TransactionAttribute
instanceKlass org/springframework/transaction/interceptor/AbstractFallbackTransactionAttributeSource
instanceKlass  @bci org/springframework/core/LocalVariableTableParameterNameDiscoverer doGetParameterNames (Ljava/lang/reflect/Executable;)[Ljava/lang/String; 11 <appendix> member <vmtarget> ; # org/springframework/core/LocalVariableTableParameterNameDiscoverer$$Lambda+0x000001b9332babb0
instanceKlass org/springframework/aop/IntroductionAdvisor
instanceKlass org/springframework/aop/IntroductionInfo
instanceKlass org/springframework/ws/server/endpoint/annotation/Endpoint
instanceKlass org/springframework/aop/aspectj/AspectJProxyUtils
instanceKlass org/springframework/aop/framework/autoproxy/ProxyCreationContext
instanceKlass org/springframework/transaction/annotation/TransactionManagementConfigurer
instanceKlass  @bci org/springframework/core/annotation/AnnotationUtils findAnnotation (Ljava/lang/Class;Ljava/lang/Class;)Ljava/lang/annotation/Annotation; 81 <appendix> argL0 ; # org/springframework/core/annotation/AnnotationUtils$$Lambda+0x000001b9332bd6e0
instanceKlass org/aspectj/lang/annotation/Aspect
instanceKlass  @bci org/springframework/beans/factory/support/AutowireUtils <clinit> ()V 0 <appendix> argL0 ; # org/springframework/beans/factory/support/AutowireUtils$$Lambda+0x000001b9332bd268
instanceKlass org/springframework/beans/factory/support/AutowireUtils
instanceKlass  @bci org/springframework/core/annotation/AnnotationUtils getAnnotation (Ljava/lang/annotation/Annotation;Ljava/lang/Class;)Ljava/lang/annotation/Annotation; 49 <appendix> argL0 ; # org/springframework/core/annotation/AnnotationUtils$$Lambda+0x000001b9332bce30
instanceKlass org/springframework/boot/autoconfigure/orm/jpa/DataSourceInitializedPublisher$DataSourceSchemaCreatedPublisher
instanceKlass javax/xml/transform/Transformer
instanceKlass org/springframework/ws/context/MessageContext
instanceKlass org/springframework/ws/soap/SoapMessage
instanceKlass org/springframework/ws/FaultAwareWebServiceMessage
instanceKlass org/springframework/ws/mime/MimeMessage
instanceKlass org/springframework/ws/WebServiceMessage
instanceKlass org/springframework/ws/server/endpoint/MethodEndpoint
instanceKlass org/springframework/ws/soap/addressing/core/MessageAddressingProperties
instanceKlass org/springframework/ws/soap/addressing/messageid/UuidMessageIdStrategy
instanceKlass org/springframework/xml/xpath/Jaxp13XPathExpressionFactory$Jaxp13XPathExpression
instanceKlass javax/xml/xpath/XPathExpression
instanceKlass com/sun/org/apache/xpath/internal/axes/IteratorPool
instanceKlass com/sun/org/apache/xpath/internal/axes/SubContextList
instanceKlass com/sun/org/apache/xpath/internal/axes/PathComponent
instanceKlass com/sun/org/apache/xml/internal/dtm/DTMIterator
instanceKlass com/sun/org/apache/xpath/internal/axes/WalkerFactory
instanceKlass com/sun/org/apache/xpath/internal/compiler/Keywords
instanceKlass com/sun/org/apache/xpath/internal/compiler/OpMapVector
instanceKlass com/sun/org/apache/xpath/internal/compiler/Lexer
instanceKlass com/sun/org/apache/xml/internal/utils/ObjectVector
instanceKlass com/sun/org/apache/xpath/internal/compiler/OpMap
instanceKlass com/sun/org/apache/xpath/internal/compiler/XPathParser
instanceKlass java/io/PrintWriter$1
instanceKlass jdk/internal/access/JavaIOPrintWriterAccess
instanceKlass com/sun/org/apache/xml/internal/utils/DefaultErrorHandler
instanceKlass com/sun/org/apache/xpath/internal/Expression
instanceKlass com/sun/org/apache/xpath/internal/XPathVisitable
instanceKlass com/sun/org/apache/xpath/internal/ExpressionNode
instanceKlass javax/xml/transform/SourceLocator
instanceKlass com/sun/org/apache/xpath/internal/compiler/FunctionTable
instanceKlass com/sun/org/apache/xpath/internal/XPath
instanceKlass com/sun/org/apache/xpath/internal/ExpressionOwner
instanceKlass com/sun/org/apache/xpath/internal/jaxp/JAXPPrefixResolver
instanceKlass com/sun/org/apache/xml/internal/utils/PrefixResolver
instanceKlass org/springframework/xml/namespace/SimpleNamespaceContext
instanceKlass com/sun/org/apache/xpath/internal/jaxp/XPathImplUtil
instanceKlass javax/xml/xpath/XPath
instanceKlass  @bci javax/xml/xpath/XPathFactoryFinder newFactory (Ljava/lang/String;)Ljavax/xml/xpath/XPathFactory; 24 <appendix> member <vmtarget> ; # javax/xml/xpath/XPathFactoryFinder$$Lambda+0x000001b9331dc100
instanceKlass  @bci javax/xml/xpath/XPathFactoryFinder _newFactory (Ljava/lang/String;)Ljavax/xml/xpath/XPathFactory; 154 <appendix> argL0 ; # javax/xml/xpath/XPathFactoryFinder$$Lambda+0x000001b9331dbcb0
instanceKlass javax/xml/xpath/XPathFactoryFinder$2
instanceKlass  @bci javax/xml/xpath/XPathFactoryFinder _newFactory (Ljava/lang/String;)Ljavax/xml/xpath/XPathFactory; 58 <appendix> argL0 ; # javax/xml/xpath/XPathFactoryFinder$$Lambda+0x000001b9331db878
instanceKlass  @bci javax/xml/xpath/XPathFactoryFinder _newFactory (Ljava/lang/String;)Ljavax/xml/xpath/XPathFactory; 16 <appendix> member <vmtarget> ; # javax/xml/xpath/XPathFactoryFinder$$Lambda+0x000001b9331db660
instanceKlass  @bci javax/xml/xpath/XPathFactoryFinder _newFactory (Ljava/lang/String;)Ljavax/xml/xpath/XPathFactory; 9 <appendix> form vmentry <vmtarget> ; # java/lang/invoke/LambdaForm$MH+0x000001b9332b9c00
# instanceKlass java/lang/invoke/LambdaForm$MH+0x000001b9332b9800
instanceKlass  @bci javax/xml/xpath/XPathFactoryFinder _newFactory (Ljava/lang/String;)Ljavax/xml/xpath/XPathFactory; 9 <appendix> argL3 form vmentry <vmtarget> ; # java/lang/invoke/LambdaForm$MH+0x000001b9332b9400
# instanceKlass java/lang/invoke/LambdaForm$MH+0x000001b9332b9000
# instanceKlass java/lang/invoke/LambdaForm$MH+0x000001b9332b8c00
# instanceKlass java/lang/invoke/LambdaForm$MH+0x000001b9332b8800
# instanceKlass java/lang/invoke/LambdaForm$MH+0x000001b9332b8400
instanceKlass  @bci javax/xml/xpath/XPathFactoryFinder _newFactory (Ljava/lang/String;)Ljavax/xml/xpath/XPathFactory; 9 <appendix> argL1 form vmentry <vmtarget> ; # java/lang/invoke/LambdaForm$MH+0x000001b9332b8000
# instanceKlass java/lang/invoke/LambdaForm$MH+0x000001b9332b4c00
# instanceKlass java/lang/invoke/LambdaForm$MH+0x000001b9332b4800
# instanceKlass java/lang/invoke/LambdaForm$MH+0x000001b9332b4400
instanceKlass javax/xml/xpath/XPathFactoryFinder
instanceKlass javax/xml/xpath/XPathFactory
instanceKlass javax/xml/namespace/NamespaceContext
instanceKlass org/springframework/xml/xpath/XPathExpression
instanceKlass org/springframework/xml/xpath/Jaxp13XPathExpressionFactory
instanceKlass org/springframework/xml/xpath/XPathExpressionFactory
instanceKlass javax/xml/namespace/QName
instanceKlass com/sun/org/apache/xerces/internal/util/FeatureState
instanceKlass com/sun/org/apache/xerces/internal/util/PropertyState
instanceKlass com/sun/org/apache/xerces/internal/impl/msg/XMLMessageFormatter
instanceKlass com/sun/org/apache/xerces/internal/util/MessageFormatter
instanceKlass com/sun/org/apache/xerces/internal/impl/XMLVersionDetector
instanceKlass com/sun/org/apache/xerces/internal/impl/validation/ValidationManager
instanceKlass com/sun/org/apache/xerces/internal/impl/dv/dtd/NMTOKENDatatypeValidator
instanceKlass com/sun/org/apache/xerces/internal/impl/dv/dtd/NOTATIONDatatypeValidator
instanceKlass com/sun/org/apache/xerces/internal/impl/dv/dtd/ENTITYDatatypeValidator
instanceKlass com/sun/org/apache/xerces/internal/impl/dv/dtd/ListDatatypeValidator
instanceKlass com/sun/org/apache/xerces/internal/impl/dv/dtd/IDREFDatatypeValidator
instanceKlass com/sun/org/apache/xerces/internal/impl/dv/dtd/IDDatatypeValidator
instanceKlass com/sun/org/apache/xerces/internal/impl/dv/dtd/StringDatatypeValidator
instanceKlass com/sun/org/apache/xerces/internal/impl/dv/DatatypeValidator
instanceKlass com/sun/org/apache/xerces/internal/impl/dv/DTDDVFactory
instanceKlass com/sun/org/apache/xerces/internal/impl/dtd/DTDGrammarBucket
instanceKlass com/sun/org/apache/xerces/internal/impl/dtd/XMLAttributeDecl
instanceKlass com/sun/org/apache/xerces/internal/impl/dtd/XMLSimpleType
instanceKlass com/sun/org/apache/xerces/internal/impl/dtd/XMLElementDecl
instanceKlass com/sun/org/apache/xerces/internal/impl/validation/ValidationState
instanceKlass com/sun/org/apache/xerces/internal/impl/dv/ValidationContext
instanceKlass com/sun/org/apache/xerces/internal/impl/dtd/XMLDTDValidator
instanceKlass com/sun/org/apache/xerces/internal/impl/RevalidationHandler
instanceKlass com/sun/org/apache/xerces/internal/impl/dtd/XMLDTDValidatorFilter
instanceKlass com/sun/org/apache/xerces/internal/xni/parser/XMLDocumentFilter
instanceKlass com/sun/org/apache/xerces/internal/impl/dtd/XMLEntityDecl
instanceKlass com/sun/org/apache/xerces/internal/impl/dtd/XMLDTDProcessor
instanceKlass com/sun/org/apache/xerces/internal/xni/parser/XMLDTDContentModelFilter
instanceKlass com/sun/org/apache/xerces/internal/xni/parser/XMLDTDFilter
instanceKlass com/sun/org/apache/xerces/internal/xni/parser/XMLDTDScanner
instanceKlass com/sun/org/apache/xerces/internal/xni/parser/XMLDTDContentModelSource
instanceKlass com/sun/org/apache/xerces/internal/xni/parser/XMLDTDSource
instanceKlass com/sun/org/apache/xerces/internal/xni/grammars/XMLDTDDescription
instanceKlass com/sun/org/apache/xerces/internal/xni/grammars/XMLGrammarDescription
instanceKlass com/sun/org/apache/xerces/internal/impl/XMLDocumentScannerImpl$TrailingMiscDriver
instanceKlass com/sun/org/apache/xerces/internal/impl/XMLDocumentScannerImpl$PrologDriver
instanceKlass com/sun/org/apache/xerces/internal/impl/XMLDocumentScannerImpl$XMLDeclDriver
instanceKlass com/sun/org/apache/xerces/internal/util/NamespaceSupport
instanceKlass com/sun/org/apache/xerces/internal/xni/NamespaceContext
instanceKlass com/sun/org/apache/xerces/internal/util/XMLAttributesImpl$Attribute
instanceKlass com/sun/org/apache/xerces/internal/util/XMLAttributesImpl
instanceKlass com/sun/org/apache/xerces/internal/xni/XMLAttributes
instanceKlass com/sun/org/apache/xerces/internal/impl/XMLDocumentFragmentScannerImpl$FragmentContentDriver
instanceKlass com/sun/org/apache/xerces/internal/impl/XMLDocumentFragmentScannerImpl$Driver
instanceKlass com/sun/org/apache/xerces/internal/impl/XMLDocumentFragmentScannerImpl$ElementStack2
instanceKlass com/sun/org/apache/xerces/internal/xni/QName
instanceKlass com/sun/org/apache/xerces/internal/impl/XMLDocumentFragmentScannerImpl$ElementStack
instanceKlass com/sun/org/apache/xerces/internal/xni/XMLString
instanceKlass com/sun/org/apache/xerces/internal/impl/XMLScanner
instanceKlass com/sun/xml/internal/stream/XMLBufferListener
instanceKlass com/sun/org/apache/xerces/internal/impl/XMLEntityHandler
instanceKlass com/sun/org/apache/xerces/internal/xni/parser/XMLDocumentScanner
instanceKlass com/sun/org/apache/xerces/internal/xni/parser/XMLDocumentSource
instanceKlass com/sun/org/apache/xerces/internal/impl/XMLErrorReporter
instanceKlass com/sun/org/apache/xerces/internal/impl/XMLEntityScanner
instanceKlass com/sun/org/apache/xerces/internal/xni/XMLLocator
instanceKlass com/sun/xml/internal/stream/XMLEntityStorage
instanceKlass com/sun/org/apache/xerces/internal/util/AugmentationsImpl$AugmentationsItemsContainer
instanceKlass com/sun/org/apache/xerces/internal/util/AugmentationsImpl
instanceKlass com/sun/org/apache/xerces/internal/xni/Augmentations
instanceKlass com/sun/org/apache/xerces/internal/util/XMLResourceIdentifierImpl
instanceKlass com/sun/org/apache/xerces/internal/xni/XMLResourceIdentifier
instanceKlass com/sun/org/apache/xerces/internal/impl/XMLEntityManager
instanceKlass com/sun/org/apache/xerces/internal/xni/parser/XMLEntityResolver
instanceKlass com/sun/org/apache/xerces/internal/xni/parser/XMLComponent
instanceKlass com/sun/org/apache/xerces/internal/util/SymbolTable$Entry
instanceKlass com/sun/org/apache/xerces/internal/util/SymbolTable
instanceKlass javax/xml/parsers/SAXParserFactory
instanceKlass jdk/xml/internal/JdkXmlUtils
instanceKlass com/sun/org/apache/xerces/internal/util/ParserConfigurationSettings
instanceKlass com/sun/org/apache/xerces/internal/parsers/XML11Configurable
instanceKlass com/sun/org/apache/xerces/internal/xni/parser/XMLPullParserConfiguration
instanceKlass com/sun/org/apache/xerces/internal/xni/parser/XMLParserConfiguration
instanceKlass com/sun/org/apache/xerces/internal/xni/parser/XMLComponentManager
instanceKlass com/sun/org/apache/xerces/internal/parsers/XMLParser
instanceKlass com/sun/org/apache/xerces/internal/xni/XMLDTDContentModelHandler
instanceKlass com/sun/org/apache/xerces/internal/xni/XMLDTDHandler
instanceKlass com/sun/org/apache/xerces/internal/xni/XMLDocumentHandler
instanceKlass javax/xml/parsers/DocumentBuilder
instanceKlass com/sun/org/apache/xerces/internal/jaxp/JAXPConstants
instanceKlass  @bci javax/xml/parsers/FactoryFinder newInstance (Ljava/lang/Class;Ljava/lang/String;Ljava/lang/ClassLoader;ZZ)Ljava/lang/Object; 104 <appendix> member <vmtarget> ; # javax/xml/parsers/FactoryFinder$$Lambda+0x000001b9331c9380
instanceKlass com/sun/org/apache/xerces/internal/utils/XMLSecurityPropertyManager
instanceKlass com/sun/org/apache/xerces/internal/utils/XMLSecurityManager
instanceKlass  @bci javax/xml/parsers/FactoryFinder find (Ljava/lang/Class;Ljava/lang/String;)Ljava/lang/Object; 104 <appendix> member <vmtarget> ; # javax/xml/parsers/FactoryFinder$$Lambda+0x000001b9331c7a38
instanceKlass javax/xml/parsers/FactoryFinder$1
instanceKlass  @bci javax/xml/parsers/FactoryFinder find (Ljava/lang/Class;Ljava/lang/String;)Ljava/lang/Object; 6 <appendix> member <vmtarget> ; # javax/xml/parsers/FactoryFinder$$Lambda+0x000001b9331c7600
instanceKlass javax/xml/parsers/FactoryFinder
instanceKlass javax/xml/parsers/DocumentBuilderFactory
instanceKlass org/springframework/xml/DocumentBuilderFactoryUtils
instanceKlass org/springframework/ws/soap/SoapFault
instanceKlass org/springframework/ws/soap/SoapElement
instanceKlass org/springframework/ws/soap/addressing/version/AddressingVersion
instanceKlass org/springframework/ws/server/SmartEndpointInterceptor
instanceKlass org/springframework/ws/transport/WebServiceMessageSender
instanceKlass org/springframework/xml/transform/TransformerHelper
instanceKlass org/springframework/ws/server/EndpointInvocationChain
instanceKlass org/springframework/ws/soap/addressing/messageid/MessageIdStrategy
instanceKlass org/springframework/cglib/reflect/FastClassEmitter$4
instanceKlass org/springframework/cglib/core/Block
instanceKlass org/springframework/cglib/core/EmitUtils$14
instanceKlass org/springframework/cglib/core/EmitUtils$13
instanceKlass org/springframework/cglib/core/EmitUtils$12
instanceKlass org/springframework/cglib/core/EmitUtils$11
instanceKlass org/springframework/cglib/core/EmitUtils$10
instanceKlass org/springframework/cglib/reflect/FastClassEmitter$GetIndexCallback
instanceKlass org/springframework/cglib/reflect/FastClassEmitter$3
instanceKlass org/springframework/cglib/reflect/FastClassEmitter$1
instanceKlass org/springframework/cglib/reflect/FastClass
instanceKlass org/springframework/cglib/proxy/MethodProxy$FastClassInfo
instanceKlass  @bci org/springframework/core/annotation/AnnotationUtils getAnnotation (Ljava/lang/reflect/AnnotatedElement;Ljava/lang/Class;)Ljava/lang/annotation/Annotation; 48 <appendix> argL0 ; # org/springframework/core/annotation/AnnotationUtils$$Lambda+0x000001b9332b05f0
instanceKlass  @bci jdk/internal/reflect/MethodHandleObjectFieldAccessorImpl set (Ljava/lang/Object;Ljava/lang/Object;)V 41 <adapter> ; # java/lang/invoke/LambdaForm$MH+0x000001b9332b4000
instanceKlass org/springframework/beans/factory/annotation/InjectionMetadata$InjectedElement
instanceKlass  @bci org/springframework/beans/factory/annotation/AutowiredAnnotationBeanPostProcessor determineRequiredStatus (Lorg/springframework/core/annotation/MergedAnnotation;)Z 2 <appendix> argL0 ; # org/springframework/beans/factory/annotation/AutowiredAnnotationBeanPostProcessor$$Lambda+0x000001b9332a9a68
instanceKlass org/springframework/ws/config/annotation/WsConfigurerComposite
instanceKlass org/springframework/ws/config/annotation/WsConfigurer
instanceKlass org/springframework/aop/TrueMethodMatcher
instanceKlass org/springframework/aop/support/annotation/AnnotationClassFilter
instanceKlass org/springframework/aop/MethodMatcher
instanceKlass org/springframework/aop/ClassFilter
instanceKlass org/springframework/aop/support/annotation/AnnotationMatchingPointcut
instanceKlass org/springframework/dao/support/PersistenceExceptionTranslationInterceptor
instanceKlass org/springframework/aop/Pointcut
# instanceKlass java/lang/invoke/LambdaForm$MH+0x000001b9332a8c00
# instanceKlass java/lang/invoke/LambdaForm$MH+0x000001b9332a8800
instanceKlass  @bci org/springframework/core/SimpleAliasRegistry retrieveAliases (Ljava/lang/String;Ljava/util/List;)V 7 <appendix> member <vmtarget> ; # org/springframework/core/SimpleAliasRegistry$$Lambda+0x000001b9332ab108
instanceKlass  @bci org/springframework/beans/factory/support/DefaultListableBeanFactory isAutowireCandidate (Ljava/lang/String;Lorg/springframework/beans/factory/support/RootBeanDefinition;Lorg/springframework/beans/factory/config/DependencyDescriptor;Lorg/springframework/beans/factory/support/AutowireCandidateResolver;)Z 63 <appendix> member <vmtarget> ; # org/springframework/beans/factory/support/DefaultListableBeanFactory$$Lambda+0x000001b9332aaed0
instanceKlass org/springframework/core/annotation/AnnotatedElementUtils$AnnotatedElementForAnnotations
instanceKlass org/springframework/beans/factory/support/ConstructorResolver$ArgumentsHolder
instanceKlass org/springframework/aop/aspectj/annotation/AbstractAspectJAdvisorFactory$AspectJAnnotationParameterNameDiscoverer
instanceKlass  @bci java/util/Comparator thenComparing (Ljava/util/Comparator;)Ljava/util/Comparator; 7 <appendix> member <vmtarget> ; # java/util/Comparator$$Lambda+0x000001b9331c6ed8
instanceKlass org/springframework/util/comparator/ComparableComparator
instanceKlass org/springframework/util/comparator/Comparators
instanceKlass  @bci org/springframework/aop/aspectj/annotation/ReflectiveAspectJAdvisorFactory <clinit> ()V 69 <appendix> argL0 ; # org/springframework/aop/aspectj/annotation/ReflectiveAspectJAdvisorFactory$$Lambda+0x000001b9332afab0
instanceKlass  @bci org/springframework/aop/aspectj/annotation/ReflectiveAspectJAdvisorFactory <clinit> ()V 56 <appendix> argL0 ; # org/springframework/aop/aspectj/annotation/ReflectiveAspectJAdvisorFactory$$Lambda+0x000001b9332af890
instanceKlass org/springframework/util/comparator/InstanceComparator
instanceKlass org/springframework/core/convert/converter/ConvertingComparator
instanceKlass  @bci org/springframework/util/ReflectionUtils$MethodFilter and (Lorg/springframework/util/ReflectionUtils$MethodFilter;)Lorg/springframework/util/ReflectionUtils$MethodFilter; 8 <appendix> member <vmtarget> ; # org/springframework/util/ReflectionUtils$MethodFilter$$Lambda+0x000001b9332af138
instanceKlass  @bci org/springframework/aop/aspectj/annotation/ReflectiveAspectJAdvisorFactory <clinit> ()V 3 <appendix> argL0 ; # org/springframework/aop/aspectj/annotation/ReflectiveAspectJAdvisorFactory$$Lambda+0x000001b9332aef18
instanceKlass org/aspectj/lang/annotation/AfterThrowing
instanceKlass org/aspectj/lang/annotation/AfterReturning
instanceKlass org/aspectj/lang/annotation/After
instanceKlass org/aspectj/lang/annotation/Before
instanceKlass org/aspectj/lang/annotation/Around
instanceKlass org/aspectj/lang/annotation/Pointcut
instanceKlass org/springframework/aop/AfterReturningAdvice
instanceKlass org/springframework/aop/AfterAdvice
instanceKlass org/springframework/aop/MethodBeforeAdvice
instanceKlass org/springframework/aop/BeforeAdvice
instanceKlass org/springframework/aop/aspectj/AbstractAspectJAdvice
instanceKlass org/springframework/aop/aspectj/AspectJPrecedenceInformation
instanceKlass org/springframework/aop/aspectj/annotation/MetadataAwareAspectInstanceFactory
instanceKlass org/springframework/aop/aspectj/AspectInstanceFactory
instanceKlass org/springframework/aop/aspectj/annotation/AbstractAspectJAdvisorFactory
# instanceKlass java/lang/invoke/LambdaForm$MH+0x000001b9332a8400
# instanceKlass java/lang/invoke/LambdaForm$MH+0x000001b9332a8000
# instanceKlass java/lang/invoke/LambdaForm$MH+0x000001b9332a5c00
# instanceKlass java/lang/invoke/LambdaForm$BMH+0x000001b9332a5800
# instanceKlass java/lang/invoke/LambdaForm$DMH+0x000001b9332a5400
# instanceKlass java/lang/invoke/LambdaForm$MH+0x000001b9332a5000
# instanceKlass java/lang/invoke/LambdaForm$DMH+0x000001b9332a4c00
instanceKlass java/lang/invoke/ClassSpecializer$Factory$1Var
# instanceKlass java/lang/invoke/LambdaForm$DMH+0x000001b9332a4800
instanceKlass sun/invoke/util/ValueConversions$1
# instanceKlass java/lang/invoke/LambdaForm$DMH+0x000001b9332a4400
instanceKlass org/springframework/core/convert/support/NumberToNumberConverterFactory$NumberToNumber
instanceKlass sun/reflect/generics/reflectiveObjects/GenericArrayTypeImpl
instanceKlass  @bci org/springframework/beans/factory/annotation/AutowiredAnnotationBeanPostProcessor buildAutowiringMetadata (Ljava/lang/Class;)Lorg/springframework/beans/factory/annotation/InjectionMetadata; 51 <appendix> member <vmtarget> ; # org/springframework/beans/factory/annotation/AutowiredAnnotationBeanPostProcessor$$Lambda+0x000001b9332a3468
instanceKlass  @bci org/springframework/beans/factory/annotation/AutowiredAnnotationBeanPostProcessor buildAutowiringMetadata (Ljava/lang/Class;)Lorg/springframework/beans/factory/annotation/InjectionMetadata; 38 <appendix> member <vmtarget> ; # org/springframework/beans/factory/annotation/AutowiredAnnotationBeanPostProcessor$$Lambda+0x000001b9332a3250
instanceKlass  @bci org/springframework/context/annotation/CommonAnnotationBeanPostProcessor buildResourceMetadata (Ljava/lang/Class;)Lorg/springframework/beans/factory/annotation/InjectionMetadata; 50 <appendix> member <vmtarget> ; # org/springframework/context/annotation/CommonAnnotationBeanPostProcessor$$Lambda+0x000001b9332a3038
instanceKlass  @bci org/springframework/context/annotation/CommonAnnotationBeanPostProcessor buildResourceMetadata (Ljava/lang/Class;)Lorg/springframework/beans/factory/annotation/InjectionMetadata; 37 <appendix> member <vmtarget> ; # org/springframework/context/annotation/CommonAnnotationBeanPostProcessor$$Lambda+0x000001b9332a2e20
instanceKlass  @bci org/springframework/beans/factory/annotation/InitDestroyAnnotationBeanPostProcessor buildLifecycleMetadata (Ljava/lang/Class;)Lorg/springframework/beans/factory/annotation/InitDestroyAnnotationBeanPostProcessor$LifecycleMetadata; 78 <appendix> member <vmtarget> ; # org/springframework/beans/factory/annotation/InitDestroyAnnotationBeanPostProcessor$$Lambda+0x000001b9332a2c08
instanceKlass  @cpi org/springframework/beans/factory/annotation/InitDestroyAnnotationBeanPostProcessor 229 form vmentry <vmtarget> ; # java/lang/invoke/LambdaForm$DMH+0x000001b9332a4000
instanceKlass  @bci org/springframework/orm/jpa/support/PersistenceAnnotationBeanPostProcessor buildPersistenceMetadata (Ljava/lang/Class;)Lorg/springframework/beans/factory/annotation/InjectionMetadata; 64 <appendix> member <vmtarget> ; # org/springframework/orm/jpa/support/PersistenceAnnotationBeanPostProcessor$$Lambda+0x000001b9332a29f0
instanceKlass  @bci org/springframework/orm/jpa/support/PersistenceAnnotationBeanPostProcessor buildPersistenceMetadata (Ljava/lang/Class;)Lorg/springframework/beans/factory/annotation/InjectionMetadata; 51 <appendix> member <vmtarget> ; # org/springframework/orm/jpa/support/PersistenceAnnotationBeanPostProcessor$$Lambda+0x000001b9332a27d8
instanceKlass org/springframework/util/ReflectionUtils$FieldCallback
instanceKlass javax/persistence/PersistenceUnit
instanceKlass javax/persistence/PersistenceContext
instanceKlass org/springframework/beans/factory/annotation/InjectionMetadata
instanceKlass org/springframework/aop/framework/adapter/ThrowsAdviceAdapter
instanceKlass org/springframework/aop/framework/adapter/AfterReturningAdviceAdapter
instanceKlass org/springframework/aop/framework/adapter/MethodBeforeAdviceAdapter
instanceKlass org/springframework/aop/framework/adapter/AdvisorAdapter
instanceKlass org/springframework/aop/framework/adapter/DefaultAdvisorAdapterRegistry
instanceKlass org/springframework/aop/framework/adapter/GlobalAdvisorAdapterRegistry
instanceKlass org/springframework/aop/aspectj/autoproxy/AspectJPrecedenceComparator
instanceKlass org/springframework/aop/framework/autoproxy/TargetSourceCreator
instanceKlass org/springframework/aop/framework/adapter/AdvisorAdapterRegistry
instanceKlass org/springframework/aop/aspectj/annotation/BeanFactoryAspectJAdvisorsBuilder
instanceKlass org/springframework/aop/aspectj/annotation/AspectJAdvisorFactory
instanceKlass org/springframework/aop/framework/autoproxy/BeanFactoryAdvisorRetrievalHelper
instanceKlass  @bci org/springframework/beans/factory/annotation/AutowiredAnnotationBeanPostProcessor determineCandidateConstructors (Ljava/lang/Class;Ljava/lang/String;)[Ljava/lang/reflect/Constructor; 27 <appendix> member <vmtarget> ; # org/springframework/beans/factory/annotation/AutowiredAnnotationBeanPostProcessor$$Lambda+0x000001b93329f948
instanceKlass org/springframework/beans/factory/annotation/Lookup
instanceKlass  @bci java/util/concurrent/CopyOnWriteArrayList removeAll (Ljava/util/Collection;)Z 7 <appendix> member <vmtarget> ; # java/util/concurrent/CopyOnWriteArrayList$$Lambda+0x000001b9331c6480
instanceKlass org/springframework/boot/context/properties/ConfigurationPropertiesJsr303Validator
instanceKlass org/springframework/boot/context/properties/PropertySourcesDeducer
instanceKlass javax/annotation/PreDestroy
instanceKlass org/springframework/jndi/JndiTemplate
instanceKlass javax/xml/ws/WebServiceRef
instanceKlass org/springframework/beans/factory/annotation/InitDestroyAnnotationBeanPostProcessor$LifecycleMetadata
instanceKlass org/springframework/beans/factory/support/MethodOverride
instanceKlass org/springframework/context/support/PostProcessorRegistrationDelegate$BeanPostProcessorChecker
instanceKlass  @bci org/springframework/beans/factory/support/AbstractBeanFactory clearMetadataCache ()V 5 <appendix> member <vmtarget> ; # org/springframework/beans/factory/support/AbstractBeanFactory$$Lambda+0x000001b93329b9c8
instanceKlass sun/reflect/generics/tree/BooleanSignature
instanceKlass org/springframework/orm/jpa/SharedEntityManagerCreator
instanceKlass org/springframework/context/expression/CachedExpressionEvaluator
instanceKlass org/springframework/data/jpa/util/BeanDefinitionUtils$EntityManagerFactoryBeanDefinition
instanceKlass org/springframework/data/jpa/util/BeanDefinitionUtils
instanceKlass  @bci org/springframework/core/SimpleAliasRegistry resolveAliases (Lorg/springframework/util/StringValueResolver;)V 28 <appendix> member <vmtarget> ; # org/springframework/core/SimpleAliasRegistry$$Lambda+0x000001b93329a6b0
instanceKlass org/springframework/beans/factory/config/RuntimeBeanNameReference
instanceKlass org/springframework/beans/factory/config/BeanDefinitionVisitor
instanceKlass  @bci org/springframework/context/support/PropertySourcesPlaceholderConfigurer processProperties (Lorg/springframework/beans/factory/config/ConfigurableListableBeanFactory;Lorg/springframework/core/env/ConfigurablePropertyResolver;)V 32 <appendix> member <vmtarget> ; # org/springframework/context/support/PropertySourcesPlaceholderConfigurer$$Lambda+0x000001b933299fd8
instanceKlass org/springframework/beans/factory/support/ConstructorResolver
instanceKlass org/springframework/context/annotation/ConfigurationClassPostProcessor$ImportAwareBeanPostProcessor
instanceKlass  @bci org/springframework/context/annotation/ConfigurationClassPostProcessor enhanceConfigurationClasses (Lorg/springframework/beans/factory/config/ConfigurableListableBeanFactory;)V 543 <appendix> member <vmtarget> ; # org/springframework/context/annotation/ConfigurationClassPostProcessor$$Lambda+0x000001b9332996f0
instanceKlass com/javaweb/beans/BuildingBeans
instanceKlass com/javaweb/beans/response/BuildingResponseDTO
instanceKlass com/javaweb/repository/entity/BuildingEntity
instanceKlass com/javaweb/repository/entity/RentAreaEntity
# instanceKlass java/lang/invoke/LambdaForm$MH+0x000001b93329cc00
# instanceKlass java/lang/invoke/LambdaForm$MH+0x000001b93329c800
# instanceKlass java/lang/invoke/LambdaForm$MH+0x000001b93329c400
instanceKlass  @bci jdk/internal/reflect/MethodHandleObjectFieldAccessorImpl set (Ljava/lang/Object;Ljava/lang/Object;)V 29 <adapter> ; # java/lang/invoke/LambdaForm$MH+0x000001b93329c000
instanceKlass org/springframework/cglib/proxy/Enhancer$EnhancerFactoryData
instanceKlass org/springframework/cglib/proxy/MethodProxy$CreateInfo
instanceKlass org/springframework/cglib/proxy/MethodProxy
instanceKlass java/util/LinkedList$ListItr
instanceKlass org/springframework/cglib/core/EmitUtils$6
instanceKlass java/util/DualPivotQuicksort
instanceKlass java/util/LinkedList$Node
instanceKlass org/springframework/cglib/core/EmitUtils$5
instanceKlass org/springframework/cglib/proxy/MethodInterceptorGenerator$2
instanceKlass org/springframework/cglib/proxy/Enhancer$6
instanceKlass org/springframework/cglib/proxy/BridgeMethodResolver
instanceKlass org/springframework/cglib/core/MethodInfoTransformer
instanceKlass org/springframework/cglib/proxy/Enhancer$2
instanceKlass org/springframework/cglib/core/DuplicatesPredicate
instanceKlass org/springframework/cglib/core/RejectModifierPredicate
instanceKlass org/springframework/cglib/core/MethodWrapper$MethodWrapperKey
instanceKlass org/springframework/cglib/core/MethodWrapper
instanceKlass org/springframework/cglib/proxy/Factory
instanceKlass org/springframework/cglib/core/VisibilityPredicate
instanceKlass org/springframework/cglib/transform/TransformingClassGenerator
instanceKlass org/springframework/cglib/proxy/ProxyRefDispatcher
instanceKlass org/springframework/cglib/proxy/FixedValueGenerator
instanceKlass org/springframework/cglib/proxy/FixedValue
instanceKlass org/springframework/cglib/proxy/DispatcherGenerator
instanceKlass org/springframework/cglib/proxy/Dispatcher
instanceKlass org/springframework/cglib/proxy/LazyLoaderGenerator
instanceKlass org/springframework/cglib/proxy/LazyLoader
instanceKlass org/springframework/cglib/proxy/InvocationHandlerGenerator
instanceKlass org/springframework/cglib/proxy/InvocationHandler
instanceKlass org/springframework/cglib/proxy/MethodInterceptorGenerator$1
instanceKlass org/springframework/cglib/proxy/MethodInterceptorGenerator
instanceKlass org/springframework/cglib/proxy/NoOpGenerator
instanceKlass org/springframework/cglib/proxy/CallbackGenerator
instanceKlass org/springframework/cglib/proxy/CallbackInfo
instanceKlass jdk/internal/org/objectweb/asm/ClassReader
# instanceKlass java/lang/invoke/LambdaForm$MH+0x000001b933294800
# instanceKlass java/lang/invoke/LambdaForm$MH+0x000001b933294400
# instanceKlass java/lang/invoke/LambdaForm$MH+0x000001b933294000
instanceKlass org/springframework/cglib/core/ClassNameReader
instanceKlass org/springframework/cglib/core/DebuggingClassWriter$1
instanceKlass org/springframework/asm/Handler
instanceKlass org/springframework/cglib/core/EmitUtils$9
instanceKlass org/springframework/cglib/core/EmitUtils$8
instanceKlass org/springframework/cglib/core/Local
instanceKlass org/springframework/cglib/core/EmitUtils$7
instanceKlass org/springframework/asm/Edge
instanceKlass org/springframework/cglib/core/ClassEmitter$FieldInfo
instanceKlass org/springframework/cglib/core/LocalVariablesSorter$State
instanceKlass org/springframework/asm/Frame
instanceKlass org/springframework/cglib/core/EmitUtils$ArrayDelimiters
instanceKlass org/springframework/cglib/core/EmitUtils$ParameterTyper
instanceKlass org/springframework/asm/Label
instanceKlass org/springframework/cglib/core/ProcessArrayCallback
instanceKlass org/springframework/cglib/core/EmitUtils
instanceKlass org/springframework/cglib/core/ReflectUtils$4
instanceKlass org/springframework/cglib/core/ReflectUtils$5
instanceKlass org/springframework/cglib/core/ReflectUtils$3
instanceKlass org/springframework/cglib/core/ReflectUtils$2
instanceKlass java/lang/foreign/ValueLayout
instanceKlass java/lang/foreign/MemoryLayout
instanceKlass org/springframework/cglib/core/ReflectUtils$1
instanceKlass org/springframework/cglib/core/MethodInfo
instanceKlass org/springframework/cglib/core/ReflectUtils
instanceKlass org/springframework/cglib/core/ClassInfo
instanceKlass org/springframework/asm/ByteVector
instanceKlass org/springframework/asm/Symbol
instanceKlass org/springframework/asm/SymbolTable
instanceKlass org/springframework/asm/RecordComponentVisitor
instanceKlass org/springframework/asm/ModuleVisitor
instanceKlass org/springframework/asm/FieldVisitor
instanceKlass org/springframework/cglib/core/AsmApi
instanceKlass org/springframework/cglib/core/Constants
instanceKlass org/springframework/cglib/core/internal/LoadingCache$2
instanceKlass java/util/concurrent/FutureTask$WaitNode
instanceKlass java/util/concurrent/FutureTask
instanceKlass java/util/concurrent/RunnableFuture
instanceKlass org/springframework/cglib/core/internal/LoadingCache$1
instanceKlass org/springframework/cglib/core/internal/LoadingCache
instanceKlass org/springframework/cglib/core/AbstractClassGenerator$ClassLoaderData$3
instanceKlass org/springframework/cglib/core/AbstractClassGenerator$ClassLoaderData$1
instanceKlass org/springframework/cglib/core/AbstractClassGenerator$ClassLoaderData$2
instanceKlass org/springframework/cglib/core/internal/Function
instanceKlass org/springframework/cglib/core/AbstractClassGenerator$ClassLoaderData
instanceKlass org/springframework/cglib/core/internal/CustomizerRegistry
instanceKlass org/springframework/cglib/core/DefaultNamingPolicy
instanceKlass org/springframework/cglib/core/DefaultGeneratorStrategy
instanceKlass org/springframework/cglib/core/KeyFactory$4
instanceKlass org/springframework/cglib/core/KeyFactory$3
instanceKlass org/springframework/cglib/core/KeyFactory$2
instanceKlass org/springframework/cglib/core/KeyFactory$1
instanceKlass org/springframework/cglib/core/Signature
instanceKlass org/springframework/cglib/core/CollectionUtils
instanceKlass org/springframework/cglib/core/TypeUtils
instanceKlass org/springframework/cglib/core/HashCodeCustomizer
instanceKlass org/springframework/cglib/core/FieldTypeCustomizer
instanceKlass org/springframework/cglib/core/Customizer
instanceKlass org/springframework/cglib/core/KeyFactory
instanceKlass org/springframework/cglib/proxy/Enhancer$EnhancerKey
instanceKlass org/springframework/cglib/core/AbstractClassGenerator$Source
instanceKlass org/springframework/cglib/proxy/Enhancer$1
instanceKlass org/springframework/cglib/core/ProcessSwitchCallback
instanceKlass org/springframework/cglib/proxy/CallbackGenerator$Context
instanceKlass org/springframework/cglib/core/Transformer
instanceKlass org/springframework/cglib/core/ObjectSwitchCallback
instanceKlass org/springframework/cglib/core/Predicate
instanceKlass org/springframework/cglib/core/KeyFactoryCustomizer
instanceKlass org/springframework/cglib/core/AbstractClassGenerator
instanceKlass org/springframework/cglib/core/ClassGenerator
instanceKlass org/springframework/context/annotation/ConfigurationClassEnhancer$EnhancedConfiguration
instanceKlass org/springframework/aop/framework/autoproxy/AutoProxyUtils
instanceKlass org/springframework/objenesis/instantiator/ObjectInstantiator
instanceKlass org/springframework/objenesis/strategy/BaseInstantiatorStrategy
instanceKlass org/springframework/objenesis/strategy/InstantiatorStrategy
instanceKlass org/springframework/objenesis/SpringObjenesis
instanceKlass org/springframework/objenesis/Objenesis
instanceKlass org/springframework/context/annotation/ConfigurationClassEnhancer$ConditionalCallbackFilter
instanceKlass org/springframework/cglib/proxy/NoOp$1
instanceKlass org/springframework/cglib/proxy/NoOp
instanceKlass org/springframework/context/annotation/ConfigurationClassEnhancer$BeanFactoryAwareMethodInterceptor
instanceKlass org/springframework/context/annotation/ConfigurationClassEnhancer$BeanMethodInterceptor
instanceKlass org/springframework/context/annotation/ConfigurationClassEnhancer$ConditionalCallback
instanceKlass org/springframework/cglib/proxy/MethodInterceptor
instanceKlass org/springframework/cglib/proxy/Callback
instanceKlass org/springframework/cglib/proxy/CallbackFilter
instanceKlass org/springframework/cglib/core/GeneratorStrategy
instanceKlass org/springframework/cglib/core/NamingPolicy
instanceKlass org/springframework/context/annotation/ConfigurationClassEnhancer
instanceKlass  @bci org/springframework/context/support/PostProcessorRegistrationDelegate invokeBeanFactoryPostProcessors (Ljava/util/Collection;Lorg/springframework/beans/factory/config/ConfigurableListableBeanFactory;)V 47 <appendix> member <vmtarget> ; # org/springframework/context/support/PostProcessorRegistrationDelegate$$Lambda+0x000001b933281138
instanceKlass org/springframework/boot/autoconfigure/webservices/WebServicesProperties$Servlet
instanceKlass org/springframework/boot/autoconfigure/task/TaskSchedulingProperties$Shutdown
instanceKlass org/springframework/boot/autoconfigure/task/TaskSchedulingProperties$Pool
instanceKlass org/springframework/boot/autoconfigure/jdbc/JdbcProperties$Template
instanceKlass org/springframework/boot/autoconfigure/info/ProjectInfoProperties$Git
instanceKlass org/springframework/boot/autoconfigure/info/ProjectInfoProperties$Build
instanceKlass org/springframework/boot/autoconfigure/data/web/SpringDataWebProperties$Pageable
instanceKlass org/springframework/boot/autoconfigure/data/web/SpringDataWebProperties$Sort
instanceKlass java/util/concurrent/Future
instanceKlass org/springframework/boot/autoconfigure/orm/jpa/HibernatePropertiesCustomizer
instanceKlass org/springframework/boot/autoconfigure/orm/jpa/HibernateProperties$Naming
instanceKlass org/springframework/boot/autoconfigure/orm/jpa/HibernateSettings
instanceKlass org/springframework/boot/autoconfigure/jdbc/DataSourceProperties$Xa
instanceKlass org/springframework/boot/autoconfigure/task/TaskExecutionProperties$Shutdown
instanceKlass org/springframework/boot/autoconfigure/task/TaskExecutionProperties$Pool
instanceKlass org/springframework/boot/context/properties/DeprecatedConfigurationProperty
instanceKlass org/springframework/boot/autoconfigure/web/servlet/WebMvcProperties$Pathmatch
instanceKlass org/springframework/boot/autoconfigure/web/servlet/WebMvcProperties$Async
instanceKlass org/springframework/boot/autoconfigure/web/servlet/WebMvcProperties$Contentnegotiation
instanceKlass org/springframework/boot/autoconfigure/web/servlet/WebMvcProperties$Servlet
instanceKlass org/springframework/boot/autoconfigure/web/servlet/WebMvcProperties$View
instanceKlass org/springframework/boot/autoconfigure/web/servlet/WebMvcProperties$Format
instanceKlass org/springframework/boot/autoconfigure/web/ServerProperties$Undertow
instanceKlass org/springframework/boot/web/server/Compression
instanceKlass org/springframework/boot/autoconfigure/web/ServerProperties$Jetty
instanceKlass org/springframework/boot/autoconfigure/web/ServerProperties$Netty
instanceKlass org/springframework/boot/web/server/Http2
instanceKlass org/springframework/boot/autoconfigure/web/ErrorProperties
instanceKlass org/springframework/boot/web/server/Ssl
instanceKlass org/springframework/boot/autoconfigure/web/ServerProperties$Tomcat
instanceKlass org/springframework/boot/autoconfigure/web/ServerProperties$Servlet
instanceKlass org/springframework/boot/context/properties/ConfigurationPropertiesBean
instanceKlass  @bci org/springframework/context/annotation/ConfigurationClassPostProcessor processConfigBeanDefinitions (Lorg/springframework/beans/factory/support/BeanDefinitionRegistry;)V 405 <appendix> member <vmtarget> ; # org/springframework/context/annotation/ConfigurationClassPostProcessor$$Lambda+0x000001b93327b378
instanceKlass org/springframework/boot/autoconfigure/webservices/client/WebServiceTemplateAutoConfiguration
instanceKlass org/springframework/boot/autoconfigure/webservices/WebServicesAutoConfiguration$WsdlDefinitionBeanFactoryPostProcessor
instanceKlass org/springframework/boot/autoconfigure/webservices/WebServicesAutoConfiguration
instanceKlass org/springframework/boot/autoconfigure/webservices/WebServicesAutoConfiguration$WsConfiguration
instanceKlass org/springframework/ws/server/EndpointInterceptor
instanceKlass org/springframework/ws/server/EndpointAdapter
instanceKlass org/springframework/ws/soap/server/SoapEndpointMapping
instanceKlass org/springframework/ws/server/EndpointMapping
instanceKlass org/springframework/ws/server/endpoint/AbstractEndpointExceptionResolver
instanceKlass org/springframework/ws/server/EndpointExceptionResolver
instanceKlass org/springframework/boot/webservices/client/WebServiceTemplateBuilder
instanceKlass  @bci org/springframework/boot/autoconfigure/webservices/OnWsdlLocationsCondition <init> ()V 3 <appendix> argL0 ; # org/springframework/boot/autoconfigure/webservices/OnWsdlLocationsCondition$$Lambda+0x000001b933271bd0
instanceKlass org/springframework/boot/autoconfigure/webservices/WebServicesProperties
instanceKlass org/springframework/web/multipart/commons/CommonsFileUploadSupport
instanceKlass org/springframework/boot/autoconfigure/web/servlet/MultipartAutoConfiguration
instanceKlass org/springframework/boot/autoconfigure/web/servlet/HttpEncodingAutoConfiguration$LocaleCharsetMappingsCustomizer
instanceKlass org/springframework/boot/autoconfigure/web/servlet/MultipartProperties
instanceKlass org/springframework/boot/autoconfigure/web/servlet/HttpEncodingAutoConfiguration
instanceKlass org/springframework/boot/autoconfigure/web/embedded/EmbeddedWebServerFactoryCustomizerAutoConfiguration
instanceKlass org/springframework/boot/autoconfigure/web/embedded/TomcatWebServerFactoryCustomizer
instanceKlass org/springframework/boot/autoconfigure/web/embedded/EmbeddedWebServerFactoryCustomizerAutoConfiguration$TomcatWebServerFactoryCustomizerConfiguration
instanceKlass org/springframework/boot/web/client/RestTemplateBuilder
instanceKlass org/springframework/boot/autoconfigure/web/client/RestTemplateAutoConfiguration
instanceKlass org/springframework/boot/autoconfigure/web/client/RestTemplateBuilderConfigurer
instanceKlass org/springframework/transaction/reactive/TransactionalOperator
instanceKlass org/springframework/transaction/ReactiveTransactionManager
instanceKlass org/springframework/boot/autoconfigure/transaction/TransactionAutoConfiguration
instanceKlass org/springframework/transaction/support/DefaultTransactionDefinition
instanceKlass org/springframework/transaction/TransactionDefinition
instanceKlass org/springframework/boot/autoconfigure/transaction/TransactionProperties
instanceKlass org/springframework/boot/autoconfigure/transaction/PlatformTransactionManagerCustomizer
instanceKlass org/springframework/boot/autoconfigure/data/neo4j/Neo4jDataAutoConfiguration
instanceKlass org/springframework/boot/autoconfigure/transaction/TransactionAutoConfiguration$TransactionTemplateConfiguration
instanceKlass org/springframework/transaction/support/TransactionOperations
instanceKlass org/springframework/boot/autoconfigure/transaction/TransactionAutoConfiguration$EnableTransactionManagementConfiguration
instanceKlass org/springframework/boot/autoconfigure/transaction/TransactionAutoConfiguration$EnableTransactionManagementConfiguration$CglibAutoProxyConfiguration
instanceKlass org/springframework/transaction/event/TransactionalEventListenerFactory
instanceKlass org/springframework/aop/support/AbstractPointcutAdvisor
instanceKlass org/springframework/aop/PointcutAdvisor
instanceKlass org/springframework/aop/Advisor
instanceKlass org/springframework/transaction/interceptor/TransactionAspectSupport
instanceKlass org/aopalliance/intercept/MethodInterceptor
instanceKlass org/aopalliance/intercept/Interceptor
instanceKlass org/springframework/transaction/interceptor/TransactionAttributeSource
instanceKlass org/aopalliance/aop/Advice
instanceKlass org/springframework/beans/Mergeable
instanceKlass org/springframework/boot/autoconfigure/jdbc/DataSourceTransactionManagerAutoConfiguration
instanceKlass org/springframework/boot/autoconfigure/jdbc/DataSourceTransactionManagerAutoConfiguration$JdbcTransactionManagerConfiguration
instanceKlass org/springframework/boot/LazyInitializationExcludeFilter
instanceKlass org/springframework/boot/autoconfigure/task/TaskSchedulingAutoConfiguration
instanceKlass org/springframework/boot/autoconfigure/jdbc/JdbcTemplateAutoConfiguration
instanceKlass org/springframework/jdbc/core/namedparam/NamedParameterJdbcTemplate
instanceKlass org/springframework/boot/task/TaskSchedulerBuilder
instanceKlass org/springframework/boot/autoconfigure/task/TaskSchedulingProperties
instanceKlass org/springframework/boot/autoconfigure/jdbc/NamedParameterJdbcTemplateConfiguration
instanceKlass org/springframework/jdbc/core/namedparam/NamedParameterJdbcOperations
instanceKlass org/springframework/boot/autoconfigure/jdbc/JdbcProperties
instanceKlass org/springframework/boot/autoconfigure/jdbc/JdbcTemplateConfiguration
instanceKlass org/springframework/boot/autoconfigure/info/ProjectInfoAutoConfiguration
instanceKlass org/springframework/boot/autoconfigure/info/ProjectInfoProperties
instanceKlass org/springframework/data/domain/Pageable
instanceKlass org/springframework/boot/autoconfigure/data/web/SpringDataWebAutoConfiguration
instanceKlass org/springframework/data/web/config/SpringDataJacksonConfiguration
instanceKlass org/springframework/data/web/config/SortHandlerMethodArgumentResolverCustomizer
instanceKlass org/springframework/data/web/SortHandlerMethodArgumentResolverSupport
instanceKlass org/springframework/data/web/SortArgumentResolver
instanceKlass org/springframework/data/web/config/ProjectingArgumentResolverRegistrar$ProjectingArgumentResolverBeanPostProcessor
instanceKlass org/springframework/data/web/config/PageableHandlerMethodArgumentResolverCustomizer
instanceKlass org/springframework/boot/autoconfigure/data/rest/RepositoryRestMvcAutoConfiguration
instanceKlass org/springframework/boot/autoconfigure/data/web/SpringDataWebProperties
instanceKlass org/springframework/boot/autoconfigure/http/HttpMessageConvertersAutoConfiguration
instanceKlass org/springframework/boot/autoconfigure/http/JsonbHttpMessageConvertersConfiguration
instanceKlass org/springframework/boot/autoconfigure/http/GsonHttpMessageConvertersConfiguration
instanceKlass org/springframework/boot/autoconfigure/http/JacksonHttpMessageConvertersConfiguration
instanceKlass org/springframework/boot/autoconfigure/jsonb/JsonbAutoConfiguration
instanceKlass org/springframework/boot/autoconfigure/gson/GsonAutoConfiguration
instanceKlass org/springframework/boot/autoconfigure/http/JacksonHttpMessageConvertersConfiguration$MappingJackson2HttpMessageConverterConfiguration
# instanceKlass java/lang/invoke/LambdaForm$MH+0x000001b933270000
instanceKlass org/springframework/boot/autoconfigure/http/HttpMessageConvertersAutoConfiguration$StringHttpMessageConverterConfiguration
instanceKlass org/springframework/boot/autoconfigure/jackson/JacksonAutoConfiguration
instanceKlass org/springframework/boot/autoconfigure/jackson/JacksonAutoConfiguration$JacksonObjectMapperConfiguration
instanceKlass org/springframework/boot/autoconfigure/jackson/JacksonAutoConfiguration$ParameterNamesModuleConfiguration
instanceKlass org/springframework/boot/autoconfigure/jackson/JacksonAutoConfiguration$JacksonObjectMapperBuilderConfiguration
instanceKlass org/springframework/boot/autoconfigure/jackson/JacksonAutoConfiguration$Jackson2ObjectMapperBuilderCustomizerConfiguration$StandardJackson2ObjectMapperBuilderCustomizer
instanceKlass org/springframework/boot/autoconfigure/jackson/Jackson2ObjectMapperBuilderCustomizer
instanceKlass org/springframework/boot/autoconfigure/jackson/JacksonAutoConfiguration$Jackson2ObjectMapperBuilderCustomizerConfiguration
instanceKlass  @bci org/springframework/beans/factory/config/ConstructorArgumentValues addArgumentValues (Lorg/springframework/beans/factory/config/ConstructorArgumentValues;)V 40 <appendix> member <vmtarget> ; # org/springframework/beans/factory/config/ConstructorArgumentValues$$Lambda+0x000001b93326a838
instanceKlass  @bci org/springframework/beans/factory/config/ConstructorArgumentValues addArgumentValues (Lorg/springframework/beans/factory/config/ConstructorArgumentValues;)V 29 <appendix> member <vmtarget> ; # org/springframework/beans/factory/config/ConstructorArgumentValues$$Lambda+0x000001b93326a5f0
instanceKlass  @bci org/springframework/beans/factory/config/ConstructorArgumentValues addArgumentValues (Lorg/springframework/beans/factory/config/ConstructorArgumentValues;)V 9 <appendix> member <vmtarget> ; # org/springframework/beans/factory/config/ConstructorArgumentValues$$Lambda+0x000001b93326a3c8
instanceKlass org/springframework/data/jpa/util/JpaMetamodelCacheCleanup
instanceKlass org/springframework/data/mapping/context/AbstractMappingContext
instanceKlass org/springframework/data/mapping/context/MappingContext
instanceKlass org/springframework/boot/autoconfigure/data/jpa/JpaRepositoriesAutoConfiguration
instanceKlass org/springframework/boot/autoconfigure/jackson/JacksonProperties
instanceKlass org/springframework/util/StopWatch$TaskInfo
instanceKlass  @bci org/springframework/data/repository/config/RepositoryConfigurationSourceSupport lambda$getCandidates$2 (Lorg/springframework/data/repository/config/RepositoryComponentProvider;)Ljava/util/stream/Stream; 10 <appendix> member <vmtarget> ; # org/springframework/data/repository/config/RepositoryConfigurationSourceSupport$$Lambda+0x000001b933268fd8
instanceKlass  @bci org/springframework/data/util/Streamable of (Ljava/lang/Iterable;)Lorg/springframework/data/util/Streamable; 12 <appendix> member <vmtarget> ; # org/springframework/data/util/Streamable$$Lambda+0x000001b933268ca0
instanceKlass  @bci org/springframework/data/repository/config/RepositoryConfigurationSourceSupport getCandidates (Lorg/springframework/core/io/ResourceLoader;)Lorg/springframework/data/util/Streamable; 54 <appendix> member <vmtarget> ; # org/springframework/data/repository/config/RepositoryConfigurationSourceSupport$$Lambda+0x000001b933268a88
instanceKlass  @bci org/springframework/data/repository/config/RepositoryConfigurationSourceSupport getCandidates (Lorg/springframework/core/io/ResourceLoader;)Lorg/springframework/data/util/Streamable; 42 <appendix> member <vmtarget> ; # org/springframework/data/repository/config/RepositoryConfigurationSourceSupport$$Lambda+0x000001b933268860
instanceKlass org/springframework/data/repository/NoRepositoryBean
instanceKlass org/springframework/data/repository/RepositoryDefinition
instanceKlass  @bci org/springframework/data/repository/config/AnnotationRepositoryConfigurationSource lambda$parseFilters$3 ([Lorg/springframework/core/annotation/AnnotationAttributes;)Ljava/util/stream/Stream; 5 <appendix> member <vmtarget> ; # org/springframework/data/repository/config/AnnotationRepositoryConfigurationSource$$Lambda+0x000001b933268000
instanceKlass org/springframework/data/util/LazyStreamable
instanceKlass org/springframework/data/util/Streamable
instanceKlass  @bci org/springframework/data/repository/config/AnnotationRepositoryConfigurationSource parseFilters (Ljava/lang/String;)Lorg/springframework/data/util/Streamable; 11 <appendix> member <vmtarget> ; # org/springframework/data/repository/config/AnnotationRepositoryConfigurationSource$$Lambda+0x000001b933267760
instanceKlass  @bci org/springframework/data/util/Lazy <clinit> ()V 4 <appendix> argL0 ; # org/springframework/data/util/Lazy$$Lambda+0x000001b933267298
instanceKlass org/springframework/data/util/Lazy
instanceKlass  @bci org/springframework/data/repository/config/CustomRepositoryImplementationDetector <init> (Lorg/springframework/core/env/Environment;Lorg/springframework/core/io/ResourceLoader;Lorg/springframework/data/repository/config/ImplementationDetectionConfiguration;)V 35 <appendix> member <vmtarget> ; # org/springframework/data/repository/config/CustomRepositoryImplementationDetector$$Lambda+0x000001b933266e28
instanceKlass org/springframework/data/repository/config/ImplementationLookupConfiguration
instanceKlass org/springframework/data/repository/config/RepositoryConfigurationSourceSupport$SpringImplementationDetectionConfiguration
instanceKlass org/springframework/data/repository/config/CustomRepositoryImplementationDetector
instanceKlass org/springframework/data/repository/config/FragmentMetadata
instanceKlass org/springframework/data/repository/config/RepositoryBeanDefinitionBuilder
instanceKlass org/springframework/beans/factory/config/ConstructorArgumentValues$ValueHolder
instanceKlass org/springframework/beans/factory/config/ConstructorArgumentValues
instanceKlass  @bci org/springframework/data/repository/config/RepositoryConfigurationSource getRequiredAttribute (Ljava/lang/String;Ljava/lang/Class;)Ljava/lang/Object; 15 <appendix> member <vmtarget> ; # org/springframework/data/repository/config/RepositoryConfigurationSource$$Lambda+0x000001b933265c68
instanceKlass  @bci org/springframework/data/repository/config/AnnotationRepositoryConfigurationSource getAttribute (Ljava/lang/String;Ljava/lang/Class;)Ljava/util/Optional; 54 <appendix> member <vmtarget> ; # org/springframework/data/repository/config/AnnotationRepositoryConfigurationSource$$Lambda+0x000001b933265a50
instanceKlass org/springframework/data/jpa/repository/support/JpaEvaluationContextExtension
instanceKlass org/springframework/data/spel/spi/EvaluationContextExtension
instanceKlass org/springframework/data/spel/spi/ExtensionIdAware
instanceKlass  @bci org/springframework/data/jpa/repository/config/JpaRepositoryConfigExtension registerBeansForRoot (Lorg/springframework/beans/factory/support/BeanDefinitionRegistry;Lorg/springframework/data/repository/config/RepositoryConfigurationSource;)V 74 <appendix> member <vmtarget> ; # org/springframework/data/jpa/repository/config/JpaRepositoryConfigExtension$$Lambda+0x000001b9332651f0
instanceKlass  @bci org/springframework/data/jpa/repository/config/JpaRepositoryConfigExtension registerBeansForRoot (Lorg/springframework/beans/factory/support/BeanDefinitionRegistry;Lorg/springframework/data/repository/config/RepositoryConfigurationSource;)V 61 <appendix> argL0 ; # org/springframework/data/jpa/repository/config/JpaRepositoryConfigExtension$$Lambda+0x000001b933264fe0
instanceKlass org/springframework/data/jpa/repository/support/DefaultJpaContext
instanceKlass org/springframework/data/jpa/repository/JpaContext
instanceKlass  @bci org/springframework/data/jpa/repository/config/JpaRepositoryConfigExtension registerBeansForRoot (Lorg/springframework/beans/factory/support/BeanDefinitionRegistry;Lorg/springframework/data/repository/config/RepositoryConfigurationSource;)V 49 <appendix> argL0 ; # org/springframework/data/jpa/repository/config/JpaRepositoryConfigExtension$$Lambda+0x000001b9332649c0
instanceKlass  @bci org/springframework/data/jpa/repository/config/JpaRepositoryConfigExtension registerBeansForRoot (Lorg/springframework/beans/factory/support/BeanDefinitionRegistry;Lorg/springframework/data/repository/config/RepositoryConfigurationSource;)V 37 <appendix> argL0 ; # org/springframework/data/jpa/repository/config/JpaRepositoryConfigExtension$$Lambda+0x000001b9332647b0
instanceKlass org/springframework/beans/factory/config/AbstractFactoryBean
instanceKlass  @bci org/springframework/data/jpa/repository/config/JpaRepositoryConfigExtension registerBeansForRoot (Lorg/springframework/beans/factory/support/BeanDefinitionRegistry;Lorg/springframework/data/repository/config/RepositoryConfigurationSource;)V 25 <appendix> argL0 ; # org/springframework/data/jpa/repository/config/JpaRepositoryConfigExtension$$Lambda+0x000001b933263fa8
instanceKlass org/springframework/data/jpa/repository/support/EntityManagerBeanDefinitionRegistrarPostProcessor
instanceKlass  @bci org/springframework/data/jpa/repository/config/JpaRepositoryConfigExtension registerBeansForRoot (Lorg/springframework/beans/factory/support/BeanDefinitionRegistry;Lorg/springframework/data/repository/config/RepositoryConfigurationSource;)V 13 <appendix> argL0 ; # org/springframework/data/jpa/repository/config/JpaRepositoryConfigExtension$$Lambda+0x000001b933263b60
instanceKlass org/springframework/data/repository/config/RepositoryConfiguration
instanceKlass org/springframework/data/repository/core/support/RepositoryFactorySupport
instanceKlass  @bci org/springframework/data/repository/config/AnnotationRepositoryConfigurationSource hasExplicitFilters (Lorg/springframework/core/annotation/AnnotationAttributes;)Z 18 <appendix> member <vmtarget> ; # org/springframework/data/repository/config/AnnotationRepositoryConfigurationSource$$Lambda+0x000001b9332623a0
instanceKlass org/springframework/data/repository/config/RepositoryBeanDefinitionRegistrarSupport
instanceKlass org/springframework/data/repository/config/RepositoryBeanNameGenerator
instanceKlass org/springframework/data/config/ConfigurationUtils
instanceKlass org/springframework/data/repository/config/ImplementationDetectionConfiguration
instanceKlass org/springframework/data/repository/config/DefaultRepositoryBaseClass
instanceKlass org/springframework/data/jpa/repository/config/EnableJpaRepositories
instanceKlass org/springframework/boot/autoconfigure/data/jpa/JpaRepositoriesRegistrar$EnableJpaRepositoriesConfiguration
instanceKlass org/springframework/data/repository/config/RepositoryConfigurationDelegate
instanceKlass org/springframework/data/repository/config/RepositoryConfigurationExtensionSupport
instanceKlass org/springframework/data/repository/core/support/RepositoryFactoryBeanSupport
instanceKlass org/springframework/data/repository/core/support/RepositoryFactoryInformation
instanceKlass org/springframework/boot/autoconfigure/dao/PersistenceExceptionTranslationAutoConfiguration
instanceKlass org/springframework/context/support/DefaultLifecycleProcessor
instanceKlass org/springframework/boot/autoconfigure/context/LifecycleAutoConfiguration
instanceKlass org/springframework/boot/autoconfigure/context/ConfigurationPropertiesAutoConfiguration
instanceKlass org/springframework/boot/autoconfigure/context/LifecycleProperties
instanceKlass org/springframework/beans/factory/support/AbstractAutowireCapableBeanFactory$FactoryBeanMethodTypeFinder
instanceKlass  @bci org/springframework/boot/autoconfigure/orm/jpa/DataSourceInitializedPublisher$Registrar registerBeanDefinitions (Lorg/springframework/core/type/AnnotationMetadata;Lorg/springframework/beans/factory/support/BeanDefinitionRegistry;)V 71 <appendix> member <vmtarget> ; # org/springframework/boot/autoconfigure/orm/jpa/DataSourceInitializedPublisher$Registrar$$Lambda+0x000001b93325e270
instanceKlass  @bci org/springframework/boot/autoconfigure/orm/jpa/DataSourceInitializedPublisher$Registrar registerBeanDefinitions (Lorg/springframework/core/type/AnnotationMetadata;Lorg/springframework/beans/factory/support/BeanDefinitionRegistry;)V 33 <appendix> member <vmtarget> ; # org/springframework/boot/autoconfigure/orm/jpa/DataSourceInitializedPublisher$Registrar$$Lambda+0x000001b93325e058
instanceKlass org/springframework/boot/autoconfigure/orm/jpa/DataSourceInitializedPublisher
instanceKlass org/springframework/boot/autoconfigure/orm/jpa/EntityManagerFactoryBuilderCustomizer
instanceKlass org/springframework/boot/orm/jpa/EntityManagerFactoryBuilder
instanceKlass org/springframework/boot/autoconfigure/transaction/TransactionManagerCustomizers
instanceKlass org/springframework/transaction/support/ResourceTransactionManager
instanceKlass org/springframework/boot/autoconfigure/orm/jpa/JpaProperties
instanceKlass org/hibernate/boot/model/naming/ImplicitNamingStrategy
instanceKlass org/hibernate/boot/model/naming/PhysicalNamingStrategy
instanceKlass org/springframework/orm/jpa/vendor/AbstractJpaVendorAdapter
instanceKlass org/springframework/orm/jpa/JpaVendorAdapter
instanceKlass org/springframework/boot/autoconfigure/orm/jpa/JpaBaseConfiguration
instanceKlass org/springframework/boot/autoconfigure/orm/jpa/JpaBaseConfiguration$JpaWebConfiguration
instanceKlass org/springframework/boot/autoconfigure/orm/jpa/HibernateProperties
instanceKlass org/springframework/orm/jpa/EntityManagerFactoryAccessor
instanceKlass org/springframework/web/context/request/AsyncWebRequestInterceptor
instanceKlass org/springframework/web/context/request/WebRequestInterceptor
instanceKlass org/springframework/boot/autoconfigure/jdbc/DataSourceAutoConfiguration
instanceKlass org/springframework/boot/jdbc/metadata/DataSourcePoolMetadataProvider
instanceKlass org/springframework/boot/jdbc/metadata/DataSourcePoolMetadata
instanceKlass org/springframework/boot/autoconfigure/jdbc/metadata/DataSourcePoolMetadataProvidersConfiguration$HikariPoolDataSourceMetadataProviderConfiguration
instanceKlass org/springframework/boot/autoconfigure/jdbc/DataSourceAutoConfiguration$PooledDataSourceConfiguration
instanceKlass org/springframework/boot/autoconfigure/jdbc/DataSourceJmxConfiguration$Hikari
instanceKlass org/springframework/boot/autoconfigure/jdbc/DataSourceInitializationConfiguration
instanceKlass org/springframework/boot/autoconfigure/jdbc/metadata/DataSourcePoolMetadataProvidersConfiguration
instanceKlass  @bci org/springframework/boot/autoconfigure/jdbc/DataSourceInitializationConfiguration$Registrar registerBeanDefinitions (Lorg/springframework/core/type/AnnotationMetadata;Lorg/springframework/beans/factory/support/BeanDefinitionRegistry;)V 13 <appendix> argL0 ; # org/springframework/boot/autoconfigure/jdbc/DataSourceInitializationConfiguration$Registrar$$Lambda+0x000001b933259878
instanceKlass org/springframework/boot/autoconfigure/jdbc/DataSourceInitializerPostProcessor
instanceKlass org/springframework/boot/autoconfigure/jdbc/DataSourceInitializerInvoker
instanceKlass org/springframework/boot/autoconfigure/jdbc/DataSourceJmxConfiguration
instanceKlass org/springframework/boot/autoconfigure/jdbc/DataSourceConfiguration$Generic
instanceKlass org/springframework/boot/autoconfigure/jdbc/DataSourceConfiguration$OracleUcp
instanceKlass org/springframework/boot/autoconfigure/jdbc/DataSourceConfiguration$Dbcp2
instanceKlass org/springframework/boot/autoconfigure/jdbc/DataSourceConfiguration$Tomcat
instanceKlass org/springframework/boot/autoconfigure/jdbc/DataSourceProperties
instanceKlass org/springframework/boot/autoconfigure/jdbc/DataSourceConfiguration$Hikari
instanceKlass  @bci org/springframework/boot/autoconfigure/condition/OnBeanCondition$SingleCandidateSpec validate (Lorg/springframework/boot/autoconfigure/condition/OnBeanCondition$BeanTypeDeductionException;)V 19 <appendix> member <vmtarget> ; # org/springframework/boot/autoconfigure/condition/OnBeanCondition$SingleCandidateSpec$$Lambda+0x000001b9332581f8
instanceKlass javax/sql/XADataSource
instanceKlass org/springframework/boot/autoconfigure/transaction/jta/JtaAutoConfiguration
instanceKlass org/springframework/boot/availability/ApplicationAvailabilityBean
instanceKlass org/springframework/boot/availability/ApplicationAvailability
instanceKlass org/springframework/boot/autoconfigure/availability/ApplicationAvailabilityAutoConfiguration
instanceKlass org/springframework/boot/autoconfigure/aop/AopAutoConfiguration
instanceKlass org/springframework/boot/autoconfigure/aop/AopAutoConfiguration$AspectJAutoProxyingConfiguration
instanceKlass org/springframework/boot/autoconfigure/aop/AopAutoConfiguration$AspectJAutoProxyingConfiguration$CglibAutoProxyConfiguration
instanceKlass org/springframework/boot/autoconfigure/transaction/jta/AtomikosJtaConfiguration
instanceKlass org/springframework/boot/autoconfigure/transaction/jta/BitronixJtaConfiguration
instanceKlass org/springframework/boot/autoconfigure/transaction/jta/JndiJtaConfiguration
instanceKlass org/springframework/boot/autoconfigure/orm/jpa/HibernateJpaAutoConfiguration
instanceKlass org/springframework/boot/autoconfigure/jms/artemis/ArtemisAutoConfiguration
instanceKlass org/springframework/boot/autoconfigure/jms/activemq/ActiveMQAutoConfiguration
instanceKlass org/springframework/boot/autoconfigure/jdbc/XADataSourceAutoConfiguration
instanceKlass org/springframework/aop/config/AopConfigUtils
instanceKlass org/springframework/boot/autoconfigure/validation/ValidationAutoConfiguration
instanceKlass org/springframework/web/context/request/RequestContextListener
instanceKlass javax/servlet/ServletRequestListener
instanceKlass  @bci org/springframework/boot/autoconfigure/condition/OnBeanCondition appendMessageForMatches (Ljava/lang/StringBuilder;Ljava/util/Map;Ljava/lang/String;)V 12 <appendix> member <vmtarget> ; # org/springframework/boot/autoconfigure/condition/OnBeanCondition$$Lambda+0x000001b933252a58
instanceKlass org/springframework/boot/autoconfigure/http/HttpMessageConverters
instanceKlass org/springframework/web/servlet/config/annotation/ResourceHandlerRegistration
instanceKlass org/springframework/boot/web/servlet/filter/OrderedFilter
instanceKlass org/springframework/validation/MessageCodeFormatter
instanceKlass org/springframework/boot/autoconfigure/web/servlet/WebMvcAutoConfiguration$WebMvcAutoConfigurationAdapter
# instanceKlass java/lang/invoke/LambdaForm$MH+0x000001b933254000
instanceKlass org/springframework/lang/Nullable
instanceKlass org/springframework/web/servlet/mvc/SimpleControllerHandlerAdapter
instanceKlass org/springframework/web/servlet/handler/HandlerMappingIntrospector
instanceKlass org/springframework/web/cors/CorsConfigurationSource
instanceKlass org/springframework/web/method/support/CompositeUriComponentsContributor
instanceKlass org/springframework/web/method/support/UriComponentsContributor
instanceKlass org/springframework/web/util/pattern/PathPatternParser
instanceKlass org/springframework/web/util/UrlPathHelper
instanceKlass org/springframework/web/servlet/mvc/HttpRequestHandlerAdapter
instanceKlass org/springframework/web/servlet/function/support/HandlerFunctionAdapter
instanceKlass javax/servlet/ServletContext
instanceKlass org/springframework/validation/MessageCodesResolver
instanceKlass org/springframework/web/servlet/config/annotation/ViewResolverRegistry
instanceKlass org/springframework/web/servlet/config/annotation/ResourceHandlerRegistry
instanceKlass org/springframework/web/servlet/config/annotation/AsyncSupportConfigurer
instanceKlass org/springframework/web/servlet/config/annotation/ContentNegotiationConfigurer
instanceKlass org/springframework/web/servlet/config/annotation/DefaultServletHandlerConfigurer
instanceKlass org/springframework/web/servlet/config/annotation/InterceptorRegistry
instanceKlass org/springframework/web/servlet/config/annotation/CorsRegistry
instanceKlass org/springframework/web/servlet/config/annotation/PathMatchConfigurer
instanceKlass org/springframework/web/servlet/config/annotation/ViewControllerRegistry
instanceKlass org/springframework/web/servlet/HandlerAdapter
instanceKlass org/springframework/web/accept/ContentNegotiationManager
instanceKlass org/springframework/web/accept/MediaTypeFileExtensionResolver
instanceKlass org/springframework/web/accept/ContentNegotiationStrategy
instanceKlass org/springframework/web/servlet/handler/AbstractHandlerExceptionResolver
instanceKlass org/springframework/web/bind/support/ConfigurableWebBindingInitializer
instanceKlass org/springframework/web/servlet/resource/ResourceUrlProvider
instanceKlass org/springframework/web/servlet/handler/MatchableHandlerMapping
instanceKlass org/springframework/web/bind/support/WebBindingInitializer
instanceKlass org/springframework/web/servlet/HandlerMapping
instanceKlass org/springframework/web/servlet/FlashMapManager
instanceKlass org/springframework/web/servlet/RequestToViewNameTranslator
instanceKlass org/springframework/web/servlet/HandlerInterceptor
instanceKlass org/springframework/web/servlet/ThemeResolver
instanceKlass org/springframework/web/servlet/LocaleResolver
instanceKlass org/springframework/web/servlet/config/annotation/WebMvcConfigurationSupport
instanceKlass org/springframework/boot/web/servlet/error/DefaultErrorAttributes
instanceKlass org/springframework/web/servlet/HandlerExceptionResolver
instanceKlass org/springframework/boot/autoconfigure/web/servlet/error/AbstractErrorController
instanceKlass org/springframework/boot/autoconfigure/web/servlet/error/ErrorMvcAutoConfiguration$ErrorPageCustomizer
instanceKlass org/springframework/boot/web/server/ErrorPageRegistrar
instanceKlass org/springframework/boot/autoconfigure/web/servlet/error/ErrorMvcAutoConfiguration$PreserveErrorControllerTargetClassPostProcessor
instanceKlass org/springframework/boot/web/servlet/error/ErrorController
instanceKlass org/springframework/boot/autoconfigure/web/servlet/error/ErrorMvcAutoConfiguration
instanceKlass org/springframework/boot/autoconfigure/web/servlet/error/DefaultErrorViewResolver
instanceKlass org/springframework/boot/web/servlet/error/ErrorAttributes
instanceKlass org/springframework/boot/autoconfigure/web/servlet/WebMvcAutoConfiguration
instanceKlass org/springframework/boot/autoconfigure/web/servlet/error/ErrorViewResolver
instanceKlass org/springframework/boot/autoconfigure/web/servlet/error/ErrorMvcAutoConfiguration$DefaultErrorViewResolverConfiguration
instanceKlass org/springframework/boot/autoconfigure/web/WebProperties
instanceKlass org/springframework/web/servlet/View
instanceKlass org/springframework/boot/autoconfigure/web/servlet/error/ErrorMvcAutoConfiguration$WhitelabelErrorViewConfiguration
instanceKlass org/springframework/context/support/ApplicationObjectSupport
instanceKlass org/springframework/web/servlet/ViewResolver
instanceKlass org/springframework/boot/autoconfigure/task/TaskExecutionAutoConfiguration
instanceKlass org/springframework/boot/autoconfigure/web/servlet/DispatcherServletAutoConfiguration
instanceKlass org/springframework/boot/autoconfigure/web/servlet/DispatcherServletPath
instanceKlass org/springframework/boot/task/TaskExecutorBuilder
instanceKlass org/springframework/boot/autoconfigure/task/TaskExecutionProperties
instanceKlass org/springframework/aop/scope/ScopedProxyUtils
instanceKlass org/springframework/boot/autoconfigure/web/servlet/DispatcherServletAutoConfiguration$DispatcherServletRegistrationConfiguration
instanceKlass org/springframework/boot/autoconfigure/web/servlet/DispatcherServletAutoConfiguration$DispatcherServletConfiguration
instanceKlass org/springframework/boot/autoconfigure/web/servlet/WebMvcProperties
instanceKlass  @bci org/springframework/boot/autoconfigure/web/servlet/ServletWebServerFactoryAutoConfiguration$BeanPostProcessorsRegistrar registerBeanDefinitions (Lorg/springframework/core/type/AnnotationMetadata;Lorg/springframework/beans/factory/support/BeanDefinitionRegistry;)V 28 <appendix> argL0 ; # org/springframework/boot/autoconfigure/web/servlet/ServletWebServerFactoryAutoConfiguration$BeanPostProcessorsRegistrar$$Lambda+0x000001b933241d58
instanceKlass org/springframework/boot/web/server/ErrorPageRegistrarBeanPostProcessor
instanceKlass org/springframework/boot/autoconfigure/web/servlet/ServletWebServerFactoryCustomizer
instanceKlass org/springframework/boot/autoconfigure/web/servlet/TomcatServletWebServerFactoryCustomizer
instanceKlass org/springframework/boot/web/server/AbstractConfigurableWebServerFactory
instanceKlass org/springframework/boot/web/servlet/server/ConfigurableServletWebServerFactory
instanceKlass org/springframework/boot/web/servlet/WebListenerRegistry
instanceKlass org/springframework/boot/web/embedded/tomcat/ConfigurableTomcatWebServerFactory
instanceKlass org/springframework/boot/web/server/ConfigurableWebServerFactory
instanceKlass org/springframework/boot/web/server/ErrorPageRegistry
instanceKlass org/springframework/boot/web/server/WebServerFactory
instanceKlass  @bci org/springframework/boot/autoconfigure/web/servlet/ServletWebServerFactoryAutoConfiguration$BeanPostProcessorsRegistrar registerBeanDefinitions (Lorg/springframework/core/type/AnnotationMetadata;Lorg/springframework/beans/factory/support/BeanDefinitionRegistry;)V 14 <appendix> argL0 ; # org/springframework/boot/autoconfigure/web/servlet/ServletWebServerFactoryAutoConfiguration$BeanPostProcessorsRegistrar$$Lambda+0x000001b93323f6a0
instanceKlass org/springframework/boot/web/server/WebServerFactoryCustomizerBeanPostProcessor
instanceKlass org/springframework/boot/context/properties/ConstructorBinding
instanceKlass org/springframework/boot/context/properties/ConfigurationPropertiesBindConstructorProvider
instanceKlass  @bci org/springframework/boot/context/properties/ConfigurationPropertiesBeanRegistrar registerBeanDefinition (Ljava/lang/String;Ljava/lang/Class;Lorg/springframework/core/annotation/MergedAnnotation;)V 7 <appendix> member <vmtarget> ; # org/springframework/boot/context/properties/ConfigurationPropertiesBeanRegistrar$$Lambda+0x000001b93323ea08
instanceKlass  @bci org/springframework/boot/context/properties/EnableConfigurationPropertiesRegistrar registerBeanDefinitions (Lorg/springframework/core/type/AnnotationMetadata;Lorg/springframework/beans/factory/support/BeanDefinitionRegistry;)V 28 <appendix> member <vmtarget> ; # org/springframework/boot/context/properties/EnableConfigurationPropertiesRegistrar$$Lambda+0x000001b93323e580
instanceKlass  @bci org/springframework/boot/context/properties/EnableConfigurationPropertiesRegistrar getTypes (Lorg/springframework/core/type/AnnotationMetadata;)Ljava/util/Set; 23 <appendix> argL0 ; # org/springframework/boot/context/properties/EnableConfigurationPropertiesRegistrar$$Lambda+0x000001b93323e340
instanceKlass  @bci org/springframework/boot/context/properties/EnableConfigurationPropertiesRegistrar getTypes (Lorg/springframework/core/type/AnnotationMetadata;)Ljava/util/Set; 13 <appendix> argL0 ; # org/springframework/boot/context/properties/EnableConfigurationPropertiesRegistrar$$Lambda+0x000001b93323e110
instanceKlass org/springframework/boot/context/properties/ConfigurationPropertiesBeanRegistrar
instanceKlass  @bci org/springframework/boot/context/properties/EnableConfigurationPropertiesRegistrar registerMethodValidationExcludeFilter (Lorg/springframework/beans/factory/support/BeanDefinitionRegistry;)V 14 <appendix> argL0 ; # org/springframework/boot/context/properties/EnableConfigurationPropertiesRegistrar$$Lambda+0x000001b93323dd00
instanceKlass org/springframework/boot/validation/beanvalidation/MethodValidationExcludeFilter
instanceKlass  @bci org/springframework/boot/context/properties/BoundConfigurationProperties register (Lorg/springframework/beans/factory/support/BeanDefinitionRegistry;)V 20 <appendix> argL0 ; # org/springframework/boot/context/properties/BoundConfigurationProperties$$Lambda+0x000001b93323d900
instanceKlass org/springframework/boot/context/properties/BoundConfigurationProperties
instanceKlass  @bci org/springframework/boot/context/properties/ConfigurationPropertiesBinder register (Lorg/springframework/beans/factory/support/BeanDefinitionRegistry;)V 53 <appendix> member <vmtarget> ; # org/springframework/boot/context/properties/ConfigurationPropertiesBinder$$Lambda+0x000001b93323d4d0
instanceKlass  @bci org/springframework/boot/context/properties/ConfigurationPropertiesBinder register (Lorg/springframework/beans/factory/support/BeanDefinitionRegistry;)V 13 <appendix> argL0 ; # org/springframework/boot/context/properties/ConfigurationPropertiesBinder$$Lambda+0x000001b93323d2c0
instanceKlass org/springframework/boot/context/properties/ConfigurationPropertiesBinder$Factory
instanceKlass org/springframework/validation/Validator
instanceKlass org/springframework/boot/context/properties/ConfigurationPropertiesBinder
instanceKlass  @bci org/springframework/boot/context/properties/ConfigurationPropertiesBindingPostProcessor register (Lorg/springframework/beans/factory/support/BeanDefinitionRegistry;)V 20 <appendix> argL0 ; # org/springframework/boot/context/properties/ConfigurationPropertiesBindingPostProcessor$$Lambda+0x000001b93323ca88
instanceKlass org/springframework/boot/context/properties/ConfigurationPropertiesBindingPostProcessor
instanceKlass org/springframework/boot/autoconfigure/web/servlet/ServletWebServerFactoryConfiguration$EmbeddedUndertow
instanceKlass org/springframework/boot/autoconfigure/web/servlet/ServletWebServerFactoryConfiguration$EmbeddedJetty
instanceKlass org/springframework/boot/autoconfigure/web/servlet/ServletWebServerFactoryConfiguration$EmbeddedTomcat
instanceKlass org/springframework/boot/autoconfigure/web/ServerProperties
instanceKlass org/springframework/boot/autoconfigure/websocket/servlet/WebSocketServletAutoConfiguration
instanceKlass org/springframework/boot/autoconfigure/websocket/servlet/TomcatWebSocketServletWebServerCustomizer
instanceKlass org/springframework/boot/web/server/WebServerFactoryCustomizer
instanceKlass org/springframework/boot/autoconfigure/websocket/servlet/WebSocketServletAutoConfiguration$TomcatWebSocketConfiguration
instanceKlass org/springframework/boot/web/servlet/server/ServletWebServerFactory
instanceKlass org/springframework/boot/autoconfigure/web/servlet/ServletWebServerFactoryAutoConfiguration
instanceKlass org/springframework/boot/autoconfigure/context/PropertyPlaceholderAutoConfiguration
instanceKlass  @bci org/springframework/boot/autoconfigure/AutoConfigurationPackages$BasePackagesBeanDefinition getInstanceSupplier ()Ljava/util/function/Supplier; 1 <appendix> member <vmtarget> ; # org/springframework/boot/autoconfigure/AutoConfigurationPackages$BasePackagesBeanDefinition$$Lambda+0x000001b93323ac60
instanceKlass org/springframework/core/annotation/AnnotatedElementUtils
instanceKlass org/springframework/context/annotation/BeanAnnotationHelper
instanceKlass org/modelmapper/ModelMapper
instanceKlass  @bci org/springframework/util/ReflectionUtils getUniqueDeclaredMethods (Ljava/lang/Class;Lorg/springframework/util/ReflectionUtils$MethodFilter;)[Ljava/lang/reflect/Method; 12 <appendix> member <vmtarget> ; # org/springframework/util/ReflectionUtils$$Lambda+0x000001b93323a110
instanceKlass  @bci org/springframework/beans/factory/support/AbstractAutowireCapableBeanFactory getTypeForFactoryMethod (Ljava/lang/String;Lorg/springframework/beans/factory/support/RootBeanDefinition;[Ljava/lang/Class;)Ljava/lang/Class; 132 <appendix> argL0 ; # org/springframework/beans/factory/support/AbstractAutowireCapableBeanFactory$$Lambda+0x000001b933239ee0
instanceKlass org/springframework/boot/autoconfigure/condition/OnBeanCondition$MatchResult
instanceKlass org/springframework/core/io/support/PropertiesLoaderSupport
instanceKlass  @bci org/springframework/boot/autoconfigure/condition/OnBeanCondition$Spec <init> (Lorg/springframework/context/annotation/ConditionContext;Lorg/springframework/core/type/AnnotatedTypeMetadata;Lorg/springframework/core/annotation/MergedAnnotations;Ljava/lang/Class;)V 12 <appendix> argL0 ; # org/springframework/boot/autoconfigure/condition/OnBeanCondition$Spec$$Lambda+0x000001b933238ed0
instanceKlass org/springframework/boot/autoconfigure/AutoConfigurationPackages$BasePackages
instanceKlass org/springframework/boot/autoconfigure/AutoConfigurationPackages
instanceKlass org/springframework/boot/autoconfigure/AutoConfigurationPackages$PackageImports
instanceKlass org/springframework/beans/factory/annotation/RequiredAnnotationBeanPostProcessor
instanceKlass org/springframework/core/type/StandardMethodMetadata
instanceKlass  @bci org/springframework/context/annotation/ConfigurationClassBeanDefinitionReader loadBeanDefinitionsFromRegistrars (Ljava/util/Map;)V 2 <appendix> member <vmtarget> ; # org/springframework/context/annotation/ConfigurationClassBeanDefinitionReader$$Lambda+0x000001b933235430
instanceKlass  @bci org/springframework/context/annotation/ConfigurationClassBeanDefinitionReader loadBeanDefinitionsFromImportedResources (Ljava/util/Map;)V 11 <appendix> member <vmtarget> ; # org/springframework/context/annotation/ConfigurationClassBeanDefinitionReader$$Lambda+0x000001b933235208
instanceKlass org/springframework/context/annotation/ConfigurationClassBeanDefinitionReader$TrackedConditionEvaluator
instanceKlass org/springframework/ws/config/annotation/WsConfigurationSupport
instanceKlass org/springframework/ws/config/annotation/EnableWs
instanceKlass org/springframework/transaction/annotation/AbstractTransactionManagementConfiguration
instanceKlass org/springframework/context/annotation/ImportAware
instanceKlass org/springframework/context/annotation/AutoProxyRegistrar
instanceKlass org/springframework/transaction/annotation/TransactionManagementConfigurationSelector$1
instanceKlass org/springframework/context/annotation/AdviceModeImportSelector
instanceKlass org/springframework/transaction/annotation/EnableTransactionManagement
instanceKlass org/springframework/data/querydsl/QuerydslUtils
instanceKlass  @bci org/springframework/data/web/config/EnableSpringDataWebSupport$SpringDataWebConfigurationImportSelector selectImports (Lorg/springframework/core/type/AnnotationMetadata;)[Ljava/lang/String; 76 <appendix> member <vmtarget> ; # org/springframework/data/web/config/EnableSpringDataWebSupport$SpringDataWebConfigurationImportSelector$$Lambda+0x000001b933233cc0
instanceKlass org/springframework/data/web/config/SpringDataJacksonModules
instanceKlass  @bci org/springframework/data/web/config/EnableSpringDataWebSupport$SpringDataWebConfigurationImportSelector selectImports (Lorg/springframework/core/type/AnnotationMetadata;)[Ljava/lang/String; 67 <appendix> argL0 ; # org/springframework/data/web/config/EnableSpringDataWebSupport$SpringDataWebConfigurationImportSelector$$Lambda+0x000001b9332338a0
instanceKlass  @bci org/springframework/data/web/config/EnableSpringDataWebSupport$SpringDataWebConfigurationImportSelector selectImports (Lorg/springframework/core/type/AnnotationMetadata;)[Ljava/lang/String; 59 <appendix> argL0 ; # org/springframework/data/web/config/EnableSpringDataWebSupport$SpringDataWebConfigurationImportSelector$$Lambda+0x000001b933233660
instanceKlass org/springframework/data/web/config/SpringDataWebConfiguration
instanceKlass  @bci org/springframework/data/web/config/EnableSpringDataWebSupport$SpringDataWebConfigurationImportSelector selectImports (Lorg/springframework/core/type/AnnotationMetadata;)[Ljava/lang/String; 41 <appendix> argL0 ; # org/springframework/data/web/config/EnableSpringDataWebSupport$SpringDataWebConfigurationImportSelector$$Lambda+0x000001b9332330e0
instanceKlass  @bci org/springframework/data/web/config/EnableSpringDataWebSupport$SpringDataWebConfigurationImportSelector selectImports (Lorg/springframework/core/type/AnnotationMetadata;)[Ljava/lang/String; 33 <appendix> argL0 ; # org/springframework/data/web/config/EnableSpringDataWebSupport$SpringDataWebConfigurationImportSelector$$Lambda+0x000001b933232eb0
instanceKlass  @bci org/springframework/data/web/config/EnableSpringDataWebSupport$SpringDataWebConfigurationImportSelector selectImports (Lorg/springframework/core/type/AnnotationMetadata;)[Ljava/lang/String; 25 <appendix> argL0 ; # org/springframework/data/web/config/EnableSpringDataWebSupport$SpringDataWebConfigurationImportSelector$$Lambda+0x000001b933232c70
instanceKlass org/springframework/data/web/config/ProjectingArgumentResolverRegistrar
instanceKlass  @bci org/springframework/data/web/config/EnableSpringDataWebSupport$SpringDataWebConfigurationImportSelector setResourceLoader (Lorg/springframework/core/io/ResourceLoader;)V 5 <appendix> argL0 ; # org/springframework/data/web/config/EnableSpringDataWebSupport$SpringDataWebConfigurationImportSelector$$Lambda+0x000001b933232848
# instanceKlass java/lang/invoke/LambdaForm$MH+0x000001b933234000
instanceKlass org/springframework/data/web/config/EnableSpringDataWebSupport$QuerydslActivator
instanceKlass org/springframework/data/web/config/EnableSpringDataWebSupport$SpringDataWebConfigurationImportSelector
instanceKlass org/springframework/data/web/config/EnableSpringDataWebSupport
instanceKlass org/springframework/data/repository/config/RepositoryConfigurationExtension
instanceKlass org/springframework/data/repository/config/RepositoryConfigurationSourceSupport
instanceKlass org/springframework/data/repository/config/RepositoryConfigurationSource
instanceKlass org/springframework/boot/autoconfigure/data/AbstractRepositoryConfigurationSourceSupport
instanceKlass org/springframework/cache/Cache
instanceKlass  @bci org/springframework/boot/autoconfigure/cache/CacheConfigurations getConfigurationClass (Lorg/springframework/boot/autoconfigure/cache/CacheType;)Ljava/lang/String; 23 <appendix> member <vmtarget> ; # org/springframework/boot/autoconfigure/cache/CacheConfigurations$$Lambda+0x000001b93322fd68
instanceKlass org/springframework/boot/autoconfigure/cache/NoOpCacheConfiguration
instanceKlass org/springframework/boot/autoconfigure/cache/SimpleCacheConfiguration
instanceKlass org/springframework/boot/autoconfigure/cache/CaffeineCacheConfiguration
instanceKlass org/springframework/boot/autoconfigure/cache/RedisCacheConfiguration
instanceKlass org/springframework/boot/autoconfigure/cache/CouchbaseCacheConfiguration
instanceKlass org/springframework/boot/autoconfigure/cache/JCacheCacheConfiguration
instanceKlass org/springframework/boot/autoconfigure/cache/InfinispanCacheConfiguration
instanceKlass org/springframework/boot/autoconfigure/cache/HazelcastCacheConfiguration
instanceKlass org/springframework/boot/autoconfigure/cache/EhCacheCacheConfiguration
instanceKlass org/springframework/boot/autoconfigure/cache/GenericCacheConfiguration
instanceKlass org/springframework/boot/autoconfigure/cache/CacheConfigurations
instanceKlass org/springframework/boot/autoconfigure/cache/CacheAutoConfiguration$CacheConfigurationImportSelector
instanceKlass org/springframework/boot/autoconfigure/orm/jpa/DataSourceInitializedPublisher$DataSourceInitializationCompletionListener
instanceKlass org/springframework/boot/autoconfigure/orm/jpa/DataSourceInitializedPublisher$Registrar
instanceKlass org/springframework/boot/autoconfigure/jdbc/DataSourceInitializationConfiguration$Registrar
instanceKlass  @bci org/springframework/boot/jdbc/DataSourceBuilder$DataSourceSettingsResolver <init> (Ljava/lang/ClassLoader;)V 109 <appendix> argL0 ; # org/springframework/boot/jdbc/DataSourceBuilder$DataSourceSettingsResolver$$Lambda+0x000001b93322d5e0
instanceKlass  @bci org/springframework/boot/jdbc/DataSourceBuilder$DataSourceSettingsResolver <init> (Ljava/lang/ClassLoader;)V 91 <appendix> argL0 ; # org/springframework/boot/jdbc/DataSourceBuilder$DataSourceSettingsResolver$$Lambda+0x000001b93322d3b0
instanceKlass  @bci org/springframework/boot/jdbc/DataSourceBuilder$DataSourceSettingsResolver <init> (Ljava/lang/ClassLoader;)V 73 <appendix> argL0 ; # org/springframework/boot/jdbc/DataSourceBuilder$DataSourceSettingsResolver$$Lambda+0x000001b93322d180
instanceKlass  @bci org/springframework/boot/jdbc/DataSourceBuilder$DataSourceSettingsResolver lambda$new$1 (Ljava/lang/Class;)Lorg/springframework/boot/jdbc/DataSourceBuilder$DataSourceSettings; 5 <appendix> argL0 ; # org/springframework/boot/jdbc/DataSourceBuilder$DataSourceSettingsResolver$$Lambda+0x000001b93322cd50
instanceKlass org/springframework/jdbc/datasource/AbstractDataSource
instanceKlass  @bci org/springframework/boot/jdbc/DataSourceBuilder$DataSourceSettingsResolver <init> (Ljava/lang/ClassLoader;)V 55 <appendix> argL0 ; # org/springframework/boot/jdbc/DataSourceBuilder$DataSourceSettingsResolver$$Lambda+0x000001b93322c0e0
instanceKlass  @bci org/springframework/boot/jdbc/DataSourceBuilder$DataSourceSettingsResolver resolveAvailableDataSourceSettings (Ljava/lang/ClassLoader;)Ljava/util/List; 58 <appendix> member <vmtarget> ; # org/springframework/boot/jdbc/DataSourceBuilder$DataSourceSettingsResolver$$Lambda+0x000001b93322bea8
instanceKlass  @bci org/springframework/boot/jdbc/DataSourceBuilder$DataSourceSettingsResolver resolveAvailableDataSourceSettings (Ljava/lang/ClassLoader;)Ljava/util/List; 42 <appendix> argL0 ; # org/springframework/boot/jdbc/DataSourceBuilder$DataSourceSettingsResolver$$Lambda+0x000001b93322bc78
instanceKlass  @bci org/springframework/boot/jdbc/DataSourceBuilder$DataSourceSettingsResolver resolveAvailableDataSourceSettings (Ljava/lang/ClassLoader;)Ljava/util/List; 27 <appendix> argL0 ; # org/springframework/boot/jdbc/DataSourceBuilder$DataSourceSettingsResolver$$Lambda+0x000001b93322ba48
instanceKlass  @bci org/springframework/boot/jdbc/DataSourceBuilder$DataSourceSettingsResolver lambda$resolveAvailableDataSourceSettings$7 (Ljava/lang/Class;)Lorg/springframework/boot/jdbc/DataSourceBuilder$DataSourceSettings; 5 <appendix> argL0 ; # org/springframework/boot/jdbc/DataSourceBuilder$DataSourceSettingsResolver$$Lambda+0x000001b93322b828
instanceKlass org/springframework/boot/context/properties/source/ConfigurationPropertyNameAliases
instanceKlass com/zaxxer/hikari/HikariConfig
instanceKlass com/zaxxer/hikari/HikariConfigMXBean
instanceKlass  @bci org/springframework/boot/jdbc/DataSourceBuilder$DataSourceSettingsResolver resolveAvailableDataSourceSettings (Ljava/lang/ClassLoader;)Ljava/util/List; 12 <appendix> argL0 ; # org/springframework/boot/jdbc/DataSourceBuilder$DataSourceSettingsResolver$$Lambda+0x000001b93322a678
instanceKlass org/springframework/boot/jdbc/DataSourceBuilder$DataSourceSettings
instanceKlass org/springframework/boot/jdbc/DataSourceBuilder$DataSourceSettingsResolver
instanceKlass org/springframework/boot/jdbc/DataSourceBuilder
instanceKlass org/springframework/boot/autoconfigure/condition/AbstractNestedCondition$MemberOutcomes
instanceKlass  @bci org/springframework/boot/autoconfigure/condition/AbstractNestedCondition$MemberConditions getMatchOutcomes ()Ljava/util/List; 14 <appendix> member <vmtarget> ; # org/springframework/boot/autoconfigure/condition/AbstractNestedCondition$MemberConditions$$Lambda+0x000001b933229c28
instanceKlass org/springframework/boot/autoconfigure/condition/AbstractNestedCondition$MemberMatchOutcomes
instanceKlass org/springframework/boot/autoconfigure/condition/AbstractNestedCondition$MemberConditions
instanceKlass org/springframework/transaction/support/AbstractPlatformTransactionManager
instanceKlass org/springframework/transaction/jta/TransactionFactory
instanceKlass org/springframework/boot/autoconfigure/condition/ConditionalOnJndi
instanceKlass org/springframework/context/annotation/AspectJAutoProxyRegistrar
instanceKlass org/springframework/context/annotation/EnableAspectJAutoProxy
instanceKlass org/aspectj/weaver/ShadowMunger
instanceKlass org/aspectj/weaver/IHasPosition
instanceKlass org/aspectj/util/PartialOrder$PartialComparable
instanceKlass  @bci org/springframework/boot/context/properties/bind/JavaBeanBinder$BeanProperty getValue (Ljava/util/function/Supplier;)Ljava/util/function/Supplier; 11 <appendix> member <vmtarget> ; # org/springframework/boot/context/properties/bind/JavaBeanBinder$BeanProperty$$Lambda+0x000001b933227438
instanceKlass  @bci org/springframework/boot/context/properties/bind/JavaBeanBinder$Bean getSupplier (Lorg/springframework/boot/context/properties/bind/Bindable;)Lorg/springframework/boot/context/properties/bind/JavaBeanBinder$BeanSupplier; 6 <appendix> member <vmtarget> ; # org/springframework/boot/context/properties/bind/JavaBeanBinder$Bean$$Lambda+0x000001b933227220
instanceKlass org/springframework/boot/context/properties/bind/JavaBeanBinder$BeanSupplier
instanceKlass  @bci org/springframework/boot/context/properties/bind/JavaBeanBinder$Bean addProperties ([Ljava/lang/reflect/Method;[Ljava/lang/reflect/Field;)V 140 <appendix> argL0 ; # org/springframework/boot/context/properties/bind/JavaBeanBinder$Bean$$Lambda+0x000001b933223d80
instanceKlass  @bci org/springframework/boot/context/properties/bind/JavaBeanBinder$Bean addProperties ([Ljava/lang/reflect/Method;[Ljava/lang/reflect/Field;)V 98 <appendix> argL0 ; # org/springframework/boot/context/properties/bind/JavaBeanBinder$Bean$$Lambda+0x000001b933223b60
instanceKlass  @bci org/springframework/boot/context/properties/bind/JavaBeanBinder$Bean addMethodIfPossible (Ljava/lang/reflect/Method;Ljava/lang/String;ILjava/util/function/BiConsumer;)V 62 <appendix> member <vmtarget> ; # org/springframework/boot/context/properties/bind/JavaBeanBinder$Bean$$Lambda+0x000001b933223928
instanceKlass  @bci org/springframework/boot/context/properties/bind/JavaBeanBinder$Bean addProperties ([Ljava/lang/reflect/Method;[Ljava/lang/reflect/Field;)V 56 <appendix> argL0 ; # org/springframework/boot/context/properties/bind/JavaBeanBinder$Bean$$Lambda+0x000001b933223708
instanceKlass org/springframework/boot/context/properties/bind/JavaBeanBinder$BeanProperty
instanceKlass  @bci org/springframework/boot/context/properties/bind/JavaBeanBinder$Bean addProperties (Ljava/lang/Class;)V 39 <appendix> argL0 ; # org/springframework/boot/context/properties/bind/JavaBeanBinder$Bean$$Lambda+0x000001b933223290
instanceKlass  @bci org/springframework/boot/context/properties/bind/JavaBeanBinder$Bean addProperties (Ljava/lang/Class;)V 34 <appendix> argL0 ; # org/springframework/boot/context/properties/bind/JavaBeanBinder$Bean$$Lambda+0x000001b933223060
instanceKlass  @bci org/springframework/boot/context/properties/bind/JavaBeanBinder$Bean addProperties (Ljava/lang/Class;)V 20 <appendix> argL0 ; # org/springframework/boot/context/properties/bind/JavaBeanBinder$Bean$$Lambda+0x000001b933222e30
instanceKlass  @bci org/springframework/boot/context/properties/bind/JavaBeanBinder$Bean addProperties (Ljava/lang/Class;)V 15 <appendix> argL0 ; # org/springframework/boot/context/properties/bind/JavaBeanBinder$Bean$$Lambda+0x000001b933222c00
# instanceKlass java/lang/invoke/LambdaForm$MH+0x000001b933226800
# instanceKlass java/lang/invoke/LambdaForm$MH+0x000001b933226400
# instanceKlass java/lang/invoke/LambdaForm$MH+0x000001b933226000
# instanceKlass java/lang/invoke/LambdaForm$MH+0x000001b933225c00
# instanceKlass java/lang/invoke/LambdaForm$MH+0x000001b933225800
# instanceKlass org/springframework/boot/context/properties/bind/JavaBeanBinder$Bean$$InjectedInvoker+0x000001b933225400
instanceKlass java/lang/invoke/MethodHandleImpl$BindCaller$InjectedInvokerHolder
# instanceKlass java/lang/invoke/LambdaForm$MH+0x000001b933225000
# instanceKlass java/lang/invoke/LambdaForm$MH+0x000001b933224c00
# instanceKlass java/lang/invoke/LambdaForm$DMH+0x000001b933224800
# instanceKlass java/lang/invoke/LambdaForm$DMH+0x000001b933224400
# instanceKlass java/lang/invoke/LambdaForm$DMH+0x000001b933224000
instanceKlass java/lang/invoke/MethodHandleImpl$ArrayAccessor
instanceKlass java/lang/invoke/MethodHandleImpl$LoopClauses
instanceKlass java/lang/invoke/MethodHandleImpl$CasesHolder
instanceKlass java/lang/invoke/MethodHandleImpl$BindCaller
instanceKlass org/springframework/boot/autoconfigure/web/WebProperties$Resources$Chain
instanceKlass org/springframework/boot/autoconfigure/web/WebProperties$Resources$Cache
instanceKlass org/springframework/boot/autoconfigure/web/WebProperties$Resources
instanceKlass org/springframework/beans/factory/annotation/Autowired
instanceKlass org/springframework/boot/autoconfigure/web/ConditionalOnEnabledResourceChain
instanceKlass org/springframework/boot/autoconfigure/web/servlet/JspTemplateAvailabilityProvider
instanceKlass org/springframework/boot/autoconfigure/thymeleaf/ThymeleafTemplateAvailabilityProvider
instanceKlass org/springframework/boot/autoconfigure/mustache/MustacheTemplateAvailabilityProvider
instanceKlass org/springframework/boot/autoconfigure/template/PathBasedTemplateAvailabilityProvider$TemplateAvailabilityProperties
instanceKlass org/springframework/boot/autoconfigure/template/PathBasedTemplateAvailabilityProvider
instanceKlass org/springframework/boot/autoconfigure/template/TemplateAvailabilityProviders$NoTemplateAvailabilityProvider
instanceKlass org/springframework/boot/autoconfigure/template/TemplateAvailabilityProvider
instanceKlass org/springframework/boot/autoconfigure/template/TemplateAvailabilityProviders
instanceKlass org/springframework/boot/autoconfigure/condition/OnPropertyCondition$Spec
instanceKlass  @bci org/springframework/boot/autoconfigure/condition/OnPropertyCondition annotationAttributesFromMultiValueMap (Lorg/springframework/util/MultiValueMap;)Ljava/util/List; 10 <appendix> member <vmtarget> ; # org/springframework/boot/autoconfigure/condition/OnPropertyCondition$$Lambda+0x000001b93321c800
instanceKlass com/javaweb/service/impl/BuildingServiceImpl
instanceKlass com/javaweb/service/BuildingService
instanceKlass com/javaweb/repository/impl/BuildingRepositoryTestImpl
instanceKlass com/javaweb/repository/impl/BuildingRepositoryImpl
instanceKlass com/javaweb/repository/BuildingRepository
instanceKlass com/javaweb/converter/BuildingSearchBuilderConverter
instanceKlass com/javaweb/converter/BuildingConverter1
instanceKlass com/javaweb/converter/BuildingConverter
instanceKlass org/springframework/web/servlet/mvc/method/annotation/ResponseEntityExceptionHandler
instanceKlass com/javaweb/config/ModelMapperConfig
instanceKlass com/javaweb/api/BuildingAPI
instanceKlass org/apache/coyote/UpgradeProtocol
instanceKlass org/springframework/boot/autoconfigure/web/servlet/ServletWebServerFactoryAutoConfiguration$BeanPostProcessorsRegistrar
instanceKlass org/springframework/boot/web/servlet/RegistrationBean
instanceKlass org/springframework/boot/web/servlet/ServletContextInitializer
instanceKlass org/springframework/boot/autoconfigure/web/servlet/ConditionalOnMissingFilterBean
instanceKlass org/apache/tomcat/websocket/server/WsSci
instanceKlass javax/servlet/ServletContainerInitializer
instanceKlass org/apache/catalina/startup/Tomcat
instanceKlass org/springframework/boot/autoconfigure/condition/OnWebApplicationCondition$1
instanceKlass org/springframework/boot/autoconfigure/condition/ConditionalOnMissingClass
instanceKlass  @bci org/springframework/core/annotation/MergedAnnotationCollectors lambda$toMultiValueMap$4 ([Lorg/springframework/core/annotation/MergedAnnotation$Adapt;Lorg/springframework/util/MultiValueMap;Lorg/springframework/core/annotation/MergedAnnotation;)V 13 <appendix> member <vmtarget> ; # org/springframework/core/annotation/MergedAnnotationCollectors$$Lambda+0x000001b93321a460
instanceKlass  @cpi org/springframework/core/annotation/MergedAnnotationCollectors 170 form vmentry <vmtarget> ; # java/lang/invoke/LambdaForm$DMH+0x000001b93321c000
instanceKlass  @bci org/springframework/core/annotation/TypeMappedAnnotation asMap ([Lorg/springframework/core/annotation/MergedAnnotation$Adapt;)Ljava/util/Map; 1 <appendix> argL0 ; # org/springframework/core/annotation/TypeMappedAnnotation$$Lambda+0x000001b93321a230
instanceKlass  @bci org/springframework/core/annotation/MergedAnnotationCollectors toMultiValueMap (Ljava/util/function/Function;[Lorg/springframework/core/annotation/MergedAnnotation$Adapt;)Ljava/util/stream/Collector; 31 <appendix> argL0 ; # org/springframework/core/annotation/MergedAnnotationCollectors$$Lambda+0x000001b933219ff8
instanceKlass  @bci org/springframework/core/annotation/MergedAnnotationCollectors toMultiValueMap (Ljava/util/function/Function;[Lorg/springframework/core/annotation/MergedAnnotation$Adapt;)Ljava/util/stream/Collector; 26 <appendix> member <vmtarget> ; # org/springframework/core/annotation/MergedAnnotationCollectors$$Lambda+0x000001b933219dd0
instanceKlass  @bci org/springframework/core/annotation/MergedAnnotationCollectors toMultiValueMap (Ljava/util/function/Function;[Lorg/springframework/core/annotation/MergedAnnotation$Adapt;)Ljava/util/stream/Collector; 20 <appendix> argL0 ; # org/springframework/core/annotation/MergedAnnotationCollectors$$Lambda+0x000001b933219bc0
instanceKlass  @bci java/util/function/Function identity ()Ljava/util/function/Function; 0 <appendix> argL0 ; # java/util/function/Function$$Lambda+0x000001b9331c32d8
instanceKlass org/springframework/core/annotation/MergedAnnotationCollectors
instanceKlass  @bci org/springframework/core/type/AnnotatedTypeMetadata getAllAnnotationAttributes (Ljava/lang/String;Z)Lorg/springframework/util/MultiValueMap; 41 <appendix> argL0 ; # org/springframework/core/type/AnnotatedTypeMetadata$$Lambda+0x000001b933219798
instanceKlass  @bci org/springframework/core/type/AnnotatedTypeMetadata getAllAnnotationAttributes (Ljava/lang/String;Z)Lorg/springframework/util/MultiValueMap; 31 <appendix> argL0 ; # org/springframework/core/type/AnnotatedTypeMetadata$$Lambda+0x000001b933219568
instanceKlass org/springframework/core/annotation/MergedAnnotationPredicates$UniquePredicate
instanceKlass org/springframework/core/annotation/MergedAnnotationPredicates
instanceKlass  @bci org/springframework/core/type/AnnotatedTypeMetadata getAllAnnotationAttributes (Ljava/lang/String;Z)Lorg/springframework/util/MultiValueMap; 18 <appendix> argL0 ; # org/springframework/core/type/AnnotatedTypeMetadata$$Lambda+0x000001b933218ee8
instanceKlass org/springframework/boot/context/properties/ConfigurationProperties
instanceKlass  @bci org/springframework/context/annotation/ConfigurationClassParser$DeferredImportSelectorGroupingHandler processGroupImports ()V 45 <appendix> member <vmtarget> ; # org/springframework/context/annotation/ConfigurationClassParser$DeferredImportSelectorGroupingHandler$$Lambda+0x000001b933218888
instanceKlass  @bci org/springframework/boot/autoconfigure/AutoConfigurationImportSelector$AutoConfigurationGroup selectImports ()Ljava/lang/Iterable; 126 <appendix> member <vmtarget> ; # org/springframework/boot/autoconfigure/AutoConfigurationImportSelector$AutoConfigurationGroup$$Lambda+0x000001b933218650
instanceKlass org/springframework/context/annotation/DeferredImportSelector$Group$Entry
instanceKlass  @bci org/springframework/boot/autoconfigure/AutoConfigurationSorter checkForCycles (Ljava/util/Set;Ljava/lang/String;Ljava/lang/String;)V 17 <appendix> member <vmtarget> ; # org/springframework/boot/autoconfigure/AutoConfigurationSorter$$Lambda+0x000001b933218228
instanceKlass  @bci org/springframework/boot/autoconfigure/AutoConfigurationSorter$AutoConfigurationClasses getClassesRequestedAfter (Ljava/lang/String;)Ljava/util/Set; 22 <appendix> member <vmtarget> ; # org/springframework/boot/autoconfigure/AutoConfigurationSorter$AutoConfigurationClasses$$Lambda+0x000001b933218000
instanceKlass org/springframework/boot/autoconfigure/AutoConfigureOrder
instanceKlass  @bci org/springframework/boot/autoconfigure/AutoConfigurationSorter getInPriorityOrder (Ljava/util/Collection;)Ljava/util/List; 32 <appendix> member <vmtarget> ; # org/springframework/boot/autoconfigure/AutoConfigurationSorter$$Lambda+0x000001b933217b70
instanceKlass org/springframework/boot/autoconfigure/condition/ConditionalOnResource
instanceKlass  @bci org/springframework/core/type/classreading/MergedAnnotationReadingVisitor visitEnum (Ljava/lang/String;Ljava/lang/String;Ljava/lang/String;)V 5 <appendix> member <vmtarget> ; # org/springframework/core/type/classreading/MergedAnnotationReadingVisitor$$Lambda+0x000001b933217118
instanceKlass org/springframework/boot/autoconfigure/condition/ConditionalOnMissingBean
instanceKlass org/springframework/boot/context/properties/EnableConfigurationPropertiesRegistrar
instanceKlass org/springframework/boot/context/properties/EnableConfigurationProperties
instanceKlass org/springframework/boot/autoconfigure/AutoConfigureAfter
instanceKlass org/springframework/boot/autoconfigure/AutoConfigureBefore
instanceKlass org/springframework/boot/autoconfigure/condition/ConditionalOnProperty
instanceKlass org/springframework/boot/autoconfigure/AutoConfigurationSorter$AutoConfigurationClass
instanceKlass org/springframework/boot/autoconfigure/AutoConfigurationSorter$AutoConfigurationClasses
instanceKlass org/springframework/boot/autoconfigure/AutoConfigurationSorter
instanceKlass  @bci org/springframework/boot/autoconfigure/AutoConfigurationImportSelector$AutoConfigurationGroup selectImports ()Ljava/lang/Iterable; 86 <appendix> argL0 ; # org/springframework/boot/autoconfigure/AutoConfigurationImportSelector$AutoConfigurationGroup$$Lambda+0x000001b933215890
instanceKlass  @bci org/springframework/boot/autoconfigure/AutoConfigurationImportSelector$AutoConfigurationGroup selectImports ()Ljava/lang/Iterable; 76 <appendix> argL0 ; # org/springframework/boot/autoconfigure/AutoConfigurationImportSelector$AutoConfigurationGroup$$Lambda+0x000001b933215660
instanceKlass  @bci org/springframework/boot/autoconfigure/AutoConfigurationImportSelector$AutoConfigurationGroup selectImports ()Ljava/lang/Iterable; 66 <appendix> argL0 ; # org/springframework/boot/autoconfigure/AutoConfigurationImportSelector$AutoConfigurationGroup$$Lambda+0x000001b933215430
instanceKlass  @bci org/springframework/boot/autoconfigure/AutoConfigurationImportSelector$AutoConfigurationGroup selectImports ()Ljava/lang/Iterable; 35 <appendix> argL0 ; # org/springframework/boot/autoconfigure/AutoConfigurationImportSelector$AutoConfigurationGroup$$Lambda+0x000001b933215200
instanceKlass  @bci org/springframework/boot/autoconfigure/AutoConfigurationImportSelector$AutoConfigurationGroup selectImports ()Ljava/lang/Iterable; 25 <appendix> argL0 ; # org/springframework/boot/autoconfigure/AutoConfigurationImportSelector$AutoConfigurationGroup$$Lambda+0x000001b933214fd0
instanceKlass org/springframework/boot/autoconfigure/condition/ConditionEvaluationReportAutoConfigurationImportListener
instanceKlass org/springframework/boot/autoconfigure/AutoConfigurationImportListener
instanceKlass org/springframework/boot/jdbc/XADataSourceWrapper
instanceKlass org/springframework/cache/interceptor/AbstractCacheInvoker
instanceKlass org/springframework/boot/autoconfigure/condition/ConditionalOnSingleCandidate
instanceKlass org/springframework/boot/autoconfigure/condition/ConditionalOnBean
instanceKlass org/springframework/boot/autoconfigure/condition/ConditionalOnWebApplication
instanceKlass org/springframework/boot/autoconfigure/condition/ConditionEvaluationReport$ConditionAndOutcome
instanceKlass org/springframework/boot/autoconfigure/condition/ConditionEvaluationReport$ConditionAndOutcomes
instanceKlass org/springframework/xml/transform/TransformerObjectSupport
instanceKlass org/springframework/ws/client/core/WebServiceOperations
instanceKlass org/springframework/oxm/Unmarshaller
instanceKlass org/springframework/oxm/Marshaller
instanceKlass javax/websocket/server/ServerContainer
instanceKlass javax/websocket/WebSocketContainer
instanceKlass org/springframework/web/multipart/support/StandardServletMultipartResolver
instanceKlass org/springframework/web/multipart/MultipartResolver
instanceKlass javax/servlet/MultipartConfigElement
instanceKlass org/springframework/web/filter/GenericFilterBean
instanceKlass javax/servlet/Filter
instanceKlass javax/servlet/GenericServlet
instanceKlass javax/servlet/ServletConfig
instanceKlass org/springframework/http/ReactiveHttpInputMessage
instanceKlass org/springframework/http/server/reactive/HttpHandler
instanceKlass org/springframework/http/client/support/HttpAccessor
instanceKlass org/springframework/web/client/RestOperations
instanceKlass javax/transaction/Transaction
instanceKlass org/springframework/transaction/PlatformTransactionManager
instanceKlass org/springframework/scheduling/TaskScheduler
instanceKlass org/springframework/jmx/support/MBeanRegistrationSupport
instanceKlass org/springframework/jmx/export/MBeanExportOperations
instanceKlass org/springframework/util/CustomizableThreadCreator
instanceKlass org/springframework/transaction/TransactionManager
instanceKlass org/springframework/scheduling/SchedulingTaskExecutor
instanceKlass javax/transaction/TransactionManager
instanceKlass org/springframework/core/task/AsyncListenableTaskExecutor
instanceKlass org/springframework/core/task/AsyncTaskExecutor
instanceKlass org/springframework/core/task/TaskExecutor
instanceKlass org/springframework/jdbc/support/JdbcAccessor
instanceKlass org/springframework/jdbc/core/JdbcOperations
instanceKlass org/springframework/http/codec/CodecConfigurer
instanceKlass org/springframework/orm/jpa/AbstractEntityManagerFactoryBean
instanceKlass org/springframework/dao/support/PersistenceExceptionTranslator
instanceKlass org/springframework/orm/jpa/EntityManagerFactoryInfo
instanceKlass org/springframework/web/servlet/config/annotation/WebMvcConfigurer
instanceKlass org/springframework/context/weaving/LoadTimeWeaverAware
instanceKlass org/springframework/data/web/PageableHandlerMethodArgumentResolverSupport
instanceKlass org/hibernate/engine/spi/SessionImplementor
instanceKlass org/springframework/data/web/PageableArgumentResolver
instanceKlass org/springframework/web/method/support/HandlerMethodArgumentResolver
instanceKlass org/hibernate/jpa/spi/HibernateEntityManagerImplementor
instanceKlass org/hibernate/jpa/spi/HibernateEntityManagerFactoryAware
instanceKlass org/hibernate/ejb/HibernateEntityManager
instanceKlass org/hibernate/engine/spi/SharedSessionContractImplementor
instanceKlass org/hibernate/query/spi/QueryProducerImplementor
instanceKlass org/hibernate/type/descriptor/WrapperOptions
instanceKlass org/hibernate/engine/jdbc/LobCreationContext
instanceKlass org/hibernate/resource/transaction/spi/TransactionCoordinatorBuilder$Options
instanceKlass org/hibernate/resource/jdbc/spi/JdbcSessionOwner
instanceKlass javax/naming/ldap/LdapContext
instanceKlass javax/naming/directory/DirContext
instanceKlass org/hibernate/Session
instanceKlass org/springframework/data/jpa/repository/JpaRepository
instanceKlass org/springframework/data/repository/query/QueryByExampleExecutor
instanceKlass org/hibernate/jpa/HibernateEntityManager
instanceKlass org/springframework/data/repository/PagingAndSortingRepository
instanceKlass org/springframework/data/repository/CrudRepository
instanceKlass org/springframework/data/repository/Repository
instanceKlass org/hibernate/SharedSessionContract
instanceKlass org/hibernate/query/QueryProducer
instanceKlass javax/persistence/EntityManager
instanceKlass org/springframework/aop/framework/ProxyConfig
instanceKlass javax/activation/MimeType
instanceKlass org/springframework/cache/CacheManager
instanceKlass javax/servlet/ServletRegistration
instanceKlass javax/servlet/Registration
instanceKlass javax/sql/DataSource
instanceKlass java/sql/Wrapper
instanceKlass javax/sql/CommonDataSource
instanceKlass org/springframework/boot/autoconfigure/condition/ConditionMessage$ItemsBuilder
instanceKlass org/springframework/boot/autoconfigure/condition/ConditionMessage$Builder
instanceKlass org/springframework/boot/autoconfigure/condition/ConditionMessage
instanceKlass org/springframework/boot/autoconfigure/condition/ConditionalOnClass
instanceKlass org/springframework/boot/autoconfigure/condition/ConditionOutcome
instanceKlass java/lang/Thread$ThreadNumbering
instanceKlass  @bci org/springframework/boot/autoconfigure/condition/OnClassCondition$ThreadedOutcomesResolver <init> (Lorg/springframework/boot/autoconfigure/condition/OnClassCondition$OutcomesResolver;)V 11 <appendix> member <vmtarget> ; # org/springframework/boot/autoconfigure/condition/OnClassCondition$ThreadedOutcomesResolver$$Lambda+0x000001b933201f80
instanceKlass org/springframework/boot/autoconfigure/condition/OnClassCondition$ThreadedOutcomesResolver
instanceKlass org/springframework/boot/autoconfigure/condition/OnClassCondition$StandardOutcomesResolver
instanceKlass org/springframework/boot/autoconfigure/AutoConfigurationMetadataLoader$PropertiesAutoConfigurationMetadata
instanceKlass org/springframework/boot/autoconfigure/AutoConfigurationMetadata
instanceKlass org/springframework/boot/autoconfigure/AutoConfigurationMetadataLoader
instanceKlass org/springframework/boot/autoconfigure/AutoConfigurationImportSelector$ConfigurationClassFilter
instanceKlass org/springframework/boot/autoconfigure/condition/OnClassCondition$OutcomesResolver
instanceKlass org/springframework/boot/autoconfigure/condition/OnBeanCondition$Spec
instanceKlass org/springframework/boot/autoconfigure/condition/SpringBootCondition
instanceKlass org/springframework/context/annotation/ConfigurationCondition
instanceKlass org/springframework/boot/autoconfigure/AutoConfigurationImportFilter
instanceKlass  @bci org/springframework/boot/autoconfigure/AutoConfigurationImportSelector getExcludeAutoConfigurationsProperty ()Ljava/util/List; 33 <appendix> argL0 ; # org/springframework/boot/autoconfigure/AutoConfigurationImportSelector$$Lambda+0x000001b9331bf840
instanceKlass  @bci org/springframework/boot/autoconfigure/AutoConfigurationImportSelector getAttributes (Lorg/springframework/core/type/AnnotationMetadata;)Lorg/springframework/core/annotation/AnnotationAttributes; 23 <appendix> member <vmtarget> ; # org/springframework/boot/autoconfigure/AutoConfigurationImportSelector$$Lambda+0x000001b9331bf628
instanceKlass  @bci org/springframework/boot/autoconfigure/AutoConfigurationImportSelector$AutoConfigurationGroup process (Lorg/springframework/core/type/AnnotationMetadata;Lorg/springframework/context/annotation/DeferredImportSelector;)V 5 <appendix> member <vmtarget> ; # org/springframework/boot/autoconfigure/AutoConfigurationImportSelector$AutoConfigurationGroup$$Lambda+0x000001b9331bf410
instanceKlass  @bci org/springframework/context/annotation/ConfigurationClassParser$DeferredImportSelectorGroupingHandler register (Lorg/springframework/context/annotation/ConfigurationClassParser$DeferredImportSelectorHolder;)V 25 <appendix> member <vmtarget> ; # org/springframework/context/annotation/ConfigurationClassParser$DeferredImportSelectorGroupingHandler$$Lambda+0x000001b9331bf1d8
instanceKlass org/springframework/context/annotation/ConfigurationClassParser$DeferredImportSelectorGrouping
instanceKlass org/springframework/boot/autoconfigure/AutoConfigurationImportSelector$AutoConfigurationGroup
instanceKlass org/springframework/context/annotation/DeferredImportSelector$Group
instanceKlass  @bci org/springframework/context/annotation/ConfigurationClassParser$DeferredImportSelectorHandler process ()V 43 <appendix> member <vmtarget> ; # org/springframework/context/annotation/ConfigurationClassParser$DeferredImportSelectorHandler$$Lambda+0x000001b9331be918
instanceKlass org/springframework/context/annotation/ConfigurationClassParser$DeferredImportSelectorGroupingHandler
instanceKlass  @bci java/util/function/Predicate or (Ljava/util/function/Predicate;)Ljava/util/function/Predicate; 7 <appendix> member <vmtarget> ; # java/util/function/Predicate$$Lambda+0x000001b9331c2ab8
instanceKlass  @bci org/springframework/boot/autoconfigure/AutoConfigurationImportSelector getExclusionFilter ()Ljava/util/function/Predicate; 1 <appendix> member <vmtarget> ; # org/springframework/boot/autoconfigure/AutoConfigurationImportSelector$$Lambda+0x000001b9331be4c0
instanceKlass org/springframework/boot/autoconfigure/AutoConfigurationImportSelector$AutoConfigurationEntry
instanceKlass org/springframework/context/annotation/ConfigurationMethod
instanceKlass org/springframework/util/DefaultPropertiesPersister
instanceKlass org/springframework/core/io/support/EncodedResource
instanceKlass org/springframework/core/annotation/MergedAnnotationsCollection$AnnotationsSpliterator
instanceKlass org/springframework/stereotype/Service
instanceKlass org/springframework/stereotype/Repository
instanceKlass javax/persistence/UniqueConstraint
instanceKlass javax/persistence/Index
instanceKlass javax/persistence/Table
instanceKlass javax/persistence/Entity
instanceKlass org/springframework/web/bind/annotation/ExceptionHandler
instanceKlass org/springframework/web/bind/annotation/ControllerAdvice
instanceKlass java/lang/Deprecated
instanceKlass  @bci org/springframework/core/type/AnnotationMetadata hasMetaAnnotation (Ljava/lang/String;)Z 7 <appendix> argL0 ; # org/springframework/core/type/AnnotationMetadata$$Lambda+0x000001b9331bade0
instanceKlass javax/annotation/PostConstruct
instanceKlass org/springframework/web/bind/annotation/Mapping
instanceKlass org/springframework/web/bind/annotation/RequestMapping
instanceKlass org/springframework/web/bind/annotation/GetMapping
instanceKlass org/springframework/core/type/classreading/SimpleMethodMetadataReadingVisitor$Source
instanceKlass  @bci org/springframework/core/type/classreading/SimpleMethodMetadataReadingVisitor visitAnnotation (Ljava/lang/String;Z)Lorg/springframework/asm/AnnotationVisitor; 21 <appendix> member <vmtarget> ; # org/springframework/core/type/classreading/SimpleMethodMetadataReadingVisitor$$Lambda+0x000001b9331b9918
instanceKlass  @bci org/springframework/core/type/classreading/SimpleMethodMetadataReadingVisitor visitAnnotation (Ljava/lang/String;Z)Lorg/springframework/asm/AnnotationVisitor; 5 <appendix> member <vmtarget> ; # org/springframework/core/type/classreading/SimpleMethodMetadataReadingVisitor$$Lambda+0x000001b9331b9700
instanceKlass javax/transaction/Transactional
instanceKlass  @bci org/springframework/core/type/classreading/MergedAnnotationReadingVisitor visitArray (Ljava/lang/String;)Lorg/springframework/asm/AnnotationVisitor; 7 <appendix> member <vmtarget> ; # org/springframework/core/type/classreading/MergedAnnotationReadingVisitor$$Lambda+0x000001b9331b8ec8
instanceKlass org/springframework/web/bind/annotation/ResponseBody
instanceKlass org/springframework/stereotype/Controller
instanceKlass org/springframework/web/bind/annotation/RestController
instanceKlass org/springframework/core/type/classreading/SimpleAnnotationMetadata
instanceKlass org/springframework/core/annotation/MergedAnnotationsCollection
instanceKlass  @bci org/springframework/core/type/classreading/SimpleAnnotationMetadataReadingVisitor visitMethod (ILjava/lang/String;Ljava/lang/String;Ljava/lang/String;[Ljava/lang/String;)Lorg/springframework/asm/MethodVisitor; 34 <appendix> member <vmtarget> ; # org/springframework/core/type/classreading/SimpleAnnotationMetadataReadingVisitor$$Lambda+0x000001b9331b4800
instanceKlass org/springframework/core/type/classreading/SimpleMethodMetadata
instanceKlass org/springframework/core/type/MethodMetadata
instanceKlass  @bci org/springframework/core/annotation/TypeMappedAnnotation of (Ljava/lang/ClassLoader;Ljava/lang/Object;Ljava/lang/Class;Ljava/util/Map;)Lorg/springframework/core/annotation/MergedAnnotation; 25 <appendix> argL0 ; # org/springframework/core/annotation/TypeMappedAnnotation$$Lambda+0x000001b9331b5880
instanceKlass org/springframework/asm/Type
instanceKlass org/springframework/asm/AnnotationVisitor
instanceKlass  @bci org/springframework/core/type/classreading/SimpleAnnotationMetadataReadingVisitor visitAnnotation (Ljava/lang/String;Z)Lorg/springframework/asm/AnnotationVisitor; 21 <appendix> member <vmtarget> ; # org/springframework/core/type/classreading/SimpleAnnotationMetadataReadingVisitor$$Lambda+0x000001b9331b7d68
instanceKlass  @bci org/springframework/core/type/classreading/SimpleAnnotationMetadataReadingVisitor visitAnnotation (Ljava/lang/String;Z)Lorg/springframework/asm/AnnotationVisitor; 5 <appendix> member <vmtarget> ; # org/springframework/core/type/classreading/SimpleAnnotationMetadataReadingVisitor$$Lambda+0x000001b9331b7b50
instanceKlass org/springframework/core/type/classreading/SimpleAnnotationMetadataReadingVisitor$Source
instanceKlass org/springframework/asm/Context
instanceKlass org/springframework/asm/Attribute
instanceKlass org/springframework/asm/ClassReader
instanceKlass org/springframework/asm/MethodVisitor
instanceKlass org/springframework/core/type/classreading/SimpleMetadataReader
instanceKlass org/springframework/util/AntPathMatcher$AntPathStringMatcher
instanceKlass java/util/StringTokenizer
instanceKlass  @bci org/springframework/core/io/support/PathMatchingResourcePatternResolver listDirectory (Ljava/io/File;)[Ljava/io/File; 61 <appendix> argL0 ; # org/springframework/core/io/support/PathMatchingResourcePatternResolver$$Lambda+0x000001b9331b63a0
instanceKlass org/springframework/boot/autoconfigure/BackgroundPreinitializer$CharsetInitializer
instanceKlass org/springframework/boot/autoconfigure/BackgroundPreinitializer$JacksonInitializer
instanceKlass  @bci org/springframework/core/env/AbstractPropertyResolver doResolvePlaceholders (Ljava/lang/String;Lorg/springframework/util/PropertyPlaceholderHelper;)Ljava/lang/String; 3 <appendix> member <vmtarget> ; # org/springframework/core/env/AbstractPropertyResolver$$Lambda+0x000001b9331b37c8
instanceKlass  @bci org/springframework/http/converter/json/Jackson2ObjectMapperBuilder configure (Lcom/fasterxml/jackson/databind/ObjectMapper;)V 421 <appendix> member <vmtarget> ; # org/springframework/http/converter/json/Jackson2ObjectMapperBuilder$$Lambda+0x000001b9331b3360
instanceKlass  @bci org/springframework/http/converter/json/Jackson2ObjectMapperBuilder configure (Lcom/fasterxml/jackson/databind/ObjectMapper;)V 400 <appendix> member <vmtarget> ; # org/springframework/http/converter/json/Jackson2ObjectMapperBuilder$$Lambda+0x000001b9331b3138
instanceKlass org/springframework/context/annotation/ParserStrategyUtils
instanceKlass org/springframework/context/annotation/ComponentScanAnnotationParser$2
instanceKlass  @bci org/springframework/http/converter/json/Jackson2ObjectMapperBuilder configure (Lcom/fasterxml/jackson/databind/ObjectMapper;)V 328 <appendix> member <vmtarget> ; # org/springframework/http/converter/json/Jackson2ObjectMapperBuilder$$Lambda+0x000001b9331b28e8
instanceKlass  @cpi org/springframework/http/converter/json/Jackson2ObjectMapperBuilder 520 form vmentry <vmtarget> ; # java/lang/invoke/LambdaForm$DMH+0x000001b9331b4000
instanceKlass com/fasterxml/jackson/databind/deser/ValueInstantiators$Base
instanceKlass org/springframework/context/annotation/PropertySource
instanceKlass org/springframework/context/annotation/PropertySources
instanceKlass org/springframework/context/annotation/ConfigurationClass
instanceKlass com/fasterxml/jackson/databind/util/ArrayBuilders
instanceKlass org/springframework/context/annotation/ComponentScanAnnotationParser
instanceKlass org/springframework/context/annotation/ConfigurationClassParser$SourceClass
instanceKlass org/springframework/context/annotation/ConfigurationClassParser$DeferredImportSelectorHandler
instanceKlass  @bci org/springframework/context/annotation/ConfigurationClassParser <clinit> ()V 18 <appendix> argL0 ; # org/springframework/context/annotation/ConfigurationClassParser$$Lambda+0x000001b9331af648
instanceKlass org/springframework/context/annotation/ConfigurationClassParser$DeferredImportSelectorHolder
instanceKlass  @bci org/springframework/context/annotation/ConfigurationClassParser <clinit> ()V 10 <appendix> argL0 ; # org/springframework/context/annotation/ConfigurationClassParser$$Lambda+0x000001b9331aebc0
instanceKlass org/springframework/core/io/support/DefaultPropertySourceFactory
instanceKlass com/fasterxml/jackson/databind/ObjectMapper$1
instanceKlass org/springframework/context/annotation/ImportRegistry
instanceKlass com/fasterxml/jackson/datatype/jdk8/PackageVersion
instanceKlass org/springframework/beans/factory/parsing/Problem
instanceKlass com/fasterxml/jackson/databind/module/SimpleKeyDeserializers
instanceKlass  @bci com/fasterxml/jackson/datatype/jsr310/ser/ZonedDateTimeSerializer <init> (Ljava/time/format/DateTimeFormatter;)V 13 <appendix> argL0 ; # com/fasterxml/jackson/datatype/jsr310/ser/ZonedDateTimeSerializer$$Lambda+0x000001b9331ad950
instanceKlass  @bci com/fasterxml/jackson/datatype/jsr310/ser/ZonedDateTimeSerializer <init> (Ljava/time/format/DateTimeFormatter;)V 8 <appendix> argL0 ; # com/fasterxml/jackson/datatype/jsr310/ser/ZonedDateTimeSerializer$$Lambda+0x000001b9331ad740
instanceKlass  @cpi com/fasterxml/jackson/datatype/jsr310/ser/ZonedDateTimeSerializer 109 form vmentry <vmtarget> ; # java/lang/invoke/LambdaForm$DMH+0x000001b9331a9800
instanceKlass org/springframework/core/io/support/PropertySourceFactory
instanceKlass  @bci com/fasterxml/jackson/datatype/jsr310/ser/ZonedDateTimeSerializer <init> (Ljava/time/format/DateTimeFormatter;)V 3 <appendix> argL0 ; # com/fasterxml/jackson/datatype/jsr310/ser/ZonedDateTimeSerializer$$Lambda+0x000001b9331ad108
instanceKlass org/springframework/context/annotation/ConfigurationClassParser
instanceKlass  @bci com/fasterxml/jackson/datatype/jsr310/ser/OffsetDateTimeSerializer <init> ()V 13 <appendix> argL0 ; # com/fasterxml/jackson/datatype/jsr310/ser/OffsetDateTimeSerializer$$Lambda+0x000001b9331accc0
instanceKlass  @bci com/fasterxml/jackson/datatype/jsr310/ser/OffsetDateTimeSerializer <init> ()V 8 <appendix> argL0 ; # com/fasterxml/jackson/datatype/jsr310/ser/OffsetDateTimeSerializer$$Lambda+0x000001b9331acab0
instanceKlass  @bci com/fasterxml/jackson/datatype/jsr310/ser/OffsetDateTimeSerializer <init> ()V 3 <appendix> argL0 ; # com/fasterxml/jackson/datatype/jsr310/ser/OffsetDateTimeSerializer$$Lambda+0x000001b9331ac8a0
instanceKlass  @cpi com/fasterxml/jackson/datatype/jsr310/ser/ZonedDateTimeSerializer 106 form vmentry <vmtarget> ; # java/lang/invoke/LambdaForm$DMH+0x000001b9331a9400
# instanceKlass java/lang/invoke/LambdaForm$DMH+0x000001b9331a9000
instanceKlass  @bci org/springframework/context/annotation/ConfigurationClassPostProcessor processConfigBeanDefinitions (Lorg/springframework/beans/factory/support/BeanDefinitionRegistry;)V 154 <appendix> argL0 ; # org/springframework/context/annotation/ConfigurationClassPostProcessor$$Lambda+0x000001b9331ac618
instanceKlass  @bci com/fasterxml/jackson/datatype/jsr310/ser/InstantSerializer <init> ()V 13 <appendix> argL0 ; # com/fasterxml/jackson/datatype/jsr310/ser/InstantSerializer$$Lambda+0x000001b9331ac408
instanceKlass org/springframework/core/annotation/AnnotationUtils
instanceKlass  @bci com/fasterxml/jackson/datatype/jsr310/ser/InstantSerializer <init> ()V 8 <appendix> argL0 ; # com/fasterxml/jackson/datatype/jsr310/ser/InstantSerializer$$Lambda+0x000001b9331ac000
instanceKlass  @bci com/fasterxml/jackson/datatype/jsr310/ser/InstantSerializer <init> ()V 3 <appendix> argL0 ; # com/fasterxml/jackson/datatype/jsr310/ser/InstantSerializer$$Lambda+0x000001b9331a7c70
instanceKlass  @cpi org/springframework/boot/autoconfigure/web/embedded/TomcatWebServerFactoryCustomizer 391 form vmentry <vmtarget> ; # java/lang/invoke/LambdaForm$DMH+0x000001b9331a8c00
instanceKlass java/util/function/ToLongFunction
instanceKlass org/springframework/context/annotation/Bean
instanceKlass com/fasterxml/jackson/databind/ser/Serializers$Base
instanceKlass org/springframework/beans/BeanMetadataAttribute
instanceKlass org/springframework/aop/framework/AopInfrastructureBean
instanceKlass org/springframework/context/annotation/ImportResource
instanceKlass org/springframework/core/Conventions
instanceKlass org/springframework/context/annotation/ConfigurationClassUtils
instanceKlass  @bci org/springframework/context/support/PostProcessorRegistrationDelegate invokeBeanDefinitionRegistryPostProcessors (Ljava/util/Collection;Lorg/springframework/beans/factory/support/BeanDefinitionRegistry;Lorg/springframework/core/metrics/ApplicationStartup;)V 44 <appendix> member <vmtarget> ; # org/springframework/context/support/PostProcessorRegistrationDelegate$$Lambda+0x000001b9331a6518
instanceKlass com/fasterxml/jackson/databind/type/ClassKey
# instanceKlass java/lang/invoke/LambdaForm$MH+0x000001b9331a8800
instanceKlass com/fasterxml/jackson/databind/deser/Deserializers$Base
# instanceKlass java/lang/invoke/LambdaForm$MH+0x000001b9331a8400
# instanceKlass java/lang/invoke/LambdaForm$MH+0x000001b9331a8000
instanceKlass  @bci com/fasterxml/jackson/datatype/jsr310/deser/InstantDeserializer <clinit> ()V 100 <appendix> argL0 ; # com/fasterxml/jackson/datatype/jsr310/deser/InstantDeserializer$$Lambda+0x000001b9331a5b88
instanceKlass org/springframework/beans/AbstractNestablePropertyAccessor$PropertyTokenHolder
instanceKlass  @bci com/fasterxml/jackson/datatype/jsr310/deser/InstantDeserializer <clinit> ()V 95 <appendix> argL0 ; # com/fasterxml/jackson/datatype/jsr310/deser/InstantDeserializer$$Lambda+0x000001b9331a5758
instanceKlass org/springframework/beans/factory/config/TypedStringValue
instanceKlass  @bci com/fasterxml/jackson/datatype/jsr310/deser/InstantDeserializer <clinit> ()V 90 <appendix> argL0 ; # com/fasterxml/jackson/datatype/jsr310/deser/InstantDeserializer$$Lambda+0x000001b9331a52a0
instanceKlass  @bci java/lang/Class methodToString (Ljava/lang/String;[Ljava/lang/Class;)Ljava/lang/String; 42 <appendix> argL0 ; # java/lang/Class$$Lambda+0x000001b9331c14f0
instanceKlass  @bci com/fasterxml/jackson/datatype/jsr310/deser/InstantDeserializer <clinit> ()V 85 <appendix> argL0 ; # com/fasterxml/jackson/datatype/jsr310/deser/InstantDeserializer$$Lambda+0x000001b9331a5070
instanceKlass  @bci com/fasterxml/jackson/datatype/jsr310/deser/InstantDeserializer <clinit> ()V 64 <appendix> argL0 ; # com/fasterxml/jackson/datatype/jsr310/deser/InstantDeserializer$$Lambda+0x000001b9331a4e50
instanceKlass org/springframework/context/annotation/ConfigurationClassBeanDefinitionReader
instanceKlass  @bci com/fasterxml/jackson/datatype/jsr310/deser/InstantDeserializer <clinit> ()V 59 <appendix> argL0 ; # com/fasterxml/jackson/datatype/jsr310/deser/InstantDeserializer$$Lambda+0x000001b9331a4a10
instanceKlass  @bci com/fasterxml/jackson/datatype/jsr310/deser/InstantDeserializer <clinit> ()V 54 <appendix> argL0 ; # com/fasterxml/jackson/datatype/jsr310/deser/InstantDeserializer$$Lambda+0x000001b9331a47e0
instanceKlass  @bci com/fasterxml/jackson/datatype/jsr310/deser/InstantDeserializer <clinit> ()V 49 <appendix> argL0 ; # com/fasterxml/jackson/datatype/jsr310/deser/InstantDeserializer$$Lambda+0x000001b9331a45b0
instanceKlass  @bci com/fasterxml/jackson/datatype/jsr310/deser/InstantDeserializer <init> (Ljava/lang/Class;Ljava/time/format/DateTimeFormatter;Ljava/util/function/Function;Ljava/util/function/Function;Ljava/util/function/Function;Ljava/util/function/BiFunction;Z)V 29 <appendix> argL0 ; # com/fasterxml/jackson/datatype/jsr310/deser/InstantDeserializer$$Lambda+0x000001b9331a4390
instanceKlass org/springframework/core/convert/Property
instanceKlass  @bci com/fasterxml/jackson/datatype/jsr310/deser/InstantDeserializer <clinit> ()V 27 <appendix> argL0 ; # com/fasterxml/jackson/datatype/jsr310/deser/InstantDeserializer$$Lambda+0x000001b9331a3f60
instanceKlass com/fasterxml/jackson/datatype/jsr310/deser/InstantDeserializer$FromDecimalArguments
instanceKlass  @bci com/fasterxml/jackson/datatype/jsr310/deser/InstantDeserializer <clinit> ()V 22 <appendix> argL0 ; # com/fasterxml/jackson/datatype/jsr310/deser/InstantDeserializer$$Lambda+0x000001b9331a3b30
instanceKlass com/fasterxml/jackson/datatype/jsr310/deser/InstantDeserializer$FromIntegerArguments
instanceKlass  @bci com/fasterxml/jackson/datatype/jsr310/deser/InstantDeserializer <clinit> ()V 17 <appendix> argL0 ; # com/fasterxml/jackson/datatype/jsr310/deser/InstantDeserializer$$Lambda+0x000001b9331a3700
instanceKlass com/fasterxml/jackson/core/Version
instanceKlass com/fasterxml/jackson/core/util/VersionUtil
instanceKlass com/fasterxml/jackson/datatype/jsr310/PackageVersion
instanceKlass java/util/AbstractList$Itr
instanceKlass org/springframework/core/BridgeMethodResolver
instanceKlass java/beans/SimpleBeanInfo
instanceKlass jdk/internal/vm/annotation/IntrinsicCandidate
instanceKlass java/beans/BeanProperty
instanceKlass  @bci com/sun/beans/introspect/PropertyInfo get (Ljava/lang/Class;)Ljava/util/Map; 440 <appendix> argL0 ; # com/sun/beans/introspect/PropertyInfo$$Lambda+0x000001b9330ff7e0
instanceKlass com/sun/beans/WildcardTypeImpl
instanceKlass com/sun/beans/introspect/PropertyInfo
instanceKlass  @bci com/sun/beans/introspect/EventSetInfo get (Ljava/lang/Class;)Ljava/util/Map; 314 <appendix> argL0 ; # com/sun/beans/introspect/EventSetInfo$$Lambda+0x000001b9330fef08
instanceKlass com/sun/beans/introspect/EventSetInfo
instanceKlass  @bci java/util/stream/Collectors joining (Ljava/lang/CharSequence;Ljava/lang/CharSequence;Ljava/lang/CharSequence;)Ljava/util/stream/Collector; 22 <appendix> argL0 ; # java/util/stream/Collectors$$Lambda+0x800000044
instanceKlass  @bci java/util/stream/Collectors joining (Ljava/lang/CharSequence;Ljava/lang/CharSequence;Ljava/lang/CharSequence;)Ljava/util/stream/Collector; 17 <appendix> argL0 ; # java/util/stream/Collectors$$Lambda+0x800000042
instanceKlass  @bci java/util/stream/Collectors joining (Ljava/lang/CharSequence;Ljava/lang/CharSequence;Ljava/lang/CharSequence;)Ljava/util/stream/Collector; 12 <appendix> argL0 ; # java/util/stream/Collectors$$Lambda+0x80000003f
instanceKlass  @bci java/util/stream/Collectors joining (Ljava/lang/CharSequence;Ljava/lang/CharSequence;Ljava/lang/CharSequence;)Ljava/util/stream/Collector; 7 <appendix> member <vmtarget> ; # java/util/stream/Collectors$$Lambda+0x800000047
instanceKlass  @bci java/lang/reflect/Executable sharedToGenericString (IZ)Ljava/lang/String; 193 <appendix> argL0 ; # java/lang/reflect/Executable$$Lambda+0x000001b9330fe8f0
instanceKlass com/sun/beans/WeakCache
instanceKlass com/sun/beans/TypeResolver
instanceKlass java/beans/MethodRef
instanceKlass com/sun/beans/introspect/MethodInfo$MethodOrder
instanceKlass com/sun/beans/introspect/MethodInfo
instanceKlass com/sun/beans/util/Cache$Ref
instanceKlass com/sun/beans/util/Cache$CacheEntry
instanceKlass com/sun/beans/util/Cache
instanceKlass com/sun/beans/introspect/ClassInfo
instanceKlass javax/swing/SwingContainer
instanceKlass java/beans/JavaBean
instanceKlass sun/reflect/misc/ReflectUtil
instanceKlass com/fasterxml/jackson/databind/type/TypeModifier
instanceKlass com/sun/beans/finder/ClassFinder
instanceKlass com/fasterxml/jackson/databind/ser/BeanSerializerModifier
instanceKlass com/fasterxml/jackson/databind/ser/Serializers
instanceKlass com/fasterxml/jackson/databind/cfg/SerializerFactoryConfig
instanceKlass org/springframework/beans/ExtendedBeanInfo
instanceKlass java/beans/BeanInfo
instanceKlass org/springframework/beans/ExtendedBeanInfoFactory
instanceKlass org/springframework/beans/BeanInfoFactory
instanceKlass org/springframework/beans/CachedIntrospectionResults
instanceKlass org/springframework/beans/PropertyAccessorUtils
instanceKlass com/fasterxml/jackson/databind/ser/std/StdJdkSerializers
instanceKlass  @bci org/springframework/beans/factory/support/DefaultSingletonBeanRegistry registerDependentBean (Ljava/lang/String;Ljava/lang/String;)V 76 <appendix> argL0 ; # org/springframework/beans/factory/support/DefaultSingletonBeanRegistry$$Lambda+0x000001b933194198
instanceKlass  @bci org/springframework/beans/factory/support/DefaultSingletonBeanRegistry registerDependentBean (Ljava/lang/String;Ljava/lang/String;)V 19 <appendix> argL0 ; # org/springframework/beans/factory/support/DefaultSingletonBeanRegistry$$Lambda+0x000001b933193f68
instanceKlass org/springframework/beans/factory/support/DisposableBeanAdapter
instanceKlass org/springframework/beans/factory/InitializingBean
instanceKlass org/springframework/expression/spel/support/StandardTypeConverter
instanceKlass org/springframework/expression/spel/support/StandardTypeLocator
instanceKlass org/springframework/context/expression/BeanFactoryResolver
instanceKlass org/springframework/context/expression/EnvironmentAccessor
instanceKlass org/springframework/context/expression/MapAccessor
instanceKlass org/springframework/expression/spel/CompilablePropertyAccessor
instanceKlass org/springframework/asm/Opcodes
instanceKlass com/fasterxml/jackson/databind/ser/std/NumberSerializers
instanceKlass org/springframework/context/expression/BeanFactoryAccessor
instanceKlass org/springframework/expression/spel/support/ReflectivePropertyAccessor
instanceKlass org/springframework/context/expression/BeanExpressionContextAccessor
instanceKlass org/springframework/expression/TypedValue
instanceKlass org/springframework/expression/spel/support/StandardOperatorOverloader
instanceKlass org/springframework/expression/spel/support/StandardTypeComparator
instanceKlass org/springframework/expression/OperatorOverloader
instanceKlass org/springframework/expression/TypeComparator
instanceKlass org/springframework/expression/spel/support/StandardEvaluationContext
instanceKlass org/springframework/expression/common/LiteralExpression
instanceKlass org/springframework/beans/factory/config/AutowiredPropertyMarker
instanceKlass org/springframework/beans/factory/support/BeanDefinitionValueResolver
instanceKlass  @bci org/springframework/beans/factory/support/AbstractAutowireCapableBeanFactory doCreateBean (Ljava/lang/String;Lorg/springframework/beans/factory/support/RootBeanDefinition;[Ljava/lang/Object;)Ljava/lang/Object; 220 <appendix> member <vmtarget> ; # org/springframework/beans/factory/support/AbstractAutowireCapableBeanFactory$$Lambda+0x000001b933187230
instanceKlass org/springframework/beans/AbstractNestablePropertyAccessor$PropertyHandler
instanceKlass com/fasterxml/jackson/databind/deser/DeserializerCache
instanceKlass org/springframework/beans/factory/parsing/PassThroughSourceExtractor
instanceKlass com/fasterxml/jackson/databind/KeyDeserializer
instanceKlass com/fasterxml/jackson/databind/deser/std/StdKeyDeserializers
instanceKlass com/fasterxml/jackson/databind/deser/KeyDeserializers
instanceKlass  @bci org/springframework/beans/factory/support/AbstractBeanFactory doGetBean (Ljava/lang/String;Ljava/lang/Class;[Ljava/lang/Object;Z)Ljava/lang/Object; 508 <appendix> member <vmtarget> ; # org/springframework/beans/factory/support/AbstractBeanFactory$$Lambda+0x000001b933181958
instanceKlass com/fasterxml/jackson/databind/deser/ValueInstantiators
instanceKlass com/fasterxml/jackson/databind/AbstractTypeResolver
instanceKlass  @bci org/springframework/beans/factory/support/AbstractBeanFactory doGetBean (Ljava/lang/String;Ljava/lang/Class;[Ljava/lang/Object;Z)Ljava/lang/Object; 286 <appendix> member <vmtarget> ; # org/springframework/beans/factory/support/AbstractBeanFactory$$Lambda+0x000001b933180f70
instanceKlass com/fasterxml/jackson/databind/deser/BeanDeserializerModifier
instanceKlass org/springframework/beans/factory/support/NullBean
instanceKlass com/fasterxml/jackson/databind/cfg/DeserializerFactoryConfig
instanceKlass  @bci org/springframework/beans/factory/BeanFactoryUtils transformedBeanName (Ljava/lang/String;)Ljava/lang/String; 21 <appendix> argL0 ; # org/springframework/beans/factory/BeanFactoryUtils$$Lambda+0x000001b933180498
instanceKlass com/fasterxml/jackson/databind/PropertyName
instanceKlass com/fasterxml/jackson/databind/deser/Deserializers
instanceKlass org/springframework/beans/factory/support/AbstractBeanFactory$BeanPostProcessorCache
instanceKlass  @bci org/springframework/core/annotation/AnnotationAttributes assertAttributePresence (Ljava/lang/String;Ljava/lang/Object;)V 3 <appendix> member <vmtarget> ; # org/springframework/core/annotation/AnnotationAttributes$$Lambda+0x000001b93317e608
instanceKlass com/fasterxml/jackson/annotation/ObjectIdGenerator
instanceKlass  @bci org/springframework/core/annotation/TypeMappedAnnotation getValueExtractor (Ljava/lang/Object;)Lorg/springframework/core/annotation/ValueExtractor; 7 <appendix> argL0 ; # org/springframework/core/annotation/TypeMappedAnnotation$$Lambda+0x000001b93317d900
instanceKlass org/springframework/beans/factory/config/RuntimeBeanReference
instanceKlass org/springframework/beans/factory/config/BeanReference
instanceKlass org/springframework/beans/MutablePropertyValues
instanceKlass org/springframework/beans/factory/support/BeanDefinitionBuilder
instanceKlass  @bci org/springframework/boot/autoconfigure/SharedMetadataReaderFactoryContextInitializer$CachingMetadataReaderFactoryPostProcessor register (Lorg/springframework/beans/factory/support/BeanDefinitionRegistry;)V 2 <appendix> argL0 ; # org/springframework/boot/autoconfigure/SharedMetadataReaderFactoryContextInitializer$CachingMetadataReaderFactoryPostProcessor$$Lambda+0x000001b93317a288
instanceKlass org/springframework/boot/autoconfigure/SharedMetadataReaderFactoryContextInitializer$SharedMetadataReaderFactoryBean
instanceKlass org/springframework/beans/factory/FactoryBean
instanceKlass org/springframework/context/support/PostProcessorRegistrationDelegate
instanceKlass  @bci org/springframework/boot/web/servlet/context/ServletWebServerApplicationContext$ExistingWebApplicationScopes restore ()V 5 <appendix> member <vmtarget> ; # org/springframework/boot/web/servlet/context/ServletWebServerApplicationContext$ExistingWebApplicationScopes$$Lambda+0x000001b933178a70
instanceKlass org/springframework/web/context/support/WebApplicationContextUtils$WebRequestObjectFactory
instanceKlass org/springframework/web/context/request/WebRequest
instanceKlass org/springframework/web/context/request/RequestAttributes
instanceKlass org/springframework/web/context/support/WebApplicationContextUtils$SessionObjectFactory
instanceKlass javax/servlet/http/HttpSession
instanceKlass org/springframework/web/context/support/WebApplicationContextUtils$ResponseObjectFactory
instanceKlass javax/servlet/ServletResponse
instanceKlass org/springframework/web/context/support/WebApplicationContextUtils$RequestObjectFactory
instanceKlass javax/servlet/ServletRequest
instanceKlass org/springframework/web/context/request/AbstractRequestAttributesScope
instanceKlass org/springframework/boot/web/servlet/context/ServletWebServerApplicationContext$ExistingWebApplicationScopes
instanceKlass org/springframework/web/context/ServletContextAware
instanceKlass org/springframework/web/context/support/ServletContextAwareProcessor
instanceKlass org/springframework/context/support/ApplicationListenerDetector
instanceKlass org/springframework/context/MessageSourceAware
instanceKlass com/fasterxml/jackson/databind/deser/ValueInstantiator$Gettable
instanceKlass org/springframework/context/ApplicationEventPublisherAware
instanceKlass org/springframework/beans/factory/config/BeanExpressionContext
instanceKlass org/springframework/beans/factory/config/EmbeddedValueResolver
instanceKlass org/springframework/util/StringValueResolver
instanceKlass org/springframework/context/support/ApplicationContextAwareProcessor
instanceKlass org/springframework/beans/support/ResourceEditorRegistrar
instanceKlass org/springframework/expression/spel/SpelParserConfiguration
instanceKlass com/fasterxml/jackson/databind/deser/ContextualDeserializer
instanceKlass org/springframework/expression/Expression
instanceKlass com/fasterxml/jackson/databind/deser/ResolvableDeserializer
instanceKlass org/springframework/expression/common/TemplateAwareExpressionParser
instanceKlass org/springframework/context/expression/StandardBeanExpressionResolver$1
instanceKlass org/springframework/expression/EvaluationContext
instanceKlass org/springframework/expression/TypeConverter
instanceKlass org/springframework/expression/TypeLocator
instanceKlass com/fasterxml/jackson/databind/JsonDeserializer
instanceKlass com/fasterxml/jackson/databind/deser/NullValueProvider
instanceKlass com/fasterxml/jackson/databind/ser/SerializerCache
instanceKlass org/springframework/expression/BeanResolver
instanceKlass org/springframework/expression/PropertyAccessor
instanceKlass com/fasterxml/jackson/databind/ser/ResolvableSerializer
instanceKlass org/springframework/expression/ExpressionParser
instanceKlass org/springframework/expression/ParserContext
instanceKlass org/springframework/context/expression/StandardBeanExpressionResolver
instanceKlass org/springframework/web/context/request/RequestContextHolder
instanceKlass org/springframework/web/context/support/WebApplicationContextUtils
instanceKlass com/fasterxml/jackson/databind/ser/ContextualSerializer
instanceKlass org/springframework/beans/factory/BeanFactoryUtils
instanceKlass com/fasterxml/jackson/databind/jsonschema/SchemaAware
instanceKlass org/springframework/boot/logging/DeferredLog$1
instanceKlass  @bci org/springframework/boot/SpringApplicationRunListeners contextLoaded (Lorg/springframework/context/ConfigurableApplicationContext;)V 4 <appendix> member <vmtarget> ; # org/springframework/boot/SpringApplicationRunListeners$$Lambda+0x000001b933169538
instanceKlass com/fasterxml/jackson/databind/JsonSerializer
instanceKlass org/springframework/beans/factory/support/BeanDefinitionReaderUtils
instanceKlass com/fasterxml/jackson/databind/jsonFormatVisitors/JsonFormatVisitable
instanceKlass org/springframework/context/annotation/Description
instanceKlass org/springframework/context/annotation/Role
instanceKlass org/springframework/context/annotation/DependsOn
instanceKlass org/springframework/context/annotation/Primary
instanceKlass org/springframework/context/annotation/Lazy
instanceKlass java/beans/Introspector$1
instanceKlass jdk/internal/access/JavaBeansAccess
instanceKlass java/beans/FeatureDescriptor
instanceKlass java/beans/Introspector
instanceKlass  @bci org/springframework/core/type/AnnotationMetadata getMetaAnnotationTypes (Ljava/lang/String;)Ljava/util/Set; 58 <appendix> argL0 ; # org/springframework/core/type/AnnotationMetadata$$Lambda+0x000001b933164be0
instanceKlass  @bci org/springframework/core/type/AnnotationMetadata getMetaAnnotationTypes (Ljava/lang/String;)Ljava/util/Set; 48 <appendix> argL0 ; # org/springframework/core/type/AnnotationMetadata$$Lambda+0x000001b933164430
instanceKlass  @bci org/springframework/core/type/AnnotationMetadata getMetaAnnotationTypes (Ljava/lang/String;)Ljava/util/Set; 7 <appendix> argL0 ; # org/springframework/core/type/AnnotationMetadata$$Lambda+0x000001b9331636e0
instanceKlass com/fasterxml/jackson/databind/node/JsonNodeFactory
instanceKlass  @bci org/springframework/context/annotation/AnnotationBeanNameGenerator determineBeanNameFromAnnotation (Lorg/springframework/beans/factory/annotation/AnnotatedBeanDefinition;)Ljava/lang/String; 67 <appendix> member <vmtarget> ; # org/springframework/context/annotation/AnnotationBeanNameGenerator$$Lambda+0x000001b9331630b8
instanceKlass com/fasterxml/jackson/databind/node/JsonNodeCreator
instanceKlass  @bci org/springframework/core/annotation/AbstractMergedAnnotation asAnnotationAttributes ([Lorg/springframework/core/annotation/MergedAnnotation$Adapt;)Lorg/springframework/core/annotation/AnnotationAttributes; 1 <appendix> argL0 ; # org/springframework/core/annotation/AbstractMergedAnnotation$$Lambda+0x000001b933162c98
instanceKlass java/util/RegularEnumSet$EnumSetIterator
instanceKlass com/fasterxml/jackson/databind/cfg/ContextAttributes
instanceKlass  @bci org/springframework/core/annotation/TypeMappedAnnotation <init> (Lorg/springframework/core/annotation/AnnotationTypeMapping;Ljava/lang/ClassLoader;Ljava/lang/Object;Ljava/lang/Object;Lorg/springframework/core/annotation/ValueExtractor;I[I)V 100 <appendix> member <vmtarget> ; # org/springframework/core/annotation/TypeMappedAnnotation$$Lambda+0x000001b933161980
instanceKlass com/fasterxml/jackson/core/util/Separators
instanceKlass  @bci org/springframework/core/type/AnnotationMetadata getAnnotationTypes ()Ljava/util/Set; 31 <appendix> argL0 ; # org/springframework/core/type/AnnotationMetadata$$Lambda+0x000001b933161548
instanceKlass  @bci org/springframework/core/type/AnnotationMetadata getAnnotationTypes ()Ljava/util/Set; 21 <appendix> argL0 ; # org/springframework/core/type/AnnotationMetadata$$Lambda+0x000001b9331610c8
instanceKlass com/fasterxml/jackson/core/util/DefaultPrettyPrinter$NopIndenter
instanceKlass  @bci org/springframework/core/type/AnnotationMetadata getAnnotationTypes ()Ljava/util/Set; 11 <appendix> argL0 ; # org/springframework/core/type/AnnotationMetadata$$Lambda+0x000001b933160a38
instanceKlass org/springframework/core/annotation/TypeMappedAnnotations$Aggregate
instanceKlass com/fasterxml/jackson/databind/cfg/ConfigFeature
instanceKlass org/springframework/core/annotation/TypeMappedAnnotations$AggregatesCollector
instanceKlass org/springframework/core/annotation/TypeMappedAnnotations$AggregatesSpliterator
instanceKlass com/fasterxml/jackson/databind/cfg/ConfigOverride
instanceKlass com/fasterxml/jackson/annotation/JsonFormat$Features
instanceKlass com/fasterxml/jackson/annotation/JsonFormat$Value
instanceKlass  @bci org/springframework/core/annotation/AnnotationTypeMappings forAnnotationType (Ljava/lang/Class;Lorg/springframework/core/annotation/RepeatableContainers;Lorg/springframework/core/annotation/AnnotationFilter;)Lorg/springframework/core/annotation/AnnotationTypeMappings; 42 <appendix> member <vmtarget> ; # org/springframework/core/annotation/AnnotationTypeMappings$$Lambda+0x000001b93315e028
instanceKlass org/springframework/context/annotation/ScopeMetadata
instanceKlass com/fasterxml/jackson/databind/introspect/VisibilityChecker$Std
instanceKlass org/springframework/boot/autoconfigure/AutoConfigurationPackages$Registrar
instanceKlass org/springframework/boot/context/annotation/DeterminableImports
instanceKlass org/springframework/context/annotation/ImportBeanDefinitionRegistrar
instanceKlass com/fasterxml/jackson/annotation/JsonSetter$Value
instanceKlass com/fasterxml/jackson/annotation/JsonInclude$Value
instanceKlass com/fasterxml/jackson/annotation/JacksonAnnotationValue
instanceKlass com/fasterxml/jackson/databind/cfg/ConfigOverrides
instanceKlass com/fasterxml/jackson/databind/introspect/AnnotatedClass$Creators
instanceKlass org/springframework/context/annotation/ComponentScans
instanceKlass com/fasterxml/jackson/databind/introspect/AnnotationCollector$NoAnnotations
instanceKlass com/fasterxml/jackson/databind/util/Annotations
instanceKlass com/fasterxml/jackson/databind/introspect/AnnotationCollector
instanceKlass com/fasterxml/jackson/databind/introspect/AnnotatedClassResolver
instanceKlass org/springframework/boot/autoconfigure/AutoConfigurationImportSelector
instanceKlass org/springframework/context/annotation/DeferredImportSelector
instanceKlass org/springframework/context/annotation/ImportSelector
instanceKlass com/fasterxml/jackson/databind/cfg/MapperConfig
instanceKlass com/fasterxml/jackson/databind/BeanDescription
instanceKlass com/fasterxml/jackson/databind/introspect/SimpleMixInResolver
instanceKlass com/fasterxml/jackson/databind/introspect/ClassIntrospector$MixInResolver
instanceKlass com/fasterxml/jackson/databind/util/RootNameLookup
instanceKlass com/fasterxml/jackson/core/sym/ByteQuadsCanonicalizer$TableInfo
instanceKlass com/fasterxml/jackson/core/sym/ByteQuadsCanonicalizer
instanceKlass  @bci org/springframework/core/annotation/AnnotationTypeMapping processAliases (ILjava/util/List;)V 118 <appendix> argL0 ; # org/springframework/core/annotation/AnnotationTypeMapping$$Lambda+0x000001b933157ab8
instanceKlass com/fasterxml/jackson/core/sym/CharsToNameCanonicalizer$Bucket
instanceKlass com/fasterxml/jackson/core/sym/CharsToNameCanonicalizer$TableInfo
instanceKlass java/util/concurrent/atomic/AtomicReference
instanceKlass com/fasterxml/jackson/core/sym/CharsToNameCanonicalizer
instanceKlass org/springframework/boot/autoconfigure/AutoConfigurationExcludeFilter
instanceKlass com/fasterxml/jackson/core/io/CharTypes
instanceKlass com/fasterxml/jackson/core/io/JsonStringEncoder
instanceKlass com/fasterxml/jackson/core/io/SerializedString
instanceKlass org/springframework/boot/context/TypeExcludeFilter
instanceKlass com/fasterxml/jackson/core/util/DefaultPrettyPrinter
instanceKlass com/fasterxml/jackson/core/util/Instantiatable
instanceKlass java/lang/annotation/Repeatable
instanceKlass org/springframework/context/annotation/Import
instanceKlass org/springframework/boot/autoconfigure/AutoConfigurationPackage
instanceKlass com/fasterxml/jackson/core/async/ByteArrayFeeder
instanceKlass com/fasterxml/jackson/core/async/NonBlockingInputFeeder
instanceKlass org/springframework/context/annotation/Configuration
instanceKlass  @bci sun/reflect/annotation/AnnotationParser parseAnnotationArray (ILjava/lang/Class;Ljava/nio/ByteBuffer;Ljdk/internal/reflect/ConstantPool;Ljava/lang/Class;)Ljava/lang/Object; 15 <appendix> member <vmtarget> ; # sun/reflect/annotation/AnnotationParser$$Lambda+0x000001b9330f7e50
instanceKlass org/springframework/context/annotation/ComponentScan$Filter
instanceKlass  @bci org/springframework/core/annotation/AnnotationTypeMapping resolveAliasedForTargets ()Ljava/util/Map; 58 <appendix> argL0 ; # org/springframework/core/annotation/AnnotationTypeMapping$$Lambda+0x000001b933150eb8
instanceKlass org/springframework/core/annotation/TypeMappedAnnotations$IsPresent
instanceKlass org/springframework/context/annotation/Conditional
instanceKlass org/springframework/context/annotation/ComponentScan
instanceKlass org/springframework/boot/autoconfigure/EnableAutoConfiguration
instanceKlass org/springframework/boot/SpringBootConfiguration
instanceKlass com/fasterxml/jackson/core/TSFBuilder
instanceKlass com/fasterxml/jackson/core/SerializableString
instanceKlass  @bci sun/reflect/annotation/AnnotationParser parseClassArray (ILjava/nio/ByteBuffer;Ljdk/internal/reflect/ConstantPool;Ljava/lang/Class;)Ljava/lang/Object; 10 <appendix> member <vmtarget> ; # sun/reflect/annotation/AnnotationParser$$Lambda+0x000001b9330f79f8
instanceKlass org/springframework/boot/autoconfigure/SpringBootApplication
instanceKlass com/fasterxml/jackson/core/Base64Variant
instanceKlass org/springframework/core/type/StandardClassMetadata
instanceKlass com/fasterxml/jackson/core/Base64Variants
instanceKlass org/springframework/core/type/AnnotationMetadata
instanceKlass org/springframework/core/type/ClassMetadata
instanceKlass com/fasterxml/jackson/databind/type/TypeBindings
instanceKlass com/fasterxml/jackson/databind/type/TypeParser
instanceKlass org/springframework/util/xml/XmlValidationModeDetector
instanceKlass org/springframework/util/xml/SimpleSaxErrorHandler
instanceKlass com/fasterxml/jackson/databind/type/TypeFactory
instanceKlass org/springframework/beans/factory/xml/DefaultDocumentLoader
instanceKlass org/springframework/beans/factory/parsing/NullSourceExtractor
instanceKlass org/springframework/beans/factory/parsing/EmptyReaderEventListener
instanceKlass com/fasterxml/jackson/databind/cfg/BaseSettings
instanceKlass org/springframework/beans/factory/parsing/FailFastProblemReporter
instanceKlass com/fasterxml/jackson/databind/util/LRUMap
instanceKlass org/springframework/beans/factory/xml/DefaultBeanDefinitionDocumentReader
instanceKlass org/springframework/beans/factory/xml/BeanDefinitionDocumentReader
instanceKlass java/beans/ConstructorProperties
instanceKlass java/beans/Transient
instanceKlass com/fasterxml/jackson/databind/util/ClassUtil$Ctor
instanceKlass org/springframework/beans/factory/support/DefaultBeanNameGenerator
instanceKlass  @bci jdk/internal/reflect/MethodHandleIntegerFieldAccessorImpl getInt (Ljava/lang/Object;)I 11 <adapter> ; # java/lang/invoke/LambdaForm$MH+0x000001b933148400
instanceKlass com/fasterxml/jackson/databind/util/ClassUtil
# instanceKlass java/lang/invoke/LambdaForm$MH+0x000001b933148000
instanceKlass com/fasterxml/jackson/databind/ext/Java7Support
instanceKlass org/springframework/core/Constants
instanceKlass com/fasterxml/jackson/annotation/JsonMerge
instanceKlass com/fasterxml/jackson/databind/annotation/JsonDeserialize
instanceKlass com/fasterxml/jackson/annotation/JsonManagedReference
instanceKlass org/springframework/beans/factory/xml/NamespaceHandlerResolver
instanceKlass com/fasterxml/jackson/annotation/JsonBackReference
instanceKlass com/fasterxml/jackson/annotation/JsonUnwrapped
instanceKlass com/fasterxml/jackson/annotation/JsonRawValue
instanceKlass com/fasterxml/jackson/annotation/JsonTypeInfo
instanceKlass org/xml/sax/ErrorHandler
instanceKlass com/fasterxml/jackson/annotation/JsonFormat
instanceKlass org/springframework/beans/factory/xml/DocumentLoader
instanceKlass com/fasterxml/jackson/annotation/JsonView
instanceKlass org/springframework/beans/factory/parsing/SourceExtractor
instanceKlass org/springframework/beans/factory/parsing/ReaderEventListener
instanceKlass com/fasterxml/jackson/databind/annotation/JsonSerialize
instanceKlass org/springframework/beans/factory/parsing/ProblemReporter
instanceKlass com/fasterxml/jackson/databind/introspect/ConcreteBeanPropertyBase
instanceKlass org/springframework/beans/factory/support/AbstractBeanDefinitionReader
instanceKlass com/fasterxml/jackson/databind/BeanProperty
instanceKlass org/springframework/beans/factory/support/BeanDefinitionReader
instanceKlass org/springframework/boot/BeanDefinitionLoader
instanceKlass  @bci org/springframework/boot/StartupInfoLogger logStarting (Lorg/apache/commons/logging/Log;)V 23 <appendix> member <vmtarget> ; # org/springframework/boot/StartupInfoLogger$$Lambda+0x000001b9331424e8
instanceKlass ch/qos/logback/core/pattern/SpacePadder
instanceKlass java/text/DontCareFieldPosition$1
instanceKlass java/text/Format$FieldDelegate
instanceKlass com/fasterxml/jackson/databind/introspect/BeanPropertyDefinition
instanceKlass com/fasterxml/jackson/databind/util/Named
instanceKlass ch/qos/logback/classic/util/LogbackMDCAdapter
instanceKlass org/slf4j/impl/StaticMDCBinder
instanceKlass org/slf4j/spi/MDCAdapter
instanceKlass org/slf4j/MDC
instanceKlass ch/qos/logback/classic/spi/EventArgUtil
instanceKlass ch/qos/logback/classic/spi/IThrowableProxy
instanceKlass ch/qos/logback/classic/spi/LoggingEvent
instanceKlass com/fasterxml/jackson/databind/introspect/TypeResolutionContext
instanceKlass  @bci org/springframework/boot/StartupInfoLogger appendContext (Ljava/lang/StringBuilder;)V 55 <appendix> argL0 ; # org/springframework/boot/StartupInfoLogger$$Lambda+0x000001b93313f848
instanceKlass  @bci org/springframework/boot/StartupInfoLogger appendContext (Ljava/lang/StringBuilder;)V 43 <appendix> argL0 ; # org/springframework/boot/StartupInfoLogger$$Lambda+0x000001b93313f638
instanceKlass com/fasterxml/jackson/databind/introspect/Annotated
instanceKlass java/lang/StackTraceElement$HashedModules
instanceKlass org/springframework/boot/system/ApplicationHome
instanceKlass  @bci org/springframework/boot/StartupInfoLogger appendPid (Ljava/lang/StringBuilder;)V 4 <appendix> argL0 ; # org/springframework/boot/StartupInfoLogger$$Lambda+0x000001b93313e618
instanceKlass  @bci org/springframework/boot/StartupInfoLogger appendOn (Ljava/lang/StringBuilder;)V 8 <appendix> argL0 ; # org/springframework/boot/StartupInfoLogger$$Lambda+0x000001b93313e408
instanceKlass  @bci org/springframework/boot/StartupInfoLogger appendJavaVersion (Ljava/lang/StringBuilder;)V 4 <appendix> argL0 ; # org/springframework/boot/StartupInfoLogger$$Lambda+0x000001b93313e1f8
instanceKlass  @bci org/springframework/boot/StartupInfoLogger appendVersion (Ljava/lang/StringBuilder;Ljava/lang/Class;)V 5 <appendix> member <vmtarget> ; # org/springframework/boot/StartupInfoLogger$$Lambda+0x000001b93313dfe0
instanceKlass  @bci org/springframework/boot/StartupInfoLogger logStarting (Lorg/apache/commons/logging/Log;)V 8 <appendix> member <vmtarget> ; # org/springframework/boot/StartupInfoLogger$$Lambda+0x000001b93313d528
instanceKlass org/springframework/boot/StartupInfoLogger
instanceKlass  @bci org/springframework/boot/SpringApplicationRunListeners contextPrepared (Lorg/springframework/context/ConfigurableApplicationContext;)V 4 <appendix> member <vmtarget> ; # org/springframework/boot/SpringApplicationRunListeners$$Lambda+0x000001b93313ce28
instanceKlass org/springframework/boot/autoconfigure/condition/ConditionEvaluationReport$AncestorsMatchedCondition
instanceKlass org/springframework/context/annotation/Condition
instanceKlass org/springframework/boot/autoconfigure/condition/ConditionEvaluationReport
instanceKlass org/springframework/boot/autoconfigure/logging/ConditionEvaluationReportLoggingListener$ConditionEvaluationReportListener
instanceKlass com/fasterxml/jackson/core/JsonParser
instanceKlass org/springframework/boot/rsocket/context/RSocketPortInfoApplicationContextInitializer$Listener
instanceKlass org/springframework/boot/context/ConfigurationWarningsApplicationContextInitializer$ComponentScanPackageCheck
instanceKlass org/springframework/boot/context/ConfigurationWarningsApplicationContextInitializer$Check
instanceKlass org/springframework/boot/context/ConfigurationWarningsApplicationContextInitializer$ConfigurationWarningsPostProcessor
instanceKlass  @bci org/springframework/beans/factory/support/DefaultListableBeanFactory registerSingleton (Ljava/lang/String;Ljava/lang/Object;)V 15 <appendix> member <vmtarget> ; # org/springframework/beans/factory/support/DefaultListableBeanFactory$$Lambda+0x000001b93313a1e0
instanceKlass  @bci org/springframework/beans/factory/support/DefaultListableBeanFactory registerSingleton (Ljava/lang/String;Ljava/lang/Object;)V 8 <appendix> member <vmtarget> ; # org/springframework/beans/factory/support/DefaultListableBeanFactory$$Lambda+0x000001b933139fb8
instanceKlass org/springframework/boot/context/ContextIdApplicationContextInitializer$ContextId
instanceKlass org/springframework/boot/autoconfigure/SharedMetadataReaderFactoryContextInitializer$CachingMetadataReaderFactoryPostProcessor
instanceKlass  @bci org/springframework/context/index/CandidateComponentsIndexLoader loadIndex (Ljava/lang/ClassLoader;)Lorg/springframework/context/index/CandidateComponentsIndex; 16 <appendix> argL0 ; # org/springframework/context/index/CandidateComponentsIndexLoader$$Lambda+0x000001b933138888
instanceKlass org/springframework/context/index/CandidateComponentsIndex
instanceKlass com/fasterxml/jackson/core/type/ResolvedType
instanceKlass org/springframework/context/index/CandidateComponentsIndexLoader
instanceKlass  @bci org/springframework/core/io/DefaultResourceLoader getResourceCache (Ljava/lang/Class;)Ljava/util/Map; 5 <appendix> argL0 ; # org/springframework/core/io/DefaultResourceLoader$$Lambda+0x000001b933137b78
instanceKlass org/springframework/core/type/classreading/MetadataReader
instanceKlass org/springframework/core/type/classreading/SimpleMetadataReaderFactory
instanceKlass com/fasterxml/jackson/databind/jsontype/TypeResolverBuilder
instanceKlass org/springframework/core/io/support/ResourcePatternUtils
instanceKlass com/fasterxml/jackson/databind/Module$SetupContext
instanceKlass com/fasterxml/jackson/databind/introspect/VisibilityChecker
instanceKlass javax/annotation/ManagedBean
instanceKlass com/fasterxml/jackson/databind/introspect/ClassIntrospector
instanceKlass org/springframework/stereotype/Indexed
instanceKlass org/springframework/stereotype/Component
instanceKlass org/springframework/core/type/filter/AbstractTypeHierarchyTraversingFilter
instanceKlass com/fasterxml/jackson/databind/JsonSerializable$Base
instanceKlass org/springframework/core/type/filter/TypeFilter
instanceKlass com/fasterxml/jackson/databind/JsonSerializable
instanceKlass com/fasterxml/jackson/core/TreeNode
instanceKlass org/springframework/beans/factory/support/BeanDefinitionDefaults
instanceKlass org/springframework/core/type/classreading/MetadataReaderFactory
instanceKlass org/springframework/context/annotation/ClassPathScanningCandidateComponentProvider
instanceKlass org/springframework/context/event/DefaultEventListenerFactory
instanceKlass org/springframework/context/event/EventListenerFactory
instanceKlass com/fasterxml/jackson/databind/jsontype/PolymorphicTypeValidator
instanceKlass org/springframework/context/event/EventListenerMethodProcessor
instanceKlass org/springframework/beans/factory/SmartInitializingSingleton
instanceKlass org/springframework/beans/factory/annotation/InitDestroyAnnotationBeanPostProcessor
instanceKlass com/fasterxml/jackson/databind/AnnotationIntrospector
instanceKlass org/springframework/beans/factory/annotation/AutowiredAnnotationBeanPostProcessor
instanceKlass org/springframework/beans/factory/config/SmartInstantiationAwareBeanPostProcessor
instanceKlass org/springframework/beans/factory/config/BeanDefinitionHolder
instanceKlass  @bci org/springframework/beans/factory/support/DefaultListableBeanFactory removeManualSingletonName (Ljava/lang/String;)V 8 <appendix> member <vmtarget> ; # org/springframework/beans/factory/support/DefaultListableBeanFactory$$Lambda+0x000001b93312f5d8
instanceKlass com/fasterxml/jackson/databind/ser/SerializerFactory
instanceKlass  @bci org/springframework/beans/factory/support/DefaultListableBeanFactory removeManualSingletonName (Ljava/lang/String;)V 2 <appendix> member <vmtarget> ; # org/springframework/beans/factory/support/DefaultListableBeanFactory$$Lambda+0x000001b93312f180
instanceKlass org/springframework/beans/factory/support/MethodOverrides
instanceKlass org/springframework/context/annotation/ConfigurationClassPostProcessor
instanceKlass org/springframework/context/EnvironmentAware
instanceKlass org/springframework/context/ApplicationStartupAware
instanceKlass org/springframework/context/ResourceLoaderAware
instanceKlass org/springframework/beans/factory/support/BeanDefinitionRegistryPostProcessor
instanceKlass com/fasterxml/jackson/databind/deser/DeserializerFactory
instanceKlass com/fasterxml/jackson/databind/DatabindContext
instanceKlass org/springframework/beans/factory/annotation/Qualifier
instanceKlass org/springframework/beans/factory/annotation/Value
instanceKlass org/springframework/aop/TargetSource
instanceKlass com/fasterxml/jackson/databind/jsontype/SubtypeResolver
instanceKlass org/springframework/orm/jpa/support/PersistenceAnnotationBeanPostProcessor
instanceKlass org/springframework/beans/factory/support/MergedBeanDefinitionPostProcessor
instanceKlass org/springframework/beans/factory/config/DestructionAwareBeanPostProcessor
instanceKlass com/fasterxml/jackson/core/TokenStreamFactory
instanceKlass org/springframework/beans/factory/config/InstantiationAwareBeanPostProcessor
instanceKlass com/fasterxml/jackson/databind/cfg/HandlerInstantiator
instanceKlass javax/persistence/EntityManagerFactory
instanceKlass javax/annotation/Resource
instanceKlass com/fasterxml/jackson/databind/Module
instanceKlass org/springframework/context/annotation/AnnotationConfigUtils
instanceKlass org/springframework/http/converter/json/Jackson2ObjectMapperBuilder
instanceKlass org/springframework/context/annotation/ConditionEvaluator$ConditionContextImpl
instanceKlass org/springframework/context/annotation/ConditionContext
instanceKlass org/springframework/context/annotation/ConditionEvaluator
instanceKlass com/fasterxml/jackson/core/PrettyPrinter
instanceKlass com/fasterxml/jackson/core/util/DefaultPrettyPrinter$Indenter
instanceKlass org/springframework/context/annotation/Scope
instanceKlass org/springframework/context/annotation/AnnotationScopeMetadataResolver
instanceKlass org/springframework/context/annotation/AnnotationBeanNameGenerator
instanceKlass org/springframework/beans/factory/annotation/AnnotatedBeanDefinition
instanceKlass org/springframework/http/converter/GenericHttpMessageConverter
instanceKlass org/springframework/core/type/AnnotatedTypeMetadata
instanceKlass org/springframework/context/annotation/ScopeMetadataResolver
instanceKlass org/springframework/beans/factory/support/BeanNameGenerator
instanceKlass org/springframework/context/annotation/AnnotatedBeanDefinitionReader
instanceKlass org/springframework/beans/factory/support/SimpleAutowireCandidateResolver
instanceKlass org/springframework/beans/factory/support/SimpleInstantiationStrategy
instanceKlass  @bci org/springframework/http/converter/xml/Jaxb2RootElementHttpMessageConverter <clinit> ()V 0 <appendix> argL0 ; # org/springframework/http/converter/xml/Jaxb2RootElementHttpMessageConverter$$Lambda+0x000001b933123ce0
instanceKlass org/springframework/beans/factory/BeanNameAware
instanceKlass org/springframework/core/OrderComparator$OrderSourceProvider
instanceKlass  @bci javax/xml/transform/FactoryFinder newInstance (Ljava/lang/Class;Ljava/lang/String;Ljava/lang/ClassLoader;Z)Ljava/lang/Object; 107 <appendix> member <vmtarget> ; # javax/xml/transform/FactoryFinder$$Lambda+0x000001b9330f6118
instanceKlass jdk/xml/internal/JdkProperty
instanceKlass jdk/xml/internal/XMLSecurityManager
instanceKlass org/springframework/beans/factory/support/AutowireCandidateResolver
instanceKlass org/springframework/beans/factory/ObjectProvider
instanceKlass org/springframework/beans/factory/ObjectFactory
instanceKlass com/sun/org/apache/xalan/internal/utils/FeaturePropertyBase
instanceKlass org/springframework/util/ReflectionUtils$MethodCallback
instanceKlass jdk/xml/internal/JdkXmlFeatures
instanceKlass jdk/xml/internal/JdkConstants
instanceKlass org/springframework/core/AttributeAccessorSupport
instanceKlass javax/xml/catalog/CatalogFeatures$Builder
instanceKlass javax/xml/catalog/CatalogFeatures
instanceKlass jdk/xml/internal/TransformErrorListener
instanceKlass javax/xml/transform/ErrorListener
instanceKlass com/sun/org/apache/xalan/internal/xsltc/compiler/SourceLoader
instanceKlass org/springframework/beans/factory/InjectionPoint
instanceKlass  @bci jdk/xml/internal/SecuritySupport getContextClassLoader ()Ljava/lang/ClassLoader; 0 <appendix> argL0 ; # jdk/xml/internal/SecuritySupport$$Lambda+0x000001b9330f1cd8
instanceKlass  @bci javax/xml/transform/FactoryFinder find (Ljava/lang/Class;Ljava/lang/String;)Ljava/lang/Object; 123 <appendix> member <vmtarget> ; # javax/xml/transform/FactoryFinder$$Lambda+0x000001b9330f1ac0
instanceKlass javax/xml/transform/FactoryFinder$1
instanceKlass org/springframework/beans/PropertyValues
instanceKlass  @bci jdk/xml/internal/SecuritySupport getFileInputStream (Ljava/io/File;)Ljava/io/FileInputStream; 1 <appendix> member <vmtarget> ; # jdk/xml/internal/SecuritySupport$$Lambda+0x000001b9330f1688
instanceKlass org/springframework/beans/BeanWrapper
instanceKlass org/springframework/beans/ConfigurablePropertyAccessor
instanceKlass org/springframework/beans/PropertyAccessor
instanceKlass  @bci jdk/xml/internal/SecuritySupport doesFileExist (Ljava/io/File;)Z 1 <appendix> member <vmtarget> ; # jdk/xml/internal/SecuritySupport$$Lambda+0x000001b9330f1470
instanceKlass  @bci javax/xml/transform/FactoryFinder find (Ljava/lang/Class;Ljava/lang/String;)Ljava/lang/Object; 24 <appendix> member <vmtarget> ; # javax/xml/transform/FactoryFinder$$Lambda+0x000001b9330f1258
instanceKlass org/springframework/beans/factory/support/InstantiationStrategy
instanceKlass  @bci jdk/xml/internal/SecuritySupport getSystemProperty (Ljava/lang/String;)Ljava/lang/String; 1 <appendix> member <vmtarget> ; # jdk/xml/internal/SecuritySupport$$Lambda+0x000001b9330f1040
instanceKlass jdk/xml/internal/SecuritySupport
instanceKlass org/springframework/beans/factory/DisposableBean
instanceKlass javax/xml/transform/FactoryFinder
instanceKlass javax/xml/transform/TransformerFactory
instanceKlass javax/xml/transform/stream/StreamSource
instanceKlass javax/xml/transform/stax/StAXSource
instanceKlass javax/xml/transform/sax/SAXSource
instanceKlass javax/xml/transform/dom/DOMSource
instanceKlass  @bci org/springframework/http/converter/xml/SourceHttpMessageConverter <clinit> ()V 8 <appendix> argL0 ; # org/springframework/http/converter/xml/SourceHttpMessageConverter$$Lambda+0x000001b93311e6e0
instanceKlass  @cpi org/springframework/http/converter/xml/SourceHttpMessageConverter 346 form vmentry <vmtarget> ; # java/lang/invoke/LambdaForm$DMH+0x000001b93311c400
instanceKlass javax/xml/stream/XMLResolver
instanceKlass  @bci org/springframework/http/converter/xml/SourceHttpMessageConverter <clinit> ()V 0 <appendix> argL0 ; # org/springframework/http/converter/xml/SourceHttpMessageConverter$$Lambda+0x000001b93311e258
instanceKlass  @cpi com/fasterxml/jackson/datatype/jsr310/deser/InstantDeserializer 301 form vmentry <vmtarget> ; # java/lang/invoke/LambdaForm$DMH+0x000001b93311c000
instanceKlass sun/invoke/util/VerifyAccess$1
instanceKlass org/xml/sax/EntityResolver
instanceKlass org/w3c/dom/Node
instanceKlass org/springframework/core/SimpleAliasRegistry
instanceKlass javax/xml/transform/Result
instanceKlass javax/xml/transform/Source
instanceKlass  @bci org/springframework/core/log/CompositeLog <init> (Ljava/util/List;)V 71 <appendix> argL0 ; # org/springframework/core/log/CompositeLog$$Lambda+0x000001b933109c80
instanceKlass  @bci org/springframework/core/log/CompositeLog <init> (Ljava/util/List;)V 58 <appendix> argL0 ; # org/springframework/core/log/CompositeLog$$Lambda+0x000001b933109a40
instanceKlass  @bci org/springframework/core/log/CompositeLog <init> (Ljava/util/List;)V 45 <appendix> argL0 ; # org/springframework/core/log/CompositeLog$$Lambda+0x000001b933109800
instanceKlass  @bci org/springframework/core/log/CompositeLog <init> (Ljava/util/List;)V 32 <appendix> argL0 ; # org/springframework/core/log/CompositeLog$$Lambda+0x000001b933117d80
instanceKlass  @bci org/springframework/core/log/CompositeLog <init> (Ljava/util/List;)V 19 <appendix> argL0 ; # org/springframework/core/log/CompositeLog$$Lambda+0x000001b933117b40
instanceKlass  @bci org/springframework/core/log/CompositeLog <init> (Ljava/util/List;)V 6 <appendix> argL0 ; # org/springframework/core/log/CompositeLog$$Lambda+0x000001b933117610
instanceKlass org/apache/commons/logging/impl/NoOpLog
instanceKlass org/springframework/core/log/CompositeLog
instanceKlass org/springframework/beans/factory/config/Scope
instanceKlass org/springframework/beans/factory/config/BeanDefinition
instanceKlass org/springframework/beans/BeanMetadataElement
instanceKlass org/springframework/core/AttributeAccessor
instanceKlass org/springframework/core/log/LogDelegateFactory
instanceKlass org/springframework/http/HttpLogging
instanceKlass org/springframework/http/converter/AbstractHttpMessageConverter
instanceKlass org/springframework/beans/factory/config/ConfigurableListableBeanFactory
instanceKlass org/springframework/beans/factory/config/ConfigurableBeanFactory
instanceKlass org/springframework/beans/factory/config/SingletonBeanRegistry
instanceKlass org/springframework/beans/PropertyEditorRegistrar
instanceKlass org/springframework/beans/factory/config/BeanExpressionResolver
instanceKlass com/fasterxml/jackson/core/JsonGenerator
instanceKlass org/springframework/core/SmartClassLoader
instanceKlass org/springframework/beans/factory/config/BeanPostProcessor
instanceKlass com/fasterxml/jackson/core/TreeCodec
instanceKlass org/springframework/context/LifecycleProcessor
instanceKlass org/springframework/beans/factory/config/AutowireCapableBeanFactory
instanceKlass com/fasterxml/jackson/core/Versioned
instanceKlass org/springframework/beans/factory/support/BeanDefinitionRegistry
instanceKlass org/springframework/core/AliasRegistry
instanceKlass org/springframework/ui/context/ThemeSource
instanceKlass org/springframework/boot/web/context/ConfigurableWebServerApplicationContext
instanceKlass org/springframework/boot/web/context/WebServerApplicationContext
instanceKlass javax/xml/bind/Binder
instanceKlass org/springframework/context/annotation/AnnotationConfigRegistry
instanceKlass org/springframework/boot/ApplicationContextFactory$1
instanceKlass org/springframework/util/MimeType$SpecificityComparator
instanceKlass org/springframework/boot/SpringApplicationBannerPrinter$PrintedBanner
instanceKlass java/io/Console$1
instanceKlass jdk/internal/access/JavaIOAccess
instanceKlass  @bci org/springframework/http/MediaType <clinit> ()V 384 <appendix> argL0 ; # org/springframework/http/MediaType$$Lambda+0x000001b93310d6f8
instanceKlass  @bci java/io/Console lambda$instantiateConsole$3 (Z)Ljava/io/Console; 66 <appendix> argL0 ; # java/io/Console$$Lambda+0x000001b9330edff0
instanceKlass java/util/AbstractMap$2$1
instanceKlass jdk/internal/org/jline/JdkConsoleProviderImpl
instanceKlass  @bci org/springframework/util/MimeType <init> (Ljava/lang/String;Ljava/lang/String;Ljava/util/Map;)V 77 <appendix> member <vmtarget> ; # org/springframework/util/MimeType$$Lambda+0x000001b93310d2b8
instanceKlass jdk/jshell/execution/impl/ConsoleImpl$ConsoleProviderImpl
instanceKlass  @bci java/io/Console lambda$instantiateConsole$3 (Z)Ljava/io/Console; 51 <appendix> argL0 ; # java/io/Console$$Lambda+0x000001b9330ed598
instanceKlass org/springframework/util/LinkedCaseInsensitiveMap
instanceKlass  @bci java/io/Console lambda$instantiateConsole$3 (Z)Ljava/io/Console; 41 <appendix> member <vmtarget> ; # java/io/Console$$Lambda+0x000001b9330ed368
instanceKlass  @cpi java/io/Console 260 form vmentry <vmtarget> ; # java/lang/invoke/LambdaForm$DMH+0x000001b933109000
instanceKlass java/util/BitSet
# instanceKlass java/lang/invoke/LambdaForm$DMH+0x000001b933108c00
instanceKlass jdk/internal/io/JdkConsole
instanceKlass  @bci java/io/Console lambda$instantiateConsole$3 (Z)Ljava/io/Console; 30 <appendix> member <vmtarget> ; # java/io/Console$$Lambda+0x000001b9330ecc58
instanceKlass  @bci java/io/Console lambda$instantiateConsole$3 (Z)Ljava/io/Console; 19 <appendix> argL0 ; # java/io/Console$$Lambda+0x000001b9330eca28
instanceKlass org/springframework/util/MimeType
instanceKlass java/util/ServiceLoader$ProviderSpliterator
instanceKlass java/util/ServiceLoader$LayerLookupIterator
instanceKlass jdk/internal/io/JdkConsoleProvider
instanceKlass  @bci java/io/Console instantiateConsole (Z)Ljava/io/Console; 1 <appendix> member <vmtarget> ; # java/io/Console$$Lambda+0x000001b9330ec158
instanceKlass  @cpi java/io/Console 240 form vmentry <vmtarget> ; # java/lang/invoke/LambdaForm$DMH+0x000001b933108800
instanceKlass java/io/Console
instanceKlass org/springframework/boot/SpringBootVersion
instanceKlass org/springframework/http/HttpOutputMessage
instanceKlass org/springframework/http/HttpMessage
instanceKlass org/springframework/http/converter/FormHttpMessageConverter
instanceKlass org/springframework/http/converter/HttpMessageConverter
instanceKlass org/springframework/core/io/ContextResource
instanceKlass org/springframework/boot/autoconfigure/BackgroundPreinitializer$MessageConverterInitializer
instanceKlass org/springframework/boot/SpringApplicationBannerPrinter$Banners
instanceKlass org/springframework/boot/SpringBootBanner
instanceKlass org/springframework/boot/Banner
instanceKlass org/springframework/boot/SpringApplicationBannerPrinter
instanceKlass org/springframework/boot/autoconfigure/BackgroundPreinitializer$ValidationInitializer
instanceKlass org/springframework/boot/EnvironmentConverter
instanceKlass  @bci org/springframework/boot/context/properties/bind/Bindable withExistingValue (Ljava/lang/Object;)Lorg/springframework/boot/context/properties/bind/Bindable; 47 <appendix> member <vmtarget> ; # org/springframework/boot/context/properties/bind/Bindable$$Lambda+0x000001b933105400
instanceKlass  @bci org/springframework/boot/context/properties/bind/Bindable withExistingValue (Ljava/lang/Object;)Lorg/springframework/boot/context/properties/bind/Bindable; 34 <appendix> member <vmtarget> ; # org/springframework/boot/context/properties/bind/Bindable$$Lambda+0x000001b9331051e8
instanceKlass org/springframework/boot/autoconfigure/BackgroundPreinitializer$ConversionServiceInitializer
instanceKlass org/springframework/boot/autoconfigure/BackgroundPreinitializer$1
instanceKlass  @bci org/springframework/boot/context/logging/LoggingApplicationListener setLogLevels (Lorg/springframework/boot/logging/LoggingSystem;Lorg/springframework/core/env/ConfigurableEnvironment;)V 40 <appendix> member <vmtarget> ; # org/springframework/boot/context/logging/LoggingApplicationListener$$Lambda+0x000001b933104b80
instanceKlass  @bci org/springframework/boot/context/logging/LoggingApplicationListener setLogLevels (Lorg/springframework/boot/logging/LoggingSystem;Lorg/springframework/core/env/ConfigurableEnvironment;)V 23 <appendix> argL0 ; # org/springframework/boot/context/logging/LoggingApplicationListener$$Lambda+0x000001b933104970
instanceKlass  @bci org/springframework/boot/context/logging/LoggingApplicationListener getLogLevelConfigurer (Lorg/springframework/boot/logging/LoggingSystem;)Ljava/util/function/BiConsumer; 2 <appendix> member <vmtarget> ; # org/springframework/boot/context/logging/LoggingApplicationListener$$Lambda+0x000001b933104748
instanceKlass  @cpi org/springframework/boot/autoconfigure/web/embedded/TomcatWebServerFactoryCustomizer 409 form vmentry <vmtarget> ; # java/lang/invoke/LambdaForm$DMH+0x000001b933108400
instanceKlass  @bci org/springframework/boot/context/logging/LoggingApplicationListener bindLoggerGroups (Lorg/springframework/core/env/ConfigurableEnvironment;)V 31 <appendix> member <vmtarget> ; # org/springframework/boot/context/logging/LoggingApplicationListener$$Lambda+0x000001b933104520
instanceKlass  @cpi com/mysql/cj/protocol/a/authentication/AuthenticationLdapSaslClientPlugin 205 form vmentry <vmtarget> ; # java/lang/invoke/LambdaForm$DMH+0x000001b933108000
instanceKlass ch/qos/logback/classic/pattern/TargetLengthBasedClassNameAbbreviator
instanceKlass ch/qos/logback/core/pattern/ConverterUtil
instanceKlass ch/qos/logback/classic/pattern/Abbreviator
instanceKlass ch/qos/logback/core/pattern/FormatInfo
instanceKlass ch/qos/logback/core/pattern/util/AsIsEscapeUtil
instanceKlass ch/qos/logback/core/pattern/parser/OptionTokenizer
instanceKlass ch/qos/logback/core/pattern/parser/TokenStream$1
instanceKlass ch/qos/logback/core/pattern/util/RestrictedEscapeUtil
instanceKlass ch/qos/logback/core/pattern/parser/TokenStream
instanceKlass ch/qos/logback/core/pattern/util/RegularEscapeUtil
instanceKlass ch/qos/logback/classic/pattern/EnsureExceptionHandling
instanceKlass ch/qos/logback/core/pattern/parser/Token
instanceKlass ch/qos/logback/core/pattern/parser/Node
instanceKlass ch/qos/logback/core/pattern/util/IEscapeUtil
instanceKlass ch/qos/logback/core/pattern/PostCompileProcessor
instanceKlass jdk/internal/logger/DefaultLoggerFinder$1
instanceKlass java/util/logging/Logger$SystemLoggerHelper$1
instanceKlass java/util/logging/Logger$SystemLoggerHelper
instanceKlass ch/qos/logback/classic/jul/JULHelper
instanceKlass java/util/Vector$Itr
instanceKlass ch/qos/logback/core/subst/NodeToStringTransformer$1
instanceKlass ch/qos/logback/core/CoreConstants
instanceKlass ch/qos/logback/core/subst/Node
instanceKlass ch/qos/logback/core/subst/Parser$1
instanceKlass ch/qos/logback/core/subst/Parser
instanceKlass ch/qos/logback/core/subst/Token
instanceKlass ch/qos/logback/core/subst/Tokenizer$1
instanceKlass ch/qos/logback/core/subst/Tokenizer
instanceKlass ch/qos/logback/core/subst/NodeToStringTransformer
instanceKlass ch/qos/logback/core/rolling/RollingPolicy
instanceKlass org/springframework/boot/logging/logback/DefaultLogbackConfiguration
instanceKlass  @bci org/springframework/boot/logging/logback/LogbackLoggingSystem loadDefaults (Lorg/springframework/boot/logging/LoggingInitializationContext;Lorg/springframework/boot/logging/LogFile;)V 51 <appendix> member <vmtarget> ; # org/springframework/boot/logging/logback/LogbackLoggingSystem$$Lambda+0x000001b9330cf280
instanceKlass  @cpi org/springframework/boot/context/properties/source/MapConfigurationPropertySource 107 form vmentry <vmtarget> ; # java/lang/invoke/LambdaForm$DMH+0x000001b9330d4800
instanceKlass ch/qos/logback/core/LifeCycleManager
instanceKlass org/springframework/boot/logging/LoggingInitializationContext
instanceKlass org/springframework/boot/logging/LoggerGroup
instanceKlass  @bci org/springframework/boot/logging/LoggerGroups putAll (Ljava/util/Map;)V 2 <appendix> member <vmtarget> ; # org/springframework/boot/logging/LoggerGroups$$Lambda+0x000001b9330ce6d8
instanceKlass org/springframework/boot/logging/LoggerGroups
instanceKlass org/springframework/boot/logging/LogFile
instanceKlass  @bci sun/management/VMManagementImpl getVmId ()Ljava/lang/String; 21 <appendix> form vmentry <vmtarget> ; # java/lang/invoke/LambdaForm$MH+0x000001b9330d4400
# instanceKlass java/lang/invoke/LambdaForm$MH+0x000001b9330d4000
instanceKlass  @bci sun/management/VMManagementImpl getVmId ()Ljava/lang/String; 21 <appendix> argL3 form vmentry <vmtarget> ; # java/lang/invoke/LambdaForm$MH+0x000001b9330d3c00
instanceKlass java/lang/invoke/MethodHandles$1
# instanceKlass java/lang/invoke/LambdaForm$MH+0x000001b9330d3800
# instanceKlass java/lang/invoke/LambdaForm$MH+0x000001b9330d3400
# instanceKlass java/lang/invoke/LambdaForm$MH+0x000001b9330d3000
# instanceKlass java/lang/invoke/LambdaForm$MH+0x000001b9330d2c00
instanceKlass  @bci sun/management/VMManagementImpl getVmId ()Ljava/lang/String; 21 <appendix> argL1 form vmentry <vmtarget> ; # java/lang/invoke/LambdaForm$MH+0x000001b9330d2800
instanceKlass  @bci javax/xml/xpath/XPathFactoryFinder _newFactory (Ljava/lang/String;)Ljavax/xml/xpath/XPathFactory; 9 <appendix> argL1 argL0 form vmentry <vmtarget> ; # java/lang/invoke/LambdaForm$MH+0x000001b9330d2400
# instanceKlass java/lang/invoke/LambdaForm$MH+0x000001b9330d2000
instanceKlass  @bci sun/management/VMManagementImpl getVmId ()Ljava/lang/String; 21 <appendix> argL1 argL0 form vmentry <vmtarget> ; # java/lang/invoke/LambdaForm$MH+0x000001b9330d1c00
# instanceKlass java/lang/invoke/LambdaForm$MH+0x000001b9330d1800
# instanceKlass java/lang/invoke/LambdaForm$MH+0x000001b9330d1400
# instanceKlass java/lang/invoke/LambdaForm$MH+0x000001b9330d1000
instanceKlass java/net/InetAddress$CachedLocalHost
instanceKlass java/util/concurrent/atomic/Striped64$1
instanceKlass jdk/internal/util/random/RandomSupport
instanceKlass java/net/InetAddress$CachedLookup
instanceKlass sun/net/InetAddressCachePolicy$1
instanceKlass sun/net/InetAddressCachePolicy
instanceKlass  @bci java/net/InetAddress getAddressesFromNameService (Ljava/lang/String;)[Ljava/net/InetAddress; 94 <appendix> argL0 ; # java/net/InetAddress$$Lambda+0x000001b9330ea940
instanceKlass java/net/Inet6Address$Inet6AddressHolder
instanceKlass  @bci java/net/InetAddress loadResolver ()Ljava/net/spi/InetAddressResolver; 8 <appendix> argL0 ; # java/net/InetAddress$$Lambda+0x000001b9330ea528
instanceKlass java/net/spi/InetAddressResolverProvider
instanceKlass java/net/InetAddress$NameServiceAddresses
instanceKlass java/net/InetAddress$Addresses
instanceKlass java/util/concurrent/ConcurrentSkipListMap$Iter
instanceKlass java/net/InetAddress$PlatformResolver
instanceKlass java/net/spi/InetAddressResolver
instanceKlass java/net/spi/InetAddressResolver$LookupPolicy
instanceKlass java/net/Inet4AddressImpl
instanceKlass java/net/Inet6AddressImpl
instanceKlass java/net/InetAddressImpl
instanceKlass java/util/concurrent/ConcurrentSkipListMap$Node
instanceKlass java/util/concurrent/ConcurrentSkipListMap$Index
instanceKlass java/util/concurrent/ConcurrentNavigableMap
instanceKlass java/net/InetAddress$InetAddressHolder
instanceKlass java/net/InetAddress$1
instanceKlass jdk/internal/access/JavaNetInetAddressAccess
instanceKlass  @bci sun/management/spi/PlatformMBeanProvider$PlatformComponent getMBeans (Ljava/lang/Class;)Ljava/util/List; 63 <appendix> member <vmtarget> ; # sun/management/spi/PlatformMBeanProvider$PlatformComponent$$Lambda+0x000001b9330e90b0
instanceKlass  @bci sun/management/spi/PlatformMBeanProvider$PlatformComponent getMBeans (Ljava/lang/Class;)Ljava/util/List; 47 <appendix> member <vmtarget> ; # sun/management/spi/PlatformMBeanProvider$PlatformComponent$$Lambda+0x000001b9330e8e68
instanceKlass java/util/Collections$2
instanceKlass sun/management/RuntimeImpl
instanceKlass java/util/stream/ReduceOps$2ReducingSink
instanceKlass  @bci java/lang/management/ManagementFactory$PlatformMBeanFinder findSingleton (Ljava/lang/Class;)Lsun/management/spi/PlatformMBeanProvider$PlatformComponent; 30 <appendix> member <vmtarget> ; # java/lang/management/ManagementFactory$PlatformMBeanFinder$$Lambda+0x000001b9330e80c8
instanceKlass  @bci java/lang/management/ManagementFactory$PlatformMBeanFinder findSingleton (Ljava/lang/Class;)Lsun/management/spi/PlatformMBeanProvider$PlatformComponent; 19 <appendix> member <vmtarget> ; # java/lang/management/ManagementFactory$PlatformMBeanFinder$$Lambda+0x000001b9330e7e80
instanceKlass java/util/HashMap$HashMapSpliterator
instanceKlass jdk/management/jfr/internal/FlightRecorderMXBeanProvider$SingleMBeanComponent
instanceKlass jdk/management/jfr/FlightRecorderMXBean
instanceKlass java/lang/management/DefaultPlatformMBeanProvider$11
instanceKlass java/lang/management/DefaultPlatformMBeanProvider$10
instanceKlass java/lang/management/DefaultPlatformMBeanProvider$9
instanceKlass sun/management/ManagementFactoryHelper$LoggingMXBeanAccess$1
instanceKlass sun/management/ManagementFactoryHelper$LoggingMXBeanAccess
instanceKlass java/lang/management/DefaultPlatformMBeanProvider$8
instanceKlass java/lang/management/DefaultPlatformMBeanProvider$7
instanceKlass java/lang/management/DefaultPlatformMBeanProvider$6
instanceKlass java/lang/management/DefaultPlatformMBeanProvider$5
instanceKlass java/lang/management/DefaultPlatformMBeanProvider$4
instanceKlass java/lang/management/DefaultPlatformMBeanProvider$3
instanceKlass java/lang/management/DefaultPlatformMBeanProvider$2
instanceKlass java/lang/management/DefaultPlatformMBeanProvider$1
instanceKlass com/sun/management/internal/PlatformMBeanProviderImpl$5
instanceKlass sun/management/VMManagementImpl
instanceKlass sun/management/VMManagement
instanceKlass sun/management/ManagementFactoryHelper
instanceKlass sun/management/NotificationEmitterSupport
instanceKlass javax/management/NotificationEmitter
instanceKlass javax/management/NotificationBroadcaster
instanceKlass com/sun/management/DiagnosticCommandMBean
instanceKlass javax/management/DynamicMBean
instanceKlass com/sun/management/internal/PlatformMBeanProviderImpl$4
instanceKlass com/sun/management/internal/PlatformMBeanProviderImpl$3
instanceKlass com/sun/management/internal/PlatformMBeanProviderImpl$2
instanceKlass  @bci java/util/stream/Collectors toSet ()Ljava/util/stream/Collector; 14 <appendix> argL0 ; # java/util/stream/Collectors$$Lambda+0x800000041
instanceKlass  @bci java/util/stream/Collectors toSet ()Ljava/util/stream/Collector; 9 <appendix> argL0 ; # java/util/stream/Collectors$$Lambda+0x80000003a
instanceKlass  @bci java/util/stream/Collectors toSet ()Ljava/util/stream/Collector; 4 <appendix> argL0 ; # java/util/stream/Collectors$$Lambda+0x800000046
instanceKlass com/sun/management/internal/PlatformMBeanProviderImpl$1
instanceKlass sun/management/spi/PlatformMBeanProvider$PlatformComponent
instanceKlass  @bci com/sun/management/internal/PlatformMBeanProviderImpl <clinit> ()V 8 <appendix> argL0 ; # com/sun/management/internal/PlatformMBeanProviderImpl$$Lambda+0x000001b9330e3178
instanceKlass java/util/concurrent/Callable
instanceKlass sun/management/spi/PlatformMBeanProvider
instanceKlass java/lang/management/ManagementFactory$PlatformMBeanFinder$1
instanceKlass java/lang/management/ManagementFactory$PlatformMBeanFinder
instanceKlass java/lang/management/RuntimeMXBean
instanceKlass java/lang/management/PlatformManagedObject
instanceKlass  @bci java/lang/management/ManagementFactory loadNativeLib ()V 0 <appendix> argL0 ; # java/lang/management/ManagementFactory$$Lambda+0x000001b9330e1f78
instanceKlass java/lang/management/ManagementFactory
instanceKlass org/springframework/boot/system/ApplicationPid
instanceKlass  @bci org/springframework/boot/logging/LoggingSystemProperties <clinit> ()V 0 <appendix> argL0 ; # org/springframework/boot/logging/LoggingSystemProperties$$Lambda+0x000001b9330cde68
instanceKlass  @cpi org/springframework/boot/logging/LoggingSystemProperties 192 form vmentry <vmtarget> ; # java/lang/invoke/LambdaForm$DMH+0x000001b9330d0c00
instanceKlass org/springframework/boot/ansi/AnsiElement
instanceKlass  @bci org/springframework/boot/context/config/AnsiOutputApplicationListener onApplicationEvent (Lorg/springframework/boot/context/event/ApplicationEnvironmentPreparedEvent;)V 16 <appendix> argL0 ; # org/springframework/boot/context/config/AnsiOutputApplicationListener$$Lambda+0x000001b9330cd250
instanceKlass  @cpi com/mysql/cj/protocol/ExportControlled 639 form vmentry <vmtarget> ; # java/lang/invoke/LambdaForm$DMH+0x000001b9330d0800
instanceKlass  @cpi sun/nio/ch/NioSocketImpl 908 form vmentry <vmtarget> ; # java/lang/invoke/LambdaForm$DMH+0x000001b9330d0400
instanceKlass org/springframework/boot/ansi/AnsiOutput
instanceKlass  @bci org/springframework/boot/context/config/InvalidConfigDataPropertyException throwOrWarn (Lorg/apache/commons/logging/Log;Lorg/springframework/boot/context/config/ConfigDataEnvironmentContributor;)V 47 <appendix> member <vmtarget> ; # org/springframework/boot/context/config/InvalidConfigDataPropertyException$$Lambda+0x000001b9330ccbf8
instanceKlass  @bci org/springframework/boot/context/config/InvalidConfigDataPropertyException throwOrWarn (Lorg/apache/commons/logging/Log;Lorg/springframework/boot/context/config/ConfigDataEnvironmentContributor;)V 15 <appendix> member <vmtarget> ; # org/springframework/boot/context/config/InvalidConfigDataPropertyException$$Lambda+0x000001b9330cc9d0
instanceKlass  @bci java/util/stream/MatchOps makeRef (Ljava/util/function/Predicate;Ljava/util/stream/MatchOps$MatchKind;)Ljava/util/stream/TerminalOp; 20 <appendix> member <vmtarget> ; # java/util/stream/MatchOps$$Lambda+0x000001b9330e1498
instanceKlass  @bci org/springframework/boot/context/config/ConfigDataEnvironmentContributor hasAnyProfileSpecificChildren (Ljava/util/List;)Z 73 <appendix> argL0 ; # org/springframework/boot/context/config/ConfigDataEnvironmentContributor$$Lambda+0x000001b9330cc790
instanceKlass  @bci org/springframework/boot/context/config/ConfigDataLocationResolvers resolve (Lorg/springframework/boot/context/config/ConfigDataLocationResolver;Lorg/springframework/boot/context/config/ConfigDataLocationResolverContext;Lorg/springframework/boot/context/config/ConfigDataLocation;Lorg/springframework/boot/context/config/Profiles;Z)Ljava/util/List; 37 <appendix> member <vmtarget> ; # org/springframework/boot/context/config/ConfigDataLocationResolvers$$Lambda+0x000001b9330cc578
instanceKlass  @bci org/springframework/boot/context/config/Profiles expandProfiles (Ljava/util/List;)Ljava/util/List; 92 <appendix> member <vmtarget> ; # org/springframework/boot/context/config/Profiles$$Lambda+0x000001b9330cc350
instanceKlass  @bci org/springframework/boot/context/config/Profiles expandProfiles (Ljava/util/List;)Ljava/util/List; 19 <appendix> member <vmtarget> ; # org/springframework/boot/context/config/Profiles$$Lambda+0x000001b9330cc128
instanceKlass  @cpi org/springframework/boot/autoconfigure/web/embedded/TomcatWebServerFactoryCustomizer 384 form vmentry <vmtarget> ; # java/lang/invoke/LambdaForm$DMH+0x000001b9330d0000
instanceKlass  @bci org/springframework/boot/convert/DelimitedStringToCollectionConverter convert (Ljava/lang/String;Lorg/springframework/core/convert/TypeDescriptor;Lorg/springframework/core/convert/TypeDescriptor;)Ljava/lang/Object; 102 <appendix> member <vmtarget> ; # org/springframework/boot/convert/DelimitedStringToCollectionConverter$$Lambda+0x000001b9330cbf00
instanceKlass  @bci org/springframework/boot/convert/DelimitedStringToCollectionConverter convert (Ljava/lang/String;Lorg/springframework/core/convert/TypeDescriptor;Lorg/springframework/core/convert/TypeDescriptor;)Ljava/lang/Object; 81 <appendix> member <vmtarget> ; # org/springframework/boot/convert/DelimitedStringToCollectionConverter$$Lambda+0x000001b9330cbcc8
instanceKlass  @bci org/springframework/boot/convert/DelimitedStringToCollectionConverter convert (Ljava/lang/String;Lorg/springframework/core/convert/TypeDescriptor;Lorg/springframework/core/convert/TypeDescriptor;)Ljava/lang/Object; 58 <appendix> argL0 ; # org/springframework/boot/convert/DelimitedStringToCollectionConverter$$Lambda+0x000001b9330cba98
instanceKlass org/springframework/boot/convert/Delimiter
instanceKlass org/springframework/core/convert/support/ConversionUtils
instanceKlass org/springframework/util/AntPathMatcher$PathSeparatorPatternCache
instanceKlass  @bci java/util/regex/Pattern negate (Ljava/util/regex/Pattern$CharPredicate;)Ljava/util/regex/Pattern$CharPredicate; 1 <appendix> member <vmtarget> ; # java/util/regex/Pattern$$Lambda+0x800000032
instanceKlass org/springframework/util/AntPathMatcher
instanceKlass org/springframework/util/PathMatcher
instanceKlass org/springframework/core/io/support/PathMatchingResourcePatternResolver
instanceKlass org/xml/sax/InputSource
instanceKlass java/util/concurrent/ConcurrentLinkedDeque$AbstractItr
instanceKlass org/springframework/core/convert/support/GenericConversionService$ConverterCacheKey
instanceKlass  @bci org/springframework/boot/context/config/ConfigDataEnvironmentContributorPlaceholdersResolver resolvePlaceholders (Ljava/lang/Object;)Ljava/lang/Object; 16 <appendix> member <vmtarget> ; # org/springframework/boot/context/config/ConfigDataEnvironmentContributorPlaceholdersResolver$$Lambda+0x000001b9330c61f0
instanceKlass org/springframework/util/PropertyPlaceholderHelper$PlaceholderResolver
instanceKlass org/springframework/boot/context/properties/source/ConfigurationProperty
instanceKlass org/springframework/boot/origin/PropertySourceOrigin
instanceKlass  @bci org/springframework/boot/context/config/Profiles$Type <clinit> ()V 33 <appendix> argL0 ; # org/springframework/boot/context/config/Profiles$Type$$Lambda+0x000001b9330c3688
instanceKlass  @bci org/springframework/boot/context/config/Profiles$Type <clinit> ()V 9 <appendix> argL0 ; # org/springframework/boot/context/config/Profiles$Type$$Lambda+0x000001b9330c3458
instanceKlass  @bci org/springframework/boot/context/config/Profiles <init> (Lorg/springframework/core/env/Environment;Lorg/springframework/boot/context/properties/bind/Binder;Ljava/util/Collection;)V 14 <appendix> argL0 ; # org/springframework/boot/context/config/Profiles$$Lambda+0x000001b9330c3008
instanceKlass org/springframework/boot/context/properties/bind/MapBinder$EntryBinder
instanceKlass  @bci org/springframework/boot/context/properties/bind/MapBinder bindAggregate (Lorg/springframework/boot/context/properties/source/ConfigurationPropertyName;Lorg/springframework/boot/context/properties/bind/Bindable;Lorg/springframework/boot/context/properties/bind/AggregateElementBinder;)Ljava/lang/Object; 132 <appendix> member <vmtarget> ; # org/springframework/boot/context/properties/bind/MapBinder$$Lambda+0x000001b9330c2bb8
instanceKlass org/springframework/core/CollectionFactory
instanceKlass  @bci org/springframework/boot/context/config/ConfigDataEnvironment getIncludedProfiles (Lorg/springframework/boot/context/config/ConfigDataEnvironmentContributors;Lorg/springframework/boot/context/config/ConfigDataActivationContext;)Ljava/util/Collection; 102 <appendix> member <vmtarget> ; # org/springframework/boot/context/config/ConfigDataEnvironment$$Lambda+0x000001b9330c1ef8
instanceKlass  @bci org/springframework/boot/context/properties/bind/CollectionBinder bindAggregate (Lorg/springframework/boot/context/properties/source/ConfigurationPropertyName;Lorg/springframework/boot/context/properties/bind/Bindable;Lorg/springframework/boot/context/properties/bind/AggregateElementBinder;)Ljava/lang/Object; 63 <appendix> member <vmtarget> ; # org/springframework/boot/context/properties/bind/CollectionBinder$$Lambda+0x000001b9330c1ce0
instanceKlass org/springframework/boot/context/config/Profiles
instanceKlass  @bci org/springframework/boot/context/config/ConfigDataEnvironment withProfiles (Lorg/springframework/boot/context/config/ConfigDataEnvironmentContributors;Lorg/springframework/boot/context/config/ConfigDataActivationContext;)Lorg/springframework/boot/context/config/ConfigDataActivationContext; 13 <appendix> argL0 ; # org/springframework/boot/context/config/ConfigDataEnvironment$$Lambda+0x000001b9330c1840
instanceKlass  @bci org/springframework/boot/context/config/ConfigDataEnvironmentContributors getBinderSources (Lorg/springframework/boot/context/config/ConfigDataActivationContext;Ljava/util/function/Predicate;)Ljava/util/Iterator; 24 <appendix> argL0 ; # org/springframework/boot/context/config/ConfigDataEnvironmentContributors$$Lambda+0x000001b9330c1610
instanceKlass  @bci org/springframework/boot/context/config/ConfigDataEnvironmentContributors getBinderSources (Lorg/springframework/boot/context/config/ConfigDataActivationContext;Ljava/util/function/Predicate;)Ljava/util/Iterator; 8 <appendix> member <vmtarget> ; # org/springframework/boot/context/config/ConfigDataEnvironmentContributors$$Lambda+0x000001b9330c13c8
instanceKlass  @bci java/util/function/Predicate and (Ljava/util/function/Predicate;)Ljava/util/function/Predicate; 7 <appendix> member <vmtarget> ; # java/util/function/Predicate$$Lambda+0x000001b9330e01e8
instanceKlass  @cpi org/springframework/util/ReflectionUtils$MethodFilter 34 form vmentry <vmtarget> ; # java/lang/invoke/LambdaForm$DMH+0x000001b9330c5800
instanceKlass  @bci org/springframework/boot/context/config/ConfigDataEnvironmentContributors lambda$getBinder$4 (Lorg/springframework/boot/context/config/ConfigDataActivationContext;Ljava/util/function/Predicate;Z)Ljava/util/Iterator; 5 <appendix> form vmentry <vmtarget> ; # java/lang/invoke/LambdaForm$DMH+0x000001b9330c5400
instanceKlass  @bci org/springframework/boot/context/config/ConfigDataEnvironmentContributors lambda$getBinder$4 (Lorg/springframework/boot/context/config/ConfigDataActivationContext;Ljava/util/function/Predicate;Z)Ljava/util/Iterator; 5 <appendix> member <vmtarget> ; # org/springframework/boot/context/config/ConfigDataEnvironmentContributors$$Lambda+0x000001b9330c1180
instanceKlass  @cpi org/springframework/boot/context/config/ConfigDataEnvironmentContributors 380 form vmentry <vmtarget> ; # java/lang/invoke/LambdaForm$DMH+0x000001b9330c5000
instanceKlass org/springframework/boot/context/config/ConfigDataEnvironmentContributors$InactiveSourceChecker
instanceKlass  @bci org/springframework/boot/context/config/ConfigDataEnvironmentContributors getBinder (Lorg/springframework/boot/context/config/ConfigDataActivationContext;Ljava/util/function/Predicate;Ljava/util/Set;)Lorg/springframework/boot/context/properties/bind/Binder; 16 <adapter> ; # java/lang/invoke/LambdaForm$MH+0x000001b9330c4c00
# instanceKlass java/lang/invoke/LambdaForm$DMH+0x000001b9330c4800
instanceKlass  @bci org/springframework/boot/context/config/ConfigDataEnvironmentContributors getBinder (Lorg/springframework/boot/context/config/ConfigDataActivationContext;Ljava/util/function/Predicate;Ljava/util/Set;)Lorg/springframework/boot/context/properties/bind/Binder; 16 <appendix> form vmentry <vmtarget> ; # java/lang/invoke/LambdaForm$DMH+0x000001b9330c4400
instanceKlass  @bci org/springframework/boot/context/config/ConfigDataEnvironmentContributors getBinder (Lorg/springframework/boot/context/config/ConfigDataActivationContext;Ljava/util/function/Predicate;Ljava/util/Set;)Lorg/springframework/boot/context/properties/bind/Binder; 16 <appendix> member <vmtarget> ; # org/springframework/boot/context/config/ConfigDataEnvironmentContributors$$Lambda+0x000001b9330c0ce8
instanceKlass  @cpi org/springframework/boot/context/config/ConfigDataEnvironmentContributors 369 form vmentry <vmtarget> ; # java/lang/invoke/LambdaForm$DMH+0x000001b9330c4000
instanceKlass org/springframework/boot/context/properties/bind/DefaultValue
instanceKlass org/springframework/boot/context/properties/bind/DataObjectPropertyName
instanceKlass org/springframework/boot/context/properties/bind/ValueObjectBinder$ConstructorParameter
instanceKlass org/springframework/core/SerializableTypeWrapper$MethodInvokeTypeProvider
instanceKlass  @bci java/lang/reflect/Proxy getProxyConstructor (Ljava/lang/Class;Ljava/lang/ClassLoader;[Ljava/lang/Class;)Ljava/lang/reflect/Constructor; 80 <appendix> argL0 ; # java/lang/reflect/Proxy$$Lambda+0x000001b93307fbc8
instanceKlass org/springframework/core/SerializableTypeWrapper$TypeProxyInvocationHandler
instanceKlass sun/reflect/generics/tree/MethodTypeSignature
instanceKlass sun/reflect/generics/tree/VoidDescriptor
instanceKlass org/springframework/core/SerializableTypeWrapper$MethodParameterTypeProvider
instanceKlass  @bci org/springframework/core/MethodParameter validateIndex (Ljava/lang/reflect/Executable;I)I 21 <appendix> member <vmtarget> ; # org/springframework/core/MethodParameter$$Lambda+0x000001b9330bcc00
instanceKlass org/springframework/core/MethodParameter
instanceKlass  @cpi java/util/ResourceBundle$ResourceBundleControlProviderHolder 125 form vmentry <vmtarget> ; # java/lang/invoke/LambdaForm$DMH+0x000001b9330bc800
instanceKlass org/springframework/boot/context/properties/bind/Name
instanceKlass  @bci org/springframework/boot/context/properties/bind/ValueObjectBinder$DefaultValueObject parseConstructorParameters (Ljava/lang/reflect/Constructor;Lorg/springframework/core/ResolvableType;)Ljava/util/List; 20 <appendix> member <vmtarget> ; # org/springframework/boot/context/properties/bind/ValueObjectBinder$DefaultValueObject$$Lambda+0x000001b9330bd678
instanceKlass org/springframework/boot/context/config/ConfigDataProperties$Activate
instanceKlass org/springframework/boot/context/properties/bind/AbstractBindHandler
instanceKlass org/springframework/boot/context/config/ConfigDataProperties$LegacyProfilesBindHandler
instanceKlass org/springframework/boot/context/config/ConfigDataEnvironmentContributorPlaceholdersResolver
instanceKlass  @bci org/springframework/boot/env/PropertiesPropertySourceLoader loadProperties (Lorg/springframework/core/io/Resource;)Ljava/util/List; 58 <appendix> member <vmtarget> ; # org/springframework/boot/env/PropertiesPropertySourceLoader$$Lambda+0x000001b9330bf358
instanceKlass  @bci org/springframework/boot/env/OriginTrackedPropertiesLoader isNewDocument (Lorg/springframework/boot/env/OriginTrackedPropertiesLoader$CharacterReader;)Z 44 <appendix> member <vmtarget> ; # org/springframework/boot/env/OriginTrackedPropertiesLoader$$Lambda+0x000001b9330bf140
instanceKlass  @cpi org/springframework/boot/context/properties/PropertyMapper$Source 148 form vmentry <vmtarget> ; # java/lang/invoke/LambdaForm$DMH+0x000001b9330bc400
instanceKlass org/springframework/boot/origin/OriginTrackedValue
instanceKlass org/springframework/boot/origin/TextResourceOrigin
instanceKlass org/springframework/boot/origin/TextResourceOrigin$Location
instanceKlass org/springframework/boot/env/OriginTrackedPropertiesLoader$CharacterReader
instanceKlass org/springframework/boot/env/OriginTrackedPropertiesLoader$Document
instanceKlass org/springframework/boot/env/OriginTrackedPropertiesLoader
instanceKlass java/util/Formatter$Flags
instanceKlass java/util/Formattable
instanceKlass java/util/Formatter$FormatSpecifier
instanceKlass java/util/Formatter$Conversion
instanceKlass java/util/Formatter$FixedString
instanceKlass java/util/Formatter$FormatString
instanceKlass  @bci java/util/regex/CharPredicates ASCII_DIGIT ()Ljava/util/regex/Pattern$BmpCharPredicate; 0 <appendix> argL0 ; # java/util/regex/CharPredicates$$Lambda+0x800000026
instanceKlass java/util/Formatter
instanceKlass org/springframework/boot/origin/OriginTrackedResource
instanceKlass  @bci org/springframework/boot/context/config/ConfigDataEnvironmentContributor withReplacement (Lorg/springframework/boot/context/config/ConfigDataEnvironmentContributor;Lorg/springframework/boot/context/config/ConfigDataEnvironmentContributor;)Lorg/springframework/boot/context/config/ConfigDataEnvironmentContributor; 31 <appendix> member <vmtarget> ; # org/springframework/boot/context/config/ConfigDataEnvironmentContributor$$Lambda+0x000001b9330bb348
instanceKlass  @bci org/springframework/boot/context/config/ConfigDataEnvironmentContributors asContributors (Ljava/util/Map;)Ljava/util/List; 18 <appendix> member <vmtarget> ; # org/springframework/boot/context/config/ConfigDataEnvironmentContributors$$Lambda+0x000001b9330bb120
instanceKlass  @bci org/springframework/boot/context/config/ConfigDataEnvironmentContributors withProcessedImports (Lorg/springframework/boot/context/config/ConfigDataImporter;Lorg/springframework/boot/context/config/ConfigDataActivationContext;)Lorg/springframework/boot/context/config/ConfigDataEnvironmentContributors; 248 <appendix> member <vmtarget> ; # org/springframework/boot/context/config/ConfigDataEnvironmentContributors$$Lambda+0x000001b9330baf08
instanceKlass org/springframework/boot/context/config/ConfigData
instanceKlass  @bci org/springframework/boot/context/config/ConfigDataLoaders load (Lorg/springframework/boot/context/config/ConfigDataLoaderContext;Lorg/springframework/boot/context/config/ConfigDataResource;)Lorg/springframework/boot/context/config/ConfigData; 13 <appendix> member <vmtarget> ; # org/springframework/boot/context/config/ConfigDataLoaders$$Lambda+0x000001b9330baaf0
instanceKlass  @bci org/springframework/boot/context/config/ConfigDataLoaders getLoader (Lorg/springframework/boot/context/config/ConfigDataLoaderContext;Lorg/springframework/boot/context/config/ConfigDataResource;)Lorg/springframework/boot/context/config/ConfigDataLoader; 158 <appendix> member <vmtarget> ; # org/springframework/boot/context/config/ConfigDataLoaders$$Lambda+0x000001b9330ba8d8
instanceKlass org/springframework/boot/context/config/ConfigDataResolutionResult
instanceKlass  @bci java/util/stream/Collectors toCollection (Ljava/util/function/Supplier;)Ljava/util/stream/Collector; 10 <appendix> argL0 ; # java/util/stream/Collectors$$Lambda+0x000001b93307e380
instanceKlass  @bci java/util/stream/Collectors toCollection (Ljava/util/function/Supplier;)Ljava/util/stream/Collector; 5 <appendix> argL0 ; # java/util/stream/Collectors$$Lambda+0x000001b93307e160
instanceKlass  @bci org/springframework/boot/context/config/StandardConfigDataLocationResolver resolvePatternEmptyDirectories (Lorg/springframework/boot/context/config/StandardConfigDataReference;)Ljava/util/Set; 86 <appendix> argL0 ; # org/springframework/boot/context/config/StandardConfigDataLocationResolver$$Lambda+0x000001b9330ba4b0
instanceKlass  @bci org/springframework/boot/context/config/StandardConfigDataLocationResolver resolvePatternEmptyDirectories (Lorg/springframework/boot/context/config/StandardConfigDataReference;)Ljava/util/Set; 76 <appendix> member <vmtarget> ; # org/springframework/boot/context/config/StandardConfigDataLocationResolver$$Lambda+0x000001b9330ba278
instanceKlass  @bci org/springframework/boot/context/config/StandardConfigDataLocationResolver resolvePatternEmptyDirectories (Lorg/springframework/boot/context/config/StandardConfigDataReference;)Ljava/util/Set; 65 <appendix> argL0 ; # org/springframework/boot/context/config/StandardConfigDataLocationResolver$$Lambda+0x000001b9330ba038
instanceKlass  @bci org/springframework/boot/context/config/LocationResourceLoader validatePattern (Ljava/lang/String;Lorg/springframework/boot/context/config/LocationResourceLoader$ResourceType;)V 93 <appendix> member <vmtarget> ; # org/springframework/boot/context/config/LocationResourceLoader$$Lambda+0x000001b9330b9ae8
instanceKlass  @bci org/springframework/boot/context/config/LocationResourceLoader validatePattern (Ljava/lang/String;Lorg/springframework/boot/context/config/LocationResourceLoader$ResourceType;)V 53 <appendix> member <vmtarget> ; # org/springframework/boot/context/config/LocationResourceLoader$$Lambda+0x000001b9330b98d0
instanceKlass  @bci org/springframework/boot/context/config/LocationResourceLoader validatePattern (Ljava/lang/String;Lorg/springframework/boot/context/config/LocationResourceLoader$ResourceType;)V 29 <appendix> member <vmtarget> ; # org/springframework/boot/context/config/LocationResourceLoader$$Lambda+0x000001b9330b96b8
instanceKlass  @bci com/zaxxer/hikari/pool/ProxyConnection$ClosedConnection getClosedConnection ()Ljava/sql/Connection; 0 <bsm> form vmentry <vmtarget> ; # java/lang/invoke/LambdaForm$DMH+0x000001b9330bc000
instanceKlass java/lang/invoke/MethodHandle$1
instanceKlass  @bci org/springframework/boot/context/config/LocationResourceLoader validatePattern (Ljava/lang/String;Lorg/springframework/boot/context/config/LocationResourceLoader$ResourceType;)V 6 <appendix> member <vmtarget> ; # org/springframework/boot/context/config/LocationResourceLoader$$Lambda+0x000001b9330b94a0
instanceKlass org/springframework/core/io/WritableResource
instanceKlass  @bci org/springframework/boot/context/config/LocationResourceLoader validateNonPattern (Ljava/lang/String;)V 14 <appendix> member <vmtarget> ; # org/springframework/boot/context/config/LocationResourceLoader$$Lambda+0x000001b9330b88b0
instanceKlass org/springframework/boot/context/config/StandardConfigDataReference
instanceKlass  @bci org/springframework/boot/context/config/ConfigDataLocationResolvers resolve (Lorg/springframework/boot/context/config/ConfigDataLocationResolver;Lorg/springframework/boot/context/config/ConfigDataLocationResolverContext;Lorg/springframework/boot/context/config/ConfigDataLocation;Lorg/springframework/boot/context/config/Profiles;Z)Ljava/util/List; 6 <appendix> member <vmtarget> ; # org/springframework/boot/context/config/ConfigDataLocationResolvers$$Lambda+0x000001b9330b8460
instanceKlass org/springframework/boot/context/config/ConfigDataEnvironmentContributors$ContributorDataLoaderContext
instanceKlass org/springframework/boot/context/config/ConfigDataEnvironmentContributors$ContributorConfigDataLocationResolverContext
instanceKlass org/springframework/boot/context/config/ConfigDataEnvironmentContributor$ContributorIterator
instanceKlass  @bci org/springframework/boot/DefaultBootstrapContext register (Ljava/lang/Class;Lorg/springframework/boot/BootstrapRegistry$InstanceSupplier;Z)V 60 <appendix> member <vmtarget> ; # org/springframework/boot/DefaultBootstrapContext$$Lambda+0x000001b9330b5a88
instanceKlass org/springframework/boot/BootstrapRegistry$InstanceSupplier$1
instanceKlass  @bci org/springframework/boot/BootstrapRegistry$InstanceSupplier from (Ljava/util/function/Supplier;)Lorg/springframework/boot/BootstrapRegistry$InstanceSupplier; 1 <appendix> member <vmtarget> ; # org/springframework/boot/BootstrapRegistry$InstanceSupplier$$Lambda+0x000001b9330b51f0
instanceKlass org/springframework/boot/BootstrapRegistry$InstanceSupplier
instanceKlass  @bci org/springframework/boot/context/config/ConfigDataEnvironment registerBootstrapBinder (Lorg/springframework/boot/context/config/ConfigDataEnvironmentContributors;Lorg/springframework/boot/context/config/ConfigDataActivationContext;[Lorg/springframework/boot/context/config/ConfigDataEnvironmentContributors$BinderOption;)V 9 <appendix> member <vmtarget> ; # org/springframework/boot/context/config/ConfigDataEnvironment$$Lambda+0x000001b9330b7c08
instanceKlass org/springframework/boot/context/config/ConfigDataActivationContext
instanceKlass org/springframework/boot/context/config/ConfigDataImporter
instanceKlass  @bci org/springframework/boot/context/config/ConfigDataEnvironmentContributors <clinit> ()V 0 <appendix> argL0 ; # org/springframework/boot/context/config/ConfigDataEnvironmentContributors$$Lambda+0x000001b9330b6ee8
instanceKlass org/springframework/boot/context/config/ConfigDataLoaderContext
instanceKlass org/springframework/boot/context/config/ConfigDataLocationResolverContext
instanceKlass org/springframework/boot/context/config/ConfigDataEnvironmentContributors
instanceKlass org/springframework/boot/context/config/ConfigDataProperties
instanceKlass org/springframework/boot/context/config/ConfigDataEnvironmentContributor
instanceKlass org/springframework/core/log/LogMessage
instanceKlass org/springframework/boot/context/config/ConfigData$Options
instanceKlass org/springframework/boot/context/config/ConfigData$AlwaysPropertySourceOptions
instanceKlass org/springframework/boot/context/config/ConfigData$PropertySourceOptions
instanceKlass org/springframework/boot/context/config/StandardConfigDataLoader
instanceKlass org/springframework/boot/context/config/ConfigDataResource
instanceKlass org/springframework/boot/context/config/ConfigTreeConfigDataLoader
instanceKlass  @bci org/springframework/boot/context/config/ConfigDataLoaders lambda$new$0 (Lorg/springframework/boot/logging/DeferredLogFactory;Lorg/springframework/boot/ConfigurableBootstrapContext;Lorg/springframework/boot/util/Instantiator$AvailableParameters;)V 9 <appendix> member <vmtarget> ; # org/springframework/boot/context/config/ConfigDataLoaders$$Lambda+0x000001b9330b0eb8
instanceKlass  @bci org/springframework/boot/context/config/ConfigDataLoaders <init> (Lorg/springframework/boot/logging/DeferredLogFactory;Lorg/springframework/boot/ConfigurableBootstrapContext;Ljava/util/List;)V 26 <appendix> member <vmtarget> ; # org/springframework/boot/context/config/ConfigDataLoaders$$Lambda+0x000001b9330b0c90
instanceKlass org/springframework/boot/context/config/ConfigDataLoader
instanceKlass org/springframework/boot/context/config/ConfigDataLoaders
instanceKlass org/springframework/boot/context/config/ConfigDataEnvironmentUpdateListener$1
instanceKlass  @bci org/springframework/boot/context/config/StandardConfigDataLocationResolver validateConfigName (Ljava/lang/String;)V 15 <appendix> member <vmtarget> ; # org/springframework/boot/context/config/StandardConfigDataLocationResolver$$Lambda+0x000001b9330b0458
instanceKlass  @bci org/springframework/boot/context/properties/bind/Binder lambda$bindAggregate$2 (Lorg/springframework/boot/context/properties/bind/AggregateBinder;Lorg/springframework/boot/context/properties/bind/BindHandler;Lorg/springframework/boot/context/properties/bind/Binder$Context;Lorg/springframework/boot/context/properties/source/ConfigurationPropertyName;Lorg/springframework/boot/context/properties/bind/Bindable;Lorg/springframework/boot/context/properties/source/ConfigurationPropertySource;)Ljava/lang/Object; 17 <adapter> ; # java/lang/invoke/LambdaForm$MH+0x000001b9330b4c00
# instanceKlass java/lang/invoke/LambdaForm$DMH+0x000001b9330b4800
instanceKlass  @bci org/springframework/boot/context/properties/bind/Binder lambda$bindAggregate$2 (Lorg/springframework/boot/context/properties/bind/AggregateBinder;Lorg/springframework/boot/context/properties/bind/BindHandler;Lorg/springframework/boot/context/properties/bind/Binder$Context;Lorg/springframework/boot/context/properties/source/ConfigurationPropertyName;Lorg/springframework/boot/context/properties/bind/Bindable;Lorg/springframework/boot/context/properties/source/ConfigurationPropertySource;)Ljava/lang/Object; 17 <appendix> form vmentry <vmtarget> ; # java/lang/invoke/LambdaForm$DMH+0x000001b9330b4400
instanceKlass  @bci org/springframework/boot/context/properties/bind/Binder lambda$bindAggregate$2 (Lorg/springframework/boot/context/properties/bind/AggregateBinder;Lorg/springframework/boot/context/properties/bind/BindHandler;Lorg/springframework/boot/context/properties/bind/Binder$Context;Lorg/springframework/boot/context/properties/source/ConfigurationPropertyName;Lorg/springframework/boot/context/properties/bind/Bindable;Lorg/springframework/boot/context/properties/source/ConfigurationPropertySource;)Ljava/lang/Object; 17 <appendix> member <vmtarget> ; # org/springframework/boot/context/properties/bind/Binder$$Lambda+0x000001b9330b0240
instanceKlass  @cpi org/springframework/boot/context/properties/bind/Binder 465 form vmentry <vmtarget> ; # java/lang/invoke/LambdaForm$DMH+0x000001b9330b4000
instanceKlass  @bci java/util/stream/StreamSpliterators$WrappingSpliterator initPartialTraversalState ()V 37 <appendix> member <vmtarget> ; # java/util/stream/StreamSpliterators$WrappingSpliterator$$Lambda+0x000001b93307dd00
instanceKlass java/util/function/BooleanSupplier
instanceKlass  @bci java/util/stream/StreamSpliterators$WrappingSpliterator initPartialTraversalState ()V 24 <appendix> member <vmtarget> ; # java/util/stream/StreamSpliterators$WrappingSpliterator$$Lambda+0x000001b93307d870
instanceKlass java/util/stream/StreamSpliterators
instanceKlass java/util/stream/AbstractSpinedBuffer
instanceKlass java/util/stream/StreamSpliterators$AbstractWrappingSpliterator
instanceKlass  @bci java/util/stream/AbstractPipeline spliterator ()Ljava/util/Spliterator; 103 <appendix> member <vmtarget> ; # java/util/stream/AbstractPipeline$$Lambda+0x000001b93307ca78
instanceKlass  @bci org/springframework/boot/context/properties/source/SpringIterableConfigurationPropertySource stream ()Ljava/util/stream/Stream; 9 <appendix> argL0 ; # org/springframework/boot/context/properties/source/SpringIterableConfigurationPropertySource$$Lambda+0x000001b9330b0000
instanceKlass org/springframework/boot/context/properties/source/FilteredConfigurationPropertiesSource
instanceKlass  @bci org/springframework/boot/context/properties/bind/IndexedElementsBinder getKnownIndexedChildren (Lorg/springframework/boot/context/properties/source/ConfigurationPropertySource;Lorg/springframework/boot/context/properties/source/ConfigurationPropertyName;)Lorg/springframework/util/MultiValueMap; 24 <appendix> member <vmtarget> ; # org/springframework/boot/context/properties/bind/IndexedElementsBinder$$Lambda+0x000001b9330ad800
instanceKlass  @bci org/springframework/boot/context/properties/bind/ArrayBinder bindAggregate (Lorg/springframework/boot/context/properties/source/ConfigurationPropertyName;Lorg/springframework/boot/context/properties/bind/Bindable;Lorg/springframework/boot/context/properties/bind/AggregateElementBinder;)Ljava/lang/Object; 4 <appendix> argL0 ; # org/springframework/boot/context/properties/bind/ArrayBinder$$Lambda+0x000001b9330afd78
instanceKlass org/springframework/boot/context/properties/bind/AggregateBinder$AggregateSupplier
instanceKlass  @bci org/springframework/boot/context/properties/bind/Binder bindAggregate (Lorg/springframework/boot/context/properties/source/ConfigurationPropertyName;Lorg/springframework/boot/context/properties/bind/Bindable;Lorg/springframework/boot/context/properties/bind/BindHandler;Lorg/springframework/boot/context/properties/bind/Binder$Context;Lorg/springframework/boot/context/properties/bind/AggregateBinder;)Ljava/lang/Object; 21 <appendix> member <vmtarget> ; # org/springframework/boot/context/properties/bind/Binder$$Lambda+0x000001b9330af740
instanceKlass  @bci org/springframework/boot/context/properties/bind/Binder bindAggregate (Lorg/springframework/boot/context/properties/source/ConfigurationPropertyName;Lorg/springframework/boot/context/properties/bind/Bindable;Lorg/springframework/boot/context/properties/bind/BindHandler;Lorg/springframework/boot/context/properties/bind/Binder$Context;Lorg/springframework/boot/context/properties/bind/AggregateBinder;)Ljava/lang/Object; 6 <appendix> member <vmtarget> ; # org/springframework/boot/context/properties/bind/Binder$$Lambda+0x000001b9330af518
instanceKlass org/springframework/boot/context/properties/bind/AggregateElementBinder
instanceKlass org/springframework/boot/env/YamlPropertySourceLoader
instanceKlass org/springframework/boot/env/PropertiesPropertySourceLoader
instanceKlass org/springframework/boot/env/PropertySourceLoader
instanceKlass  @bci jdk/internal/reflect/DirectConstructorHandleAccessor invokeImpl ([Ljava/lang/Object;)Ljava/lang/Object; 88 <adapter> ; # java/lang/invoke/LambdaForm$MH+0x000001b9330ad400
# instanceKlass java/lang/invoke/LambdaForm$MH+0x000001b9330ad000
# instanceKlass java/lang/invoke/LambdaForm$MH+0x000001b9330acc00
# instanceKlass java/lang/invoke/LambdaForm$MH+0x000001b9330ac800
instanceKlass  @bci java/util/regex/CharPredicates ASCII_WORD ()Ljava/util/regex/Pattern$BmpCharPredicate; 0 <appendix> argL0 ; # java/util/regex/CharPredicates$$Lambda+0x000001b93307c5e8
instanceKlass java/util/regex/CharPredicates
instanceKlass  @bci java/util/regex/Pattern DOT ()Ljava/util/regex/Pattern$CharPredicate; 0 <appendix> argL0 ; # java/util/regex/Pattern$$Lambda+0x000001b93307c398
instanceKlass  @bci java/util/regex/Pattern union (Ljava/util/regex/Pattern$CharPredicate;Ljava/util/regex/Pattern$CharPredicate;Z)Ljava/util/regex/Pattern$CharPredicate; 6 <appendix> member <vmtarget> ; # java/util/regex/Pattern$$Lambda+0x800000033
instanceKlass  @bci java/util/regex/Pattern Range (II)Ljava/util/regex/Pattern$CharPredicate; 23 <appendix> member <vmtarget> ; # java/util/regex/Pattern$$Lambda+0x80000002b
instanceKlass org/springframework/boot/context/config/StandardConfigDataLocationResolver
instanceKlass  @bci org/springframework/boot/context/config/LocationResourceLoader <clinit> ()V 18 <appendix> argL0 ; # org/springframework/boot/context/config/LocationResourceLoader$$Lambda+0x000001b9330ae600
instanceKlass  @bci java/util/Comparator comparing (Ljava/util/function/Function;)Ljava/util/Comparator; 6 <appendix> member <vmtarget> ; # java/util/Comparator$$Lambda+0x000001b93307c108
instanceKlass  @bci org/springframework/boot/context/config/LocationResourceLoader <clinit> ()V 7 <appendix> argL0 ; # org/springframework/boot/context/config/LocationResourceLoader$$Lambda+0x000001b9330ae3d0
instanceKlass org/springframework/boot/context/config/LocationResourceLoader
instanceKlass org/springframework/boot/context/config/ConfigTreeConfigDataLocationResolver
instanceKlass  @bci org/springframework/boot/context/config/ConfigDataLocationResolvers lambda$new$0 (Lorg/springframework/boot/logging/DeferredLogFactory;Lorg/springframework/boot/context/properties/bind/Binder;Lorg/springframework/core/io/ResourceLoader;Lorg/springframework/boot/ConfigurableBootstrapContext;Lorg/springframework/boot/util/Instantiator$AvailableParameters;)V 10 <appendix> member <vmtarget> ; # org/springframework/boot/context/config/ConfigDataLocationResolvers$$Lambda+0x000001b9330ab800
instanceKlass  @bci org/springframework/boot/context/config/ConfigDataLocationResolvers <init> (Lorg/springframework/boot/logging/DeferredLogFactory;Lorg/springframework/boot/ConfigurableBootstrapContext;Lorg/springframework/boot/context/properties/bind/Binder;Lorg/springframework/core/io/ResourceLoader;Ljava/util/List;)V 15 <appendix> member <vmtarget> ; # org/springframework/boot/context/config/ConfigDataLocationResolvers$$Lambda+0x000001b9330ab5d8
instanceKlass  @cpi org/springframework/boot/context/config/ConfigDataEnvironmentContributor 335 form vmentry <vmtarget> ; # java/lang/invoke/LambdaForm$DMH+0x000001b9330ac400
instanceKlass org/springframework/boot/context/config/ConfigDataLocationResolver
instanceKlass org/springframework/boot/context/config/ConfigDataLocationResolvers
instanceKlass org/springframework/boot/context/properties/bind/JavaBeanBinder$Bean
instanceKlass org/springframework/boot/context/properties/bind/ValueObjectBinder$ValueObject
instanceKlass  @bci org/springframework/boot/context/properties/bind/Binder bindDataObject (Lorg/springframework/boot/context/properties/source/ConfigurationPropertyName;Lorg/springframework/boot/context/properties/bind/Bindable;Lorg/springframework/boot/context/properties/bind/BindHandler;Lorg/springframework/boot/context/properties/bind/Binder$Context;Z)Ljava/lang/Object; 64 <appendix> form vmentry <vmtarget> ; # java/lang/invoke/LambdaForm$DMH+0x000001b9330ac000
instanceKlass  @bci org/springframework/boot/context/properties/bind/Binder bindDataObject (Lorg/springframework/boot/context/properties/source/ConfigurationPropertyName;Lorg/springframework/boot/context/properties/bind/Bindable;Lorg/springframework/boot/context/properties/bind/BindHandler;Lorg/springframework/boot/context/properties/bind/Binder$Context;Z)Ljava/lang/Object; 64 <appendix> member <vmtarget> ; # org/springframework/boot/context/properties/bind/Binder$$Lambda+0x000001b9330aa2d8
instanceKlass  @bci org/springframework/boot/context/properties/bind/Binder bindDataObject (Lorg/springframework/boot/context/properties/source/ConfigurationPropertyName;Lorg/springframework/boot/context/properties/bind/Bindable;Lorg/springframework/boot/context/properties/bind/BindHandler;Lorg/springframework/boot/context/properties/bind/Binder$Context;Z)Ljava/lang/Object; 46 <appendix> member <vmtarget> ; # org/springframework/boot/context/properties/bind/Binder$$Lambda+0x000001b9330aa0c0
instanceKlass org/springframework/boot/context/properties/bind/DataObjectPropertyBinder
instanceKlass org/springframework/boot/context/properties/bind/BindResult
instanceKlass org/springframework/boot/context/properties/bind/BindConverter$CompositeConversionService
instanceKlass org/springframework/beans/TypeConverterDelegate
instanceKlass org/springframework/beans/PropertyEditorRegistrySupport
instanceKlass org/springframework/beans/PropertyEditorRegistry
instanceKlass org/springframework/beans/TypeConverter
instanceKlass org/springframework/boot/context/properties/bind/BindConverter$TypeConverterConverter
instanceKlass java/beans/PropertyEditorSupport
instanceKlass java/beans/PropertyEditor
instanceKlass org/springframework/boot/context/properties/bind/BindConverter
instanceKlass org/springframework/boot/context/properties/bind/Binder$Context
instanceKlass org/springframework/boot/context/config/UseLegacyConfigProcessingException$UseLegacyProcessingBindHandler
instanceKlass org/springframework/boot/context/properties/bind/JavaBeanBinder
instanceKlass org/springframework/boot/context/properties/bind/ValueObjectBinder
instanceKlass org/springframework/boot/context/properties/bind/DataObjectBinder
instanceKlass org/springframework/boot/context/properties/bind/DefaultBindConstructorProvider
instanceKlass org/springframework/boot/context/properties/bind/BindConstructorProvider
instanceKlass org/springframework/boot/context/properties/bind/BindHandler$1
instanceKlass org/springframework/boot/context/properties/bind/BindHandler
instanceKlass org/springframework/util/PropertyPlaceholderHelper
instanceKlass org/springframework/boot/context/properties/bind/PropertySourcesPlaceholdersResolver
instanceKlass org/springframework/boot/context/properties/bind/AggregateBinder
instanceKlass org/springframework/boot/context/properties/bind/BindContext
instanceKlass org/springframework/boot/context/properties/bind/Binder
instanceKlass org/springframework/boot/context/config/ConfigDataLocation
instanceKlass org/springframework/boot/context/properties/bind/PlaceholdersResolver
instanceKlass org/springframework/boot/origin/OriginProvider
instanceKlass org/springframework/boot/context/config/ConfigDataEnvironment
instanceKlass  @bci org/springframework/boot/context/properties/source/ConfigurationPropertyName convertToUniformElement (Ljava/lang/CharSequence;)Ljava/lang/CharSequence; 3 <appendix> argL0 ; # org/springframework/boot/context/properties/source/ConfigurationPropertyName$$Lambda+0x000001b9330a2150
instanceKlass org/springframework/boot/context/properties/source/ConfigurationPropertyName$ElementCharPredicate
instanceKlass  @bci org/springframework/boot/env/SpringApplicationJsonEnvironmentPostProcessor postProcessEnvironment (Lorg/springframework/core/env/ConfigurableEnvironment;Lorg/springframework/boot/SpringApplication;)V 38 <appendix> member <vmtarget> ; # org/springframework/boot/env/SpringApplicationJsonEnvironmentPostProcessor$$Lambda+0x000001b9330a0d10
instanceKlass  @bci java/util/stream/MatchOps makeInt (Ljava/util/function/IntPredicate;Ljava/util/stream/MatchOps$MatchKind;)Ljava/util/stream/TerminalOp; 20 <appendix> member <vmtarget> ; # java/util/stream/MatchOps$$Lambda+0x000001b93307b710
instanceKlass java/util/stream/MatchOps$BooleanTerminalSink
instanceKlass java/util/stream/MatchOps$MatchOp
instanceKlass java/util/stream/MatchOps
instanceKlass  @bci org/springframework/boot/context/properties/source/SystemEnvironmentPropertyMapper isNumber (Ljava/lang/String;)Z 4 <appendix> argL0 ; # org/springframework/boot/context/properties/source/SystemEnvironmentPropertyMapper$$Lambda+0x000001b9330a0ad0
instanceKlass  @bci org/springframework/boot/context/properties/source/SystemEnvironmentPropertyMapper convertName (Ljava/lang/String;)Lorg/springframework/boot/context/properties/source/ConfigurationPropertyName; 4 <appendix> member <vmtarget> ; # org/springframework/boot/context/properties/source/SystemEnvironmentPropertyMapper$$Lambda+0x000001b9330a0898
instanceKlass  @bci java/util/function/BiPredicate or (Ljava/util/function/BiPredicate;)Ljava/util/function/BiPredicate; 7 <appendix> member <vmtarget> ; # java/util/function/BiPredicate$$Lambda+0x000001b93307a5d8
instanceKlass  @cpi java/util/function/BiPredicate 60 form vmentry <vmtarget> ; # java/lang/invoke/LambdaForm$DMH+0x000001b9330a4400
instanceKlass  @bci org/springframework/boot/context/properties/source/SystemEnvironmentPropertyMapper getAncestorOfCheck ()Ljava/util/function/BiPredicate; 1 <appendix> member <vmtarget> ; # org/springframework/boot/context/properties/source/SystemEnvironmentPropertyMapper$$Lambda+0x000001b9330a0230
instanceKlass  @cpi org/springframework/beans/factory/support/DefaultListableBeanFactory 1182 form vmentry <vmtarget> ; # java/lang/invoke/LambdaForm$DMH+0x000001b9330a4000
instanceKlass  @bci org/springframework/boot/context/properties/source/SpringIterableConfigurationPropertySource$Mappings add (Ljava/util/Map;Ljava/lang/Object;Ljava/lang/Object;)V 2 <appendix> argL0 ; # org/springframework/boot/context/properties/source/SpringIterableConfigurationPropertySource$Mappings$$Lambda+0x000001b9330a0000
instanceKlass  @bci org/springframework/boot/context/properties/source/SpringIterableConfigurationPropertySource updateMappings (Lorg/springframework/boot/context/properties/source/SpringIterableConfigurationPropertySource$Mappings;)Lorg/springframework/boot/context/properties/source/SpringIterableConfigurationPropertySource$Mappings; 10 <appendix> member <vmtarget> ; # org/springframework/boot/context/properties/source/SpringIterableConfigurationPropertySource$$Lambda+0x000001b93309dcf0
instanceKlass  @bci org/springframework/boot/context/properties/source/SpringIterableConfigurationPropertySource getMappings ()Lorg/springframework/boot/context/properties/source/SpringIterableConfigurationPropertySource$Mappings; 11 <appendix> member <vmtarget> ; # org/springframework/boot/context/properties/source/SpringIterableConfigurationPropertySource$$Lambda+0x000001b93309d8b8
instanceKlass java/util/function/UnaryOperator
instanceKlass  @bci org/springframework/boot/context/properties/source/SpringIterableConfigurationPropertySource getMappings ()Lorg/springframework/boot/context/properties/source/SpringIterableConfigurationPropertySource$Mappings; 5 <appendix> member <vmtarget> ; # org/springframework/boot/context/properties/source/SpringIterableConfigurationPropertySource$$Lambda+0x000001b93309d6a0
instanceKlass org/springframework/boot/context/properties/source/SpringIterableConfigurationPropertySource$Mappings
instanceKlass org/springframework/boot/context/properties/source/DefaultPropertyMapper$LastMapping
instanceKlass java/time/Clock
instanceKlass java/time/InstantSource
instanceKlass org/springframework/boot/context/properties/source/SoftReferenceConfigurationPropertyCache
instanceKlass org/springframework/boot/context/properties/source/ConfigurationPropertyCaching
instanceKlass org/springframework/boot/context/properties/source/SystemEnvironmentPropertyMapper
instanceKlass  @bci org/springframework/boot/context/properties/source/PropertyMapper <clinit> ()V 0 <appendix> argL0 ; # org/springframework/boot/context/properties/source/PropertyMapper$$Lambda+0x000001b93309f888
instanceKlass java/util/function/BiPredicate
instanceKlass org/springframework/boot/context/properties/source/DefaultPropertyMapper
instanceKlass org/springframework/boot/context/properties/source/PropertyMapper
instanceKlass org/springframework/boot/context/properties/source/CachingConfigurationPropertySource
instanceKlass org/springframework/boot/context/properties/source/IterableConfigurationPropertySource
instanceKlass org/springframework/boot/context/properties/source/SpringConfigurationPropertySource
instanceKlass  @bci org/springframework/boot/context/properties/source/SpringConfigurationPropertySources iterator ()Ljava/util/Iterator; 14 <appendix> member <vmtarget> ; # org/springframework/boot/context/properties/source/SpringConfigurationPropertySources$$Lambda+0x000001b93309e6c8
instanceKlass org/springframework/boot/context/properties/source/SpringConfigurationPropertySources$SourcesIterator
instanceKlass  @bci org/springframework/boot/env/SpringApplicationJsonEnvironmentPostProcessor postProcessEnvironment (Lorg/springframework/core/env/ConfigurableEnvironment;Lorg/springframework/boot/SpringApplication;)V 21 <appendix> argL0 ; # org/springframework/boot/env/SpringApplicationJsonEnvironmentPostProcessor$$Lambda+0x000001b93309e230
instanceKlass  @bci org/springframework/boot/env/SpringApplicationJsonEnvironmentPostProcessor postProcessEnvironment (Lorg/springframework/core/env/ConfigurableEnvironment;Lorg/springframework/boot/SpringApplication;)V 11 <appendix> argL0 ; # org/springframework/boot/env/SpringApplicationJsonEnvironmentPostProcessor$$Lambda+0x000001b93309e000
instanceKlass org/springframework/boot/env/SpringApplicationJsonEnvironmentPostProcessor$JsonPropertyValue
instanceKlass org/springframework/boot/origin/Origin
instanceKlass org/springframework/boot/logging/DeferredLog$Line
instanceKlass java/util/Random
instanceKlass java/util/random/RandomGenerator
instanceKlass org/springframework/boot/reactor/DebugAgentEnvironmentPostProcessor
instanceKlass org/springframework/boot/env/SystemEnvironmentPropertySourceEnvironmentPostProcessor
instanceKlass org/springframework/boot/env/SpringApplicationJsonEnvironmentPostProcessor
instanceKlass org/springframework/boot/env/RandomValuePropertySourceEnvironmentPostProcessor
instanceKlass org/springframework/boot/context/config/ConfigDataEnvironmentUpdateListener
instanceKlass org/springframework/boot/context/config/ConfigDataEnvironmentPostProcessor
instanceKlass org/springframework/boot/logging/DeferredLog
instanceKlass  @bci org/springframework/boot/logging/DeferredLogs getLog (Ljava/lang/Class;)Lorg/apache/commons/logging/Log; 2 <appendix> member <vmtarget> ; # org/springframework/boot/logging/DeferredLogs$$Lambda+0x000001b9330999f0
instanceKlass java/util/Collections$UnmodifiableMap$UnmodifiableEntrySet$UnmodifiableEntry
instanceKlass java/util/Collections$UnmodifiableMap$UnmodifiableEntrySet$1
instanceKlass org/springframework/boot/cloud/CloudFoundryVcapEnvironmentPostProcessor
instanceKlass  @bci org/springframework/boot/env/ReflectionEnvironmentPostProcessorsFactory lambda$getEnvironmentPostProcessors$1 (Lorg/springframework/boot/logging/DeferredLogFactory;Lorg/springframework/boot/ConfigurableBootstrapContext;Lorg/springframework/boot/util/Instantiator$AvailableParameters;)V 18 <appendix> member <vmtarget> ; # org/springframework/boot/env/ReflectionEnvironmentPostProcessorsFactory$$Lambda+0x000001b933099548
instanceKlass  @cpi org/springframework/boot/context/config/ConfigDataLoaders 207 form vmentry <vmtarget> ; # java/lang/invoke/LambdaForm$DMH+0x000001b93309cc00
instanceKlass  @bci org/springframework/boot/util/Instantiator$1 add (Ljava/lang/Class;Ljava/lang/Object;)V 6 <appendix> member <vmtarget> ; # org/springframework/boot/util/Instantiator$1$$Lambda+0x000001b933099310
instanceKlass org/springframework/boot/util/Instantiator$1
instanceKlass  @bci org/springframework/boot/env/ReflectionEnvironmentPostProcessorsFactory getEnvironmentPostProcessors (Lorg/springframework/boot/logging/DeferredLogFactory;Lorg/springframework/boot/ConfigurableBootstrapContext;)Ljava/util/List; 8 <appendix> member <vmtarget> ; # org/springframework/boot/env/ReflectionEnvironmentPostProcessorsFactory$$Lambda+0x000001b933098eb8
instanceKlass org/springframework/boot/util/Instantiator$AvailableParameters
instanceKlass java/util/Collections$ReverseComparator2
instanceKlass java/util/Collections$ReverseComparator
instanceKlass  @bci java/util/Comparator comparingInt (Ljava/util/function/ToIntFunction;)Ljava/util/Comparator; 6 <appendix> member <vmtarget> ; # java/util/Comparator$$Lambda+0x000001b933078aa0
instanceKlass  @bci java/lang/invoke/BootstrapMethodInvoker invoke (Ljava/lang/Class;Ljava/lang/invoke/MethodHandle;Ljava/lang/String;Ljava/lang/Object;Ljava/lang/Object;Ljava/lang/Class;)Ljava/lang/Object; 462 <adapter> ; # java/lang/invoke/LambdaForm$MH+0x000001b93309c800
instanceKlass  @cpi org/springframework/boot/autoconfigure/AutoConfigurationSorter 121 form vmentry <vmtarget> ; # java/lang/invoke/LambdaForm$DMH+0x000001b93309c400
instanceKlass  @bci org/springframework/boot/util/Instantiator <clinit> ()V 0 <appendix> argL0 ; # org/springframework/boot/util/Instantiator$$Lambda+0x000001b933098ab8
instanceKlass java/util/function/ToIntFunction
instanceKlass org/springframework/boot/util/Instantiator
instanceKlass  @bci org/springframework/boot/SpringApplicationRunListeners environmentPrepared (Lorg/springframework/boot/ConfigurableBootstrapContext;Lorg/springframework/core/env/ConfigurableEnvironment;)V 5 <appendix> member <vmtarget> ; # org/springframework/boot/SpringApplicationRunListeners$$Lambda+0x000001b933098688
instanceKlass  @cpi org/springframework/boot/autoconfigure/web/embedded/TomcatWebServerFactoryCustomizer 579 form vmentry <vmtarget> ; # java/lang/invoke/LambdaForm$DMH+0x000001b93309c000
instanceKlass org/springframework/boot/context/properties/source/ConfigurationPropertySource
instanceKlass org/springframework/boot/context/properties/source/SpringConfigurationPropertySources
instanceKlass org/springframework/boot/origin/OriginLookup
instanceKlass org/springframework/boot/context/properties/source/ConfigurationPropertySources
instanceKlass org/springframework/boot/convert/CharSequenceToObjectConverter
instanceKlass org/springframework/boot/convert/LenientObjectToEnumConverterFactory
instanceKlass sun/reflect/generics/tree/ByteSignature
instanceKlass org/springframework/boot/convert/InputStreamSourceToByteArrayConverter
instanceKlass org/springframework/core/io/DefaultResourceLoader
instanceKlass org/springframework/boot/convert/StringToFileConverter
instanceKlass org/springframework/boot/convert/NumberToDataSizeConverter
instanceKlass org/springframework/util/unit/DataSize
instanceKlass org/springframework/boot/convert/StringToDataSizeConverter
instanceKlass org/springframework/boot/convert/NumberToPeriodConverter
instanceKlass org/springframework/boot/convert/PeriodToStringConverter
instanceKlass org/springframework/boot/convert/StringToPeriodConverter
instanceKlass org/springframework/boot/convert/DurationToNumberConverter
instanceKlass org/springframework/boot/convert/NumberToDurationConverter
instanceKlass org/springframework/boot/convert/DurationToStringConverter
instanceKlass org/springframework/boot/convert/StringToDurationConverter
instanceKlass org/springframework/boot/convert/DelimitedStringToCollectionConverter
instanceKlass org/springframework/boot/convert/DelimitedStringToArrayConverter
instanceKlass org/springframework/boot/convert/CollectionToDelimitedStringConverter
instanceKlass org/springframework/boot/convert/ArrayToDelimitedStringConverter
instanceKlass org/springframework/boot/convert/IsoOffsetFormatter
instanceKlass java/net/InetAddress
instanceKlass org/springframework/boot/convert/InetAddressFormatter
instanceKlass  @bci org/springframework/format/support/FormattingConversionService getFieldType (Ljava/lang/Object;Ljava/lang/Class;)Ljava/lang/Class; 37 <appendix> member <vmtarget> ; # org/springframework/format/support/FormattingConversionService$$Lambda+0x000001b933094710
instanceKlass sun/reflect/generics/tree/ArrayTypeSignature
instanceKlass sun/reflect/generics/tree/CharSignature
instanceKlass org/springframework/boot/convert/CharArrayFormatter
instanceKlass org/springframework/format/annotation/DateTimeFormat
instanceKlass org/springframework/format/datetime/standard/MonthDayFormatter
instanceKlass java/time/MonthDay
instanceKlass org/springframework/format/datetime/standard/YearMonthFormatter
instanceKlass java/time/YearMonth
instanceKlass org/springframework/format/datetime/standard/MonthFormatter
instanceKlass org/springframework/format/datetime/standard/YearFormatter
instanceKlass java/time/Year
instanceKlass org/springframework/format/datetime/standard/DurationFormatter
instanceKlass org/springframework/format/datetime/standard/PeriodFormatter
instanceKlass org/springframework/format/datetime/standard/InstantFormatter
instanceKlass java/time/OffsetTime
instanceKlass org/springframework/format/support/FormattingConversionService$ParserConverter
instanceKlass org/springframework/format/support/FormattingConversionService$PrinterConverter
instanceKlass org/springframework/format/datetime/standard/TemporalAccessorParser
instanceKlass org/springframework/format/datetime/standard/TemporalAccessorPrinter
instanceKlass java/time/format/DateTimeFormatterBuilder$LocalizedPrinterParser
instanceKlass  @bci java/time/format/DateTimeFormatter <clinit> ()V 1075 <appendix> argL0 ; # java/time/format/DateTimeFormatter$$Lambda+0x800000010
instanceKlass  @bci java/time/format/DateTimeFormatter <clinit> ()V 1067 <appendix> argL0 ; # java/time/format/DateTimeFormatter$$Lambda+0x80000000f
instanceKlass java/time/Period
instanceKlass java/time/chrono/ChronoPeriod
instanceKlass java/time/format/DateTimeFormatterBuilder$TextPrinterParser
instanceKlass java/time/format/DateTimeTextProvider$1
instanceKlass java/time/format/DateTimeTextProvider
instanceKlass java/util/AbstractMap$SimpleImmutableEntry
instanceKlass java/time/format/DateTimeTextProvider$LocaleStore
instanceKlass java/time/format/DateTimeFormatterBuilder$InstantPrinterParser
instanceKlass java/time/format/DateTimeFormatterBuilder$StringLiteralPrinterParser
instanceKlass java/time/format/DateTimeFormatterBuilder$ZoneIdPrinterParser
instanceKlass java/time/format/DateTimeFormatterBuilder$OffsetIdPrinterParser
instanceKlass java/time/format/DecimalStyle
instanceKlass java/time/format/DateTimeFormatterBuilder$CompositePrinterParser
instanceKlass java/time/chrono/AbstractChronology
instanceKlass java/time/chrono/Chronology
instanceKlass java/time/format/DateTimeFormatterBuilder$CharLiteralPrinterParser
instanceKlass java/time/format/DateTimeFormatterBuilder$NumberPrinterParser
instanceKlass java/time/format/DateTimeFormatterBuilder$DateTimePrinterParser
instanceKlass java/time/temporal/JulianFields
instanceKlass java/time/temporal/IsoFields
instanceKlass java/time/temporal/ValueRange
instanceKlass java/time/Duration
instanceKlass java/time/temporal/TemporalAmount
instanceKlass java/time/temporal/TemporalUnit
instanceKlass java/time/temporal/TemporalField
instanceKlass  @bci java/time/format/DateTimeFormatterBuilder <clinit> ()V 0 <appendix> argL0 ; # java/time/format/DateTimeFormatterBuilder$$Lambda+0x800000011
instanceKlass java/time/temporal/TemporalQuery
instanceKlass java/time/format/DateTimeFormatterBuilder
instanceKlass java/time/format/DateTimeFormatter
instanceKlass org/springframework/format/datetime/standard/DateTimeFormatterRegistrar$1
instanceKlass org/springframework/format/datetime/standard/DateTimeConverters$InstantToLongConverter
instanceKlass org/springframework/format/datetime/standard/DateTimeConverters$LongToInstantConverter
instanceKlass org/springframework/format/datetime/standard/DateTimeConverters$CalendarToInstantConverter
instanceKlass org/springframework/format/datetime/standard/DateTimeConverters$CalendarToLocalDateTimeConverter
instanceKlass org/springframework/format/datetime/standard/DateTimeConverters$CalendarToLocalTimeConverter
instanceKlass org/springframework/format/datetime/standard/DateTimeConverters$CalendarToLocalDateConverter
instanceKlass org/springframework/format/datetime/standard/DateTimeConverters$CalendarToOffsetDateTimeConverter
instanceKlass org/springframework/format/datetime/standard/DateTimeConverters$CalendarToZonedDateTimeConverter
instanceKlass org/springframework/format/datetime/standard/DateTimeConverters$OffsetDateTimeToInstantConverter
instanceKlass org/springframework/format/datetime/standard/DateTimeConverters$OffsetDateTimeToZonedDateTimeConverter
instanceKlass org/springframework/format/datetime/standard/DateTimeConverters$OffsetDateTimeToLocalDateTimeConverter
instanceKlass org/springframework/format/datetime/standard/DateTimeConverters$OffsetDateTimeToLocalTimeConverter
instanceKlass org/springframework/format/datetime/standard/DateTimeConverters$OffsetDateTimeToLocalDateConverter
instanceKlass java/time/Instant
instanceKlass org/springframework/format/datetime/standard/DateTimeConverters$ZonedDateTimeToInstantConverter
instanceKlass java/time/OffsetDateTime
instanceKlass org/springframework/format/datetime/standard/DateTimeConverters$ZonedDateTimeToOffsetDateTimeConverter
instanceKlass org/springframework/format/datetime/standard/DateTimeConverters$ZonedDateTimeToLocalDateTimeConverter
instanceKlass org/springframework/format/datetime/standard/DateTimeConverters$ZonedDateTimeToLocalTimeConverter
instanceKlass org/springframework/format/datetime/standard/DateTimeConverters$ZonedDateTimeToLocalDateConverter
instanceKlass java/time/LocalTime
instanceKlass org/springframework/format/datetime/standard/DateTimeConverters$LocalDateTimeToLocalTimeConverter
instanceKlass java/time/LocalDate
instanceKlass java/time/chrono/ChronoLocalDate
instanceKlass java/time/LocalDateTime
instanceKlass java/time/chrono/ChronoLocalDateTime
instanceKlass java/time/temporal/TemporalAdjuster
instanceKlass org/springframework/format/datetime/standard/DateTimeConverters$LocalDateTimeToLocalDateConverter
instanceKlass org/springframework/format/datetime/DateFormatterRegistrar$LongToCalendarConverter
instanceKlass org/springframework/format/datetime/DateFormatterRegistrar$LongToDateConverter
instanceKlass org/springframework/format/datetime/DateFormatterRegistrar$CalendarToLongConverter
instanceKlass org/springframework/format/datetime/DateFormatterRegistrar$CalendarToDateConverter
instanceKlass org/springframework/format/datetime/DateFormatterRegistrar$DateToCalendarConverter
instanceKlass org/springframework/format/datetime/DateFormatterRegistrar$DateToLongConverter
instanceKlass org/springframework/format/datetime/DateFormatterRegistrar
instanceKlass org/springframework/format/datetime/standard/DateTimeConverters
instanceKlass org/springframework/format/datetime/standard/DateTimeFormatterFactory
instanceKlass org/springframework/format/datetime/standard/DateTimeFormatterRegistrar
instanceKlass org/springframework/format/FormatterRegistrar
instanceKlass org/springframework/format/support/FormattingConversionService$AnnotationParserConverter
instanceKlass org/springframework/format/support/FormattingConversionService$AnnotationPrinterConverter
instanceKlass org/springframework/util/NumberUtils
instanceKlass  @bci org/springframework/core/GenericTypeResolver getSingleGeneric (Lorg/springframework/core/ResolvableType;)Ljava/lang/Class; 15 <appendix> member <vmtarget> ; # org/springframework/core/GenericTypeResolver$$Lambda+0x000001b93308d268
instanceKlass org/springframework/format/annotation/NumberFormat
instanceKlass org/springframework/core/GenericTypeResolver
instanceKlass org/springframework/context/support/EmbeddedValueResolutionSupport
instanceKlass org/springframework/format/AnnotationFormatterFactory
instanceKlass org/springframework/core/convert/support/ObjectToOptionalConverter
instanceKlass org/springframework/core/convert/support/FallbackObjectToStringConverter
instanceKlass org/springframework/core/convert/support/IdToEntityConverter
instanceKlass org/springframework/core/convert/support/ObjectToObjectConverter
instanceKlass java/time/ZonedDateTime
instanceKlass java/time/chrono/ChronoZonedDateTime
instanceKlass java/time/temporal/Temporal
instanceKlass java/time/temporal/TemporalAccessor
instanceKlass org/springframework/core/convert/support/ZonedDateTimeToCalendarConverter
instanceKlass java/time/ZoneId
instanceKlass org/springframework/core/convert/support/ZoneIdToTimeZoneConverter
instanceKlass org/springframework/core/convert/support/StringToTimeZoneConverter
instanceKlass org/springframework/core/convert/support/ByteBufferConverter
instanceKlass org/springframework/core/convert/TypeDescriptor$AnnotatedElementAdapter
instanceKlass org/springframework/core/convert/TypeDescriptor
instanceKlass org/springframework/core/convert/support/StreamConverter
instanceKlass org/springframework/core/convert/support/ObjectToCollectionConverter
instanceKlass org/springframework/core/convert/support/CollectionToObjectConverter
instanceKlass org/springframework/core/convert/support/StringToCollectionConverter
instanceKlass org/springframework/core/convert/support/ObjectToArrayConverter
instanceKlass org/springframework/core/convert/support/ArrayToObjectConverter
instanceKlass org/springframework/core/convert/support/StringToArrayConverter
instanceKlass org/springframework/core/convert/support/CollectionToStringConverter
instanceKlass org/springframework/core/convert/support/ArrayToStringConverter
instanceKlass org/springframework/core/convert/support/MapToMapConverter
instanceKlass org/springframework/core/convert/support/CollectionToCollectionConverter
instanceKlass org/springframework/core/convert/support/ArrayToArrayConverter
instanceKlass org/springframework/core/convert/support/CollectionToArrayConverter
instanceKlass org/springframework/core/convert/support/ArrayToCollectionConverter
instanceKlass java/util/UUID
instanceKlass org/springframework/core/convert/support/StringToUUIDConverter
instanceKlass org/springframework/core/convert/support/PropertiesToStringConverter
instanceKlass org/springframework/core/convert/support/StringToPropertiesConverter
instanceKlass java/util/Currency
instanceKlass org/springframework/core/convert/support/StringToCurrencyConverter
instanceKlass org/springframework/core/convert/support/StringToCharsetConverter
instanceKlass org/springframework/core/convert/support/StringToLocaleConverter
instanceKlass org/springframework/core/convert/support/IntegerToEnumConverterFactory
instanceKlass sun/reflect/generics/tree/Wildcard
instanceKlass sun/reflect/generics/tree/BottomSignature
instanceKlass org/springframework/core/convert/support/AbstractConditionalEnumConverter
instanceKlass org/springframework/core/convert/support/StringToEnumConverterFactory
instanceKlass org/springframework/core/convert/support/StringToBooleanConverter
instanceKlass org/springframework/core/convert/support/CharacterToNumberFactory
instanceKlass org/springframework/core/convert/support/NumberToCharacterConverter
instanceKlass org/springframework/core/convert/support/StringToCharacterConverter
instanceKlass org/springframework/core/convert/support/GenericConversionService$ConverterAdapter
instanceKlass org/springframework/core/convert/support/ObjectToStringConverter
instanceKlass org/springframework/core/convert/support/StringToNumberConverterFactory
instanceKlass java/util/concurrent/ConcurrentLinkedDeque$Node
instanceKlass  @bci org/springframework/core/convert/support/GenericConversionService$Converters getMatchableConverters (Lorg/springframework/core/convert/converter/GenericConverter$ConvertiblePair;)Lorg/springframework/core/convert/support/GenericConversionService$ConvertersForPair; 5 <appendix> argL0 ; # org/springframework/core/convert/support/GenericConversionService$Converters$$Lambda+0x000001b933086030
instanceKlass org/springframework/core/convert/support/GenericConversionService$ConvertersForPair
instanceKlass org/springframework/core/convert/converter/GenericConverter$ConvertiblePair
instanceKlass org/springframework/core/convert/support/GenericConversionService$ConverterFactoryAdapter
instanceKlass org/springframework/core/convert/converter/ConditionalGenericConverter
instanceKlass org/springframework/core/convert/support/NumberToNumberConverterFactory
instanceKlass org/springframework/core/convert/converter/ConditionalConverter
instanceKlass org/springframework/core/convert/support/GenericConversionService$Converters
instanceKlass org/springframework/core/convert/support/GenericConversionService$NoOpConverter
instanceKlass org/springframework/format/Formatter
instanceKlass org/springframework/core/convert/converter/ConverterFactory
instanceKlass org/springframework/core/convert/converter/Converter
instanceKlass org/springframework/format/Parser
instanceKlass org/springframework/format/Printer
instanceKlass org/springframework/core/convert/converter/GenericConverter
instanceKlass org/springframework/core/convert/support/GenericConversionService
instanceKlass org/springframework/context/EmbeddedValueResolverAware
instanceKlass org/springframework/format/FormatterRegistry
instanceKlass java/lang/ProcessEnvironment$CheckedEntry
instanceKlass java/lang/ProcessEnvironment$CheckedEntrySet$1
instanceKlass java/lang/ProcessEnvironment$EntryComparator
instanceKlass java/lang/ProcessEnvironment$NameComparator
instanceKlass javax/naming/spi/NamingManager
instanceKlass  @bci com/sun/naming/internal/VersionHelper getJavaHomeConfStream (Ljava/lang/String;)Ljava/io/InputStream; 1 <appendix> member <vmtarget> ; # com/sun/naming/internal/VersionHelper$$Lambda+0x000001b933070650
instanceKlass  @bci com/sun/naming/internal/VersionHelper$InputStreamEnumeration getNextElement ()Ljava/io/InputStream; 1 <appendix> member <vmtarget> ; # com/sun/naming/internal/VersionHelper$InputStreamEnumeration$$Lambda+0x000001b933070438
instanceKlass com/sun/naming/internal/VersionHelper$InputStreamEnumeration
instanceKlass javax/naming/NamingEnumeration
instanceKlass  @bci com/sun/naming/internal/VersionHelper getResources (Ljava/lang/ClassLoader;Ljava/lang/String;)Ljavax/naming/NamingEnumeration; 2 <appendix> member <vmtarget> ; # com/sun/naming/internal/VersionHelper$$Lambda+0x000001b93306fd90
instanceKlass  @bci com/sun/naming/internal/VersionHelper getContextClassLoader ()Ljava/lang/ClassLoader; 0 <appendix> argL0 ; # com/sun/naming/internal/VersionHelper$$Lambda+0x000001b93306fb80
instanceKlass  @bci com/sun/naming/internal/VersionHelper getJndiProperties ()[Ljava/lang/String; 0 <appendix> argL0 ; # com/sun/naming/internal/VersionHelper$$Lambda+0x000001b93306f970
instanceKlass  @bci com/sun/naming/internal/VersionHelper <clinit> ()V 10 <appendix> argL0 ; # com/sun/naming/internal/VersionHelper$$Lambda+0x000001b93306f760
instanceKlass com/sun/naming/internal/VersionHelper
instanceKlass com/sun/naming/internal/ResourceManager
instanceKlass javax/naming/InitialContext
instanceKlass javax/naming/Context
instanceKlass org/springframework/jndi/JndiAccessor
instanceKlass org/springframework/core/convert/support/ConfigurableConversionService
instanceKlass org/springframework/core/convert/converter/ConverterRegistry
instanceKlass org/springframework/core/convert/ConversionService
instanceKlass org/springframework/core/env/AbstractPropertyResolver
instanceKlass org/springframework/core/env/MutablePropertySources
instanceKlass org/springframework/core/env/PropertySources
instanceKlass org/springframework/core/env/AbstractEnvironment
instanceKlass org/springframework/web/context/ConfigurableWebEnvironment
instanceKlass org/springframework/boot/SpringApplication$1
instanceKlass org/springframework/core/env/CommandLineArgs
instanceKlass org/springframework/core/env/SimpleCommandLineArgsParser
instanceKlass org/springframework/boot/DefaultApplicationArguments
instanceKlass java/util/logging/LogManager$CloseOnReset
instanceKlass java/util/logging/StreamHandler$1
instanceKlass java/util/logging/Handler$1
instanceKlass java/util/logging/ErrorManager
instanceKlass jdk/internal/logger/SimpleConsoleLogger$Formatting
instanceKlass sun/util/logging/PlatformLogger
instanceKlass sun/util/logging/PlatformLogger$ConfigurableBridge$LoggerConfiguration
instanceKlass  @bci java/util/logging/SimpleFormatter <init> ()V 5 <appendix> argL0 ; # java/util/logging/SimpleFormatter$$Lambda+0x000001b93306c820
instanceKlass java/util/logging/Formatter
instanceKlass java/lang/Class$1
instanceKlass java/util/logging/LogManager$4
instanceKlass jdk/internal/logger/BootstrapLogger$BootstrapExecutors
instanceKlass jdk/internal/logger/BootstrapLogger$RedirectedLoggers
instanceKlass jdk/internal/logger/BootstrapLogger$DetectBackend$1
instanceKlass jdk/internal/logger/BootstrapLogger$DetectBackend
instanceKlass jdk/internal/logger/BootstrapLogger
instanceKlass sun/util/logging/PlatformLogger$ConfigurableBridge
instanceKlass sun/util/logging/PlatformLogger$Bridge
instanceKlass java/lang/System$Logger
instanceKlass java/util/stream/Streams
instanceKlass java/util/stream/Stream$Builder
instanceKlass java/util/stream/Streams$AbstractStreamBuilderImpl
instanceKlass  @bci java/util/stream/FindOps$FindSink$OfRef <clinit> ()V 43 <appendix> argL0 ; # java/util/stream/FindOps$FindSink$OfRef$$Lambda+0x80000004d
instanceKlass  @bci java/util/stream/FindOps$FindSink$OfRef <clinit> ()V 38 <appendix> argL0 ; # java/util/stream/FindOps$FindSink$OfRef$$Lambda+0x80000004f
instanceKlass  @bci java/util/stream/FindOps$FindSink$OfRef <clinit> ()V 16 <appendix> argL0 ; # java/util/stream/FindOps$FindSink$OfRef$$Lambda+0x80000004e
instanceKlass  @bci java/util/stream/FindOps$FindSink$OfRef <clinit> ()V 11 <appendix> argL0 ; # java/util/stream/FindOps$FindSink$OfRef$$Lambda+0x800000050
instanceKlass  @bci java/util/logging/Level$KnownLevel findByName (Ljava/lang/String;Ljava/util/function/Function;)Ljava/util/Optional; 29 <appendix> argL0 ; # java/util/logging/Level$KnownLevel$$Lambda+0x800000025
instanceKlass  @bci java/util/logging/Level findLevel (Ljava/lang/String;)Ljava/util/logging/Level; 13 <appendix> argL0 ; # java/util/logging/Level$$Lambda+0x800000013
instanceKlass java/util/Hashtable$Enumerator
instanceKlass java/util/Collections$3
instanceKlass java/util/logging/LogManager$LoggerContext$1
instanceKlass java/util/logging/LogManager$VisitedLoggers
instanceKlass  @bci java/beans/Introspector findCustomizerClass (Ljava/lang/Class;)Ljava/lang/Class; 4 <appendix> form vmentry <vmtarget> ; # java/lang/invoke/LambdaForm$MH+0x000001b933038800
instanceKlass java/util/logging/Logger$ConfigurationData
instanceKlass java/util/logging/Logger$LoggerBundle
instanceKlass java/util/logging/Logger
instanceKlass java/util/logging/LogManager$2
instanceKlass java/lang/System$LoggerFinder
instanceKlass java/util/logging/LogManager$LoggingProviderAccess
instanceKlass sun/util/logging/internal/LoggingProviderImpl$LogManagerAccess
instanceKlass java/lang/Shutdown$Lock
instanceKlass java/lang/Shutdown
instanceKlass java/lang/ApplicationShutdownHooks$1
instanceKlass java/lang/ApplicationShutdownHooks
instanceKlass java/util/logging/LogManager$LogNode
instanceKlass java/util/logging/LogManager$LoggerContext
instanceKlass java/util/logging/LogManager$1
instanceKlass  @bci java/util/logging/Level$KnownLevel add (Ljava/util/logging/Level;)V 49 <appendix> argL0 ; # java/util/logging/Level$KnownLevel$$Lambda+0x800000024
instanceKlass  @bci java/util/logging/Level$KnownLevel add (Ljava/util/logging/Level;)V 19 <appendix> argL0 ; # java/util/logging/Level$KnownLevel$$Lambda+0x800000023
instanceKlass java/util/logging/Level
instanceKlass java/util/logging/Handler
instanceKlass  @bci org/springframework/boot/logging/logback/LogbackLoggingSystem getLoggerContext ()Lch/qos/logback/classic/LoggerContext; 12 <appendix> member <vmtarget> ; # org/springframework/boot/logging/logback/LogbackLoggingSystem$$Lambda+0x000001b93303ba38
instanceKlass org/springframework/boot/logging/AbstractLoggingSystem$LogLevels
instanceKlass org/springframework/boot/logging/LoggerConfigurationComparator
instanceKlass ch/qos/logback/classic/spi/LoggerContextListener
instanceKlass org/springframework/boot/logging/logback/LogbackConfigurator
instanceKlass org/springframework/boot/logging/LoggingSystemProperties
instanceKlass java/util/logging/LogManager
instanceKlass org/springframework/boot/logging/java/JavaLoggingSystem$Factory
instanceKlass org/springframework/boot/logging/log4j2/Log4J2LoggingSystem$Factory
instanceKlass org/springframework/boot/logging/logback/LogbackLoggingSystem$Factory
instanceKlass  @bci org/springframework/boot/logging/LoggingSystemFactory fromSpringFactories ()Lorg/springframework/boot/logging/LoggingSystemFactory; 4 <appendix> argL0 ; # org/springframework/boot/logging/LoggingSystemFactory$$Lambda+0x000001b93303dde0
instanceKlass org/springframework/boot/logging/DelegatingLoggingSystemFactory
instanceKlass org/springframework/boot/logging/LoggingSystemFactory
instanceKlass org/springframework/boot/logging/LoggingSystem
instanceKlass org/springframework/aop/SpringProxy
instanceKlass org/springframework/aop/support/AopUtils
instanceKlass org/springframework/core/ResolvableType$WildcardBounds
instanceKlass org/springframework/context/event/GenericApplicationListenerAdapter
instanceKlass org/springframework/context/event/AbstractApplicationEventMulticaster$CachedListenerRetriever
instanceKlass org/springframework/context/event/AbstractApplicationEventMulticaster$ListenerCacheKey
instanceKlass org/springframework/core/ResolvableTypeProvider
instanceKlass  @bci org/springframework/boot/SpringApplicationRunListeners starting (Lorg/springframework/boot/ConfigurableBootstrapContext;Ljava/lang/Class;)V 10 <appendix> member <vmtarget> ; # org/springframework/boot/SpringApplicationRunListeners$$Lambda+0x000001b933033d58
instanceKlass  @bci org/springframework/boot/SpringApplicationRunListeners starting (Lorg/springframework/boot/ConfigurableBootstrapContext;Ljava/lang/Class;)V 4 <appendix> member <vmtarget> ; # org/springframework/boot/SpringApplicationRunListeners$$Lambda+0x000001b933033b30
instanceKlass org/springframework/aop/framework/Advised
instanceKlass org/springframework/aop/TargetClassAware
instanceKlass org/springframework/aop/framework/AopProxyUtils
# instanceKlass java/lang/invoke/LambdaForm$MH+0x000001b933038400
# instanceKlass java/lang/invoke/LambdaForm$MH+0x000001b933038000
instanceKlass org/springframework/boot/availability/AvailabilityState
instanceKlass org/springframework/util/ErrorHandler
instanceKlass org/springframework/boot/context/event/EventPublishingRunListener
instanceKlass org/springframework/boot/SpringApplicationRunListener
instanceKlass org/springframework/boot/SpringApplicationRunListeners
instanceKlass  @bci org/springframework/boot/SpringApplication createBootstrapContext ()Lorg/springframework/boot/DefaultBootstrapContext; 13 <appendix> member <vmtarget> ; # org/springframework/boot/SpringApplication$$Lambda+0x000001b933032208
instanceKlass  @cpi com/mysql/cj/conf/HostInfo 158 form vmentry <vmtarget> ; # java/lang/invoke/LambdaForm$DMH+0x000001b933031c00
instanceKlass org/springframework/context/event/AbstractApplicationEventMulticaster$DefaultListenerRetriever
instanceKlass org/springframework/context/event/AbstractApplicationEventMulticaster
instanceKlass org/springframework/beans/factory/BeanFactoryAware
instanceKlass org/springframework/beans/factory/BeanClassLoaderAware
instanceKlass org/springframework/context/event/ApplicationEventMulticaster
instanceKlass org/springframework/boot/DefaultBootstrapContext
instanceKlass org/springframework/util/StopWatch
# instanceKlass java/lang/invoke/LambdaForm$MH+0x000001b933031800
# instanceKlass java/lang/invoke/LambdaForm$MH+0x000001b933031400
instanceKlass  @cpi org/springframework/beans/factory/config/ConstructorArgumentValues 199 form vmentry <vmtarget> ; # java/lang/invoke/LambdaForm$DMH+0x000001b933031000
instanceKlass sun/invoke/util/ValueConversions$WrapperCache
instanceKlass  @cpi org/springframework/core/annotation/AnnotationUtils 482 form vmentry <vmtarget> ; # java/lang/invoke/LambdaForm$DMH+0x000001b933030c00
instanceKlass  @bci org/springframework/core/annotation/TypeMappedAnnotation createIfPossible (Lorg/springframework/core/annotation/AnnotationTypeMapping;Ljava/lang/Object;Ljava/lang/annotation/Annotation;ILorg/springframework/core/annotation/IntrospectionFailureLogger;)Lorg/springframework/core/annotation/TypeMappedAnnotation; 3 <appendix> argL0 ; # org/springframework/core/annotation/TypeMappedAnnotation$$Lambda+0x000001b9330364b8
instanceKlass org/springframework/core/annotation/ValueExtractor
instanceKlass  @bci org/springframework/core/annotation/AnnotationTypeMappings <init> (Lorg/springframework/core/annotation/RepeatableContainers;Lorg/springframework/core/annotation/AnnotationFilter;Ljava/lang/Class;)V 34 <appendix> argL0 ; # org/springframework/core/annotation/AnnotationTypeMappings$$Lambda+0x000001b933035b80
instanceKlass  @bci org/springframework/beans/factory/annotation/InitDestroyAnnotationBeanPostProcessor buildLifecycleMetadata (Ljava/lang/Class;)Lorg/springframework/beans/factory/annotation/InitDestroyAnnotationBeanPostProcessor$LifecycleMetadata; 78 <appendix> form vmentry <vmtarget> ; # java/lang/invoke/LambdaForm$DMH+0x000001b933030800
instanceKlass  @bci sun/reflect/annotation/AnnotationParser parseEnumArray (ILjava/lang/Class;Ljava/nio/ByteBuffer;Ljdk/internal/reflect/ConstantPool;Ljava/lang/Class;)Ljava/lang/Object; 16 <appendix> member <vmtarget> ; # sun/reflect/annotation/AnnotationParser$$Lambda+0x000001b93306aab0
instanceKlass jdk/internal/foreign/MemorySessionImpl
instanceKlass java/lang/foreign/MemorySegment$Scope
instanceKlass org/springframework/core/annotation/AliasFor
instanceKlass org/springframework/core/annotation/AnnotationTypeMapping$MirrorSets
instanceKlass org/springframework/core/annotation/AnnotationTypeMapping$MirrorSets$MirrorSet
instanceKlass org/springframework/core/annotation/AnnotationTypeMapping
instanceKlass  @bci org/springframework/core/annotation/AnnotationTypeMappings$Cache get (Ljava/lang/Class;)Lorg/springframework/core/annotation/AnnotationTypeMappings; 6 <appendix> member <vmtarget> ; # org/springframework/core/annotation/AnnotationTypeMappings$Cache$$Lambda+0x000001b933034ad0
instanceKlass  @cpi com/mysql/cj/conf/ConnectionUrl 502 form vmentry <vmtarget> ; # java/lang/invoke/LambdaForm$DMH+0x000001b933030400
instanceKlass  @bci org/springframework/core/annotation/AnnotationTypeMappings forAnnotationType (Ljava/lang/Class;Lorg/springframework/core/annotation/RepeatableContainers;Lorg/springframework/core/annotation/AnnotationFilter;)Lorg/springframework/core/annotation/AnnotationTypeMappings; 12 <appendix> member <vmtarget> ; # org/springframework/core/annotation/AnnotationTypeMappings$$Lambda+0x000001b933034898
instanceKlass org/springframework/core/annotation/AnnotationTypeMappings$Cache
instanceKlass org/springframework/core/annotation/AnnotationTypeMappings
instanceKlass  @bci org/springframework/core/annotation/RepeatableContainers$StandardRepeatableContainers getRepeatedAnnotationsMethod (Ljava/lang/Class;)Ljava/lang/reflect/Method; 4 <appendix> argL0 ; # org/springframework/core/annotation/RepeatableContainers$StandardRepeatableContainers$$Lambda+0x000001b93302f8c0
instanceKlass  @bci org/springframework/core/annotation/AttributeMethods forAnnotationType (Ljava/lang/Class;)Lorg/springframework/core/annotation/AttributeMethods; 12 <appendix> argL0 ; # org/springframework/core/annotation/AttributeMethods$$Lambda+0x000001b93302f690
instanceKlass  @bci org/springframework/core/annotation/AttributeMethods <clinit> ()V 25 <appendix> argL0 ; # org/springframework/core/annotation/AttributeMethods$$Lambda+0x000001b93302f408
instanceKlass  @cpi org/springframework/beans/factory/support/AutowireUtils 256 form vmentry <vmtarget> ; # java/lang/invoke/LambdaForm$DMH+0x000001b933030000
instanceKlass org/springframework/core/annotation/AttributeMethods
instanceKlass org/springframework/core/NativeDetector
instanceKlass java/util/concurrent/CountDownLatch
instanceKlass org/springframework/boot/autoconfigure/BackgroundPreinitializer
instanceKlass org/springframework/boot/liquibase/LiquibaseServiceLocatorApplicationListener
instanceKlass org/springframework/boot/logging/DeferredLog$Lines
instanceKlass org/springframework/boot/env/EnvironmentPostProcessor
instanceKlass org/springframework/boot/env/ReflectionEnvironmentPostProcessorsFactory
instanceKlass org/springframework/boot/logging/DeferredLogs
instanceKlass org/springframework/boot/env/EnvironmentPostProcessorsFactory
instanceKlass org/springframework/boot/logging/DeferredLogFactory
instanceKlass org/springframework/boot/env/EnvironmentPostProcessorApplicationListener
instanceKlass  @bci org/springframework/util/MultiValueMapAdapter add (Ljava/lang/Object;Ljava/lang/Object;)V 5 <appendix> argL0 ; # org/springframework/util/MultiValueMapAdapter$$Lambda+0x000001b93302c978
instanceKlass org/springframework/util/MultiValueMapAdapter
instanceKlass org/springframework/core/ResolvableType$DefaultVariableResolver
instanceKlass sun/reflect/generics/reflectiveObjects/ParameterizedTypeImpl
instanceKlass sun/reflect/generics/tree/TypeVariableSignature
instanceKlass org/springframework/core/ResolvableType$TypeVariablesVariableResolver
instanceKlass org/springframework/core/ResolvableType$SyntheticParameterizedType
instanceKlass org/springframework/core/SerializableTypeWrapper$SerializableTypeProxy
instanceKlass java/lang/reflect/WildcardType
instanceKlass java/lang/reflect/ParameterizedType
instanceKlass org/springframework/core/SerializableTypeWrapper
instanceKlass sun/reflect/generics/reflectiveObjects/LazyReflectiveObjectGenerator
instanceKlass sun/reflect/generics/tree/ClassSignature
instanceKlass sun/reflect/generics/tree/Signature
instanceKlass sun/reflect/generics/tree/FormalTypeParameter
instanceKlass java/lang/reflect/TypeVariable
instanceKlass sun/reflect/generics/repository/AbstractRepository
instanceKlass org/springframework/core/ResolvableType$EmptyType
instanceKlass org/springframework/core/ResolvableType$VariableResolver
instanceKlass org/springframework/core/SerializableTypeWrapper$TypeProvider
instanceKlass org/springframework/core/ResolvableType
instanceKlass org/springframework/boot/context/properties/bind/Bindable
instanceKlass org/springframework/boot/context/properties/source/ConfigurationPropertyName$ElementsParser
instanceKlass org/springframework/boot/context/properties/source/ConfigurationPropertyName$Elements
instanceKlass org/springframework/boot/context/properties/source/ConfigurationPropertyName
instanceKlass org/springframework/boot/context/logging/LoggingApplicationListener
instanceKlass org/springframework/context/event/GenericApplicationListener
instanceKlass org/springframework/context/event/SmartApplicationListener
instanceKlass org/springframework/boot/context/config/DelegatingApplicationListener
instanceKlass org/springframework/boot/context/config/AnsiOutputApplicationListener
instanceKlass org/springframework/boot/context/FileEncodingApplicationListener
instanceKlass org/springframework/boot/builder/ParentContextCloserApplicationListener
instanceKlass org/springframework/context/ApplicationContextAware
instanceKlass org/springframework/beans/factory/Aware
instanceKlass org/springframework/boot/ClearCachesApplicationListener
instanceKlass org/springframework/core/DecoratingProxy
instanceKlass org/springframework/core/annotation/AbstractMergedAnnotation
instanceKlass java/lang/annotation/Target
# instanceKlass java/lang/invoke/LambdaForm$MH+0x000001b933024400
instanceKlass java/lang/reflect/Proxy$ProxyBuilder$1
instanceKlass jdk/internal/org/objectweb/asm/Edge
instanceKlass  @bci java/lang/reflect/ProxyGenerator addProxyMethod (Ljava/lang/reflect/Method;Ljava/lang/Class;)V 23 <appendix> argL0 ; # java/lang/reflect/ProxyGenerator$$Lambda+0x000001b933065bd0
instanceKlass  @bci java/lang/reflect/ProxyGenerator addProxyMethod (Ljava/lang/reflect/ProxyGenerator$ProxyMethod;)V 10 <appendix> argL0 ; # java/lang/reflect/ProxyGenerator$$Lambda+0x000001b9330659a0
instanceKlass java/util/StringJoiner
instanceKlass java/lang/reflect/ProxyGenerator$ProxyMethod
instanceKlass  @bci java/lang/reflect/Proxy getLoader (Ljava/lang/Module;)Ljava/lang/ClassLoader; 6 <appendix> member <vmtarget> ; # java/lang/reflect/Proxy$$Lambda+0x000001b933065028
instanceKlass  @bci java/lang/WeakPairMap computeIfAbsent (Ljava/lang/Object;Ljava/lang/Object;Ljava/util/function/BiFunction;)Ljava/lang/Object; 18 <appendix> member <vmtarget> ; # java/lang/WeakPairMap$$Lambda+0x000001b933064bf0
instanceKlass  @bci java/lang/Module implAddExportsOrOpens (Ljava/lang/String;Ljava/lang/Module;ZZ)V 145 <appendix> argL0 ; # java/lang/Module$$Lambda+0x000001b9330649d0
instanceKlass  @bci java/lang/module/ModuleDescriptor$Builder packages (Ljava/util/Set;)Ljava/lang/module/ModuleDescriptor$Builder; 17 <appendix> argL0 ; # java/lang/module/ModuleDescriptor$Builder$$Lambda+0x800000002
instanceKlass java/lang/WeakPairMap$Pair$Lookup
instanceKlass java/lang/WeakPairMap$Pair
instanceKlass java/lang/WeakPairMap
instanceKlass java/lang/Module$ReflectionData
instanceKlass jdk/internal/module/Checks
instanceKlass java/lang/module/ModuleDescriptor$Builder
instanceKlass  @bci java/lang/reflect/Proxy$ProxyBuilder getDynamicModule (Ljava/lang/ClassLoader;)Ljava/lang/Module; 4 <appendix> argL0 ; # java/lang/reflect/Proxy$ProxyBuilder$$Lambda+0x000001b9330640b8
instanceKlass java/lang/PublicMethods
instanceKlass java/util/Collections$1
instanceKlass java/lang/reflect/Proxy$ProxyBuilder
instanceKlass  @bci java/lang/reflect/Proxy getProxyConstructor (Ljava/lang/Class;Ljava/lang/ClassLoader;[Ljava/lang/Class;)Ljava/lang/reflect/Constructor; 35 <appendix> argL0 ; # java/lang/reflect/Proxy$$Lambda+0x000001b933062e48
instanceKlass java/lang/reflect/Proxy
instanceKlass sun/reflect/annotation/AnnotationInvocationHandler
instanceKlass java/lang/reflect/InvocationHandler
instanceKlass sun/reflect/annotation/AnnotationParser$1
instanceKlass sun/reflect/annotation/ExceptionProxy
instanceKlass java/lang/annotation/Documented
instanceKlass java/lang/annotation/Inherited
instanceKlass java/lang/annotation/Retention
instanceKlass sun/reflect/annotation/AnnotationType$1
instanceKlass sun/reflect/annotation/AnnotationType
instanceKlass java/lang/reflect/GenericArrayType
instanceKlass java/lang/FunctionalInterface
instanceKlass sun/reflect/generics/visitor/Reifier
instanceKlass sun/reflect/generics/visitor/TypeTreeVisitor
instanceKlass sun/reflect/generics/factory/CoreReflectionFactory
instanceKlass sun/reflect/generics/factory/GenericsFactory
instanceKlass sun/reflect/generics/scope/AbstractScope
instanceKlass sun/reflect/generics/scope/Scope
instanceKlass sun/reflect/generics/tree/ClassTypeSignature
instanceKlass sun/reflect/generics/tree/SimpleClassTypeSignature
instanceKlass sun/reflect/generics/tree/FieldTypeSignature
instanceKlass sun/reflect/generics/tree/BaseType
instanceKlass sun/reflect/generics/tree/TypeSignature
instanceKlass sun/reflect/generics/tree/ReturnType
instanceKlass sun/reflect/generics/tree/TypeArgument
instanceKlass sun/reflect/generics/tree/TypeTree
instanceKlass sun/reflect/generics/tree/Tree
instanceKlass sun/reflect/generics/parser/SignatureParser
instanceKlass java/lang/Class$AnnotationData
instanceKlass org/springframework/core/annotation/AnnotationsScanner$1
instanceKlass org/springframework/core/annotation/MergedAnnotationSelectors$FirstDirectlyDeclared
instanceKlass org/springframework/core/annotation/MergedAnnotationSelectors$Nearest
instanceKlass org/springframework/core/annotation/MergedAnnotationSelector
instanceKlass org/springframework/core/annotation/MergedAnnotationSelectors
instanceKlass org/springframework/core/annotation/MergedAnnotation
instanceKlass org/springframework/core/annotation/TypeMappedAnnotations$MergedAnnotationFinder
instanceKlass org/springframework/core/annotation/Order
instanceKlass org/springframework/core/annotation/OrderUtils
instanceKlass org/springframework/core/annotation/AnnotationsScanner
instanceKlass org/springframework/core/annotation/AnnotationsProcessor
instanceKlass org/springframework/core/annotation/TypeMappedAnnotations
instanceKlass org/springframework/core/annotation/AnnotationFilter$2
instanceKlass org/springframework/core/annotation/AnnotationFilter$1
instanceKlass org/springframework/core/annotation/PackagesAnnotationFilter
instanceKlass org/springframework/core/annotation/AnnotationFilter
instanceKlass org/springframework/core/annotation/RepeatableContainers
instanceKlass org/springframework/core/annotation/MergedAnnotations
instanceKlass org/springframework/core/PriorityOrdered
instanceKlass java/util/TimSort
instanceKlass org/springframework/boot/autoconfigure/logging/ConditionEvaluationReportLoggingListener
instanceKlass org/springframework/boot/autoconfigure/SharedMetadataReaderFactoryContextInitializer
instanceKlass org/springframework/boot/web/context/ServerPortInfoApplicationContextInitializer
instanceKlass org/springframework/context/ApplicationListener
instanceKlass java/util/EventListener
instanceKlass org/springframework/boot/rsocket/context/RSocketPortInfoApplicationContextInitializer
instanceKlass org/springframework/boot/context/config/DelegatingApplicationContextInitializer
instanceKlass org/springframework/boot/context/ContextIdApplicationContextInitializer
instanceKlass org/springframework/core/Ordered
instanceKlass  @bci org/springframework/util/ReflectionUtils <clinit> ()V 8 <appendix> argL0 ; # org/springframework/util/ReflectionUtils$$Lambda+0x000001b933021c18
instanceKlass org/springframework/util/ReflectionUtils$FieldFilter
instanceKlass  @bci org/springframework/util/ReflectionUtils <clinit> ()V 0 <appendix> argL0 ; # org/springframework/util/ReflectionUtils$$Lambda+0x000001b933021808
instanceKlass  @cpi org/springframework/boot/context/properties/PropertyMapper 113 form vmentry <vmtarget> ; # java/lang/invoke/LambdaForm$DMH+0x000001b933024000
instanceKlass org/springframework/util/ReflectionUtils$MethodFilter
instanceKlass org/springframework/util/ReflectionUtils
instanceKlass java/lang/Long$LongCache
instanceKlass java/lang/Short$ShortCache
instanceKlass java/lang/Byte$ByteCache
instanceKlass org/springframework/asm/ClassVisitor
instanceKlass org/springframework/core/LocalVariableTableParameterNameDiscoverer
instanceKlass org/springframework/core/StandardReflectionParameterNameDiscoverer
instanceKlass org/springframework/core/KotlinDetector
instanceKlass org/springframework/core/PrioritizedParameterNameDiscoverer
instanceKlass org/springframework/core/ParameterNameDiscoverer
instanceKlass org/springframework/beans/BeanUtils
instanceKlass org/springframework/boot/context/ConfigurationWarningsApplicationContextInitializer
instanceKlass org/springframework/context/ApplicationContextInitializer
instanceKlass org/springframework/util/ObjectUtils
instanceKlass java/util/stream/ForEachOps$ForEachOp
instanceKlass java/util/stream/ForEachOps
instanceKlass  @bci org/springframework/boot/SpringApplication getBootstrapRegistryInitializersFromSpringFactories ()Ljava/util/List; 35 <appendix> member <vmtarget> ; # org/springframework/boot/SpringApplication$$Lambda+0x000001b93301f468
instanceKlass  @cpi org/springframework/boot/SpringApplication 817 form vmentry <vmtarget> ; # java/lang/invoke/LambdaForm$DMH+0x000001b93301d400
instanceKlass  @bci org/springframework/boot/SpringApplication getBootstrapRegistryInitializersFromSpringFactories ()Ljava/util/List; 19 <appendix> argL0 ; # org/springframework/boot/SpringApplication$$Lambda+0x000001b93301f238
instanceKlass org/springframework/boot/BootstrapRegistryInitializer
instanceKlass org/springframework/core/OrderComparator
instanceKlass java/util/LinkedHashMap$LinkedHashIterator
instanceKlass org/springframework/util/ConcurrentReferenceHashMap$Entry
instanceKlass  @bci org/springframework/util/ConcurrentReferenceHashMap$Segment doTask (ILjava/lang/Object;Lorg/springframework/util/ConcurrentReferenceHashMap$Task;)Ljava/lang/Object; 112 <adapter> ; # java/lang/invoke/LambdaForm$MH+0x000001b93301d000
# instanceKlass java/lang/invoke/LambdaForm$DMH+0x000001b93301cc00
instanceKlass  @bci org/springframework/util/ConcurrentReferenceHashMap$Segment doTask (ILjava/lang/Object;Lorg/springframework/util/ConcurrentReferenceHashMap$Task;)Ljava/lang/Object; 112 <appendix> form vmentry <vmtarget> ; # java/lang/invoke/LambdaForm$DMH+0x000001b93301c800
instanceKlass  @bci org/springframework/util/ConcurrentReferenceHashMap$Segment doTask (ILjava/lang/Object;Lorg/springframework/util/ConcurrentReferenceHashMap$Task;)Ljava/lang/Object; 112 <appendix> member <vmtarget> ; # org/springframework/util/ConcurrentReferenceHashMap$Segment$$Lambda+0x000001b93301e428
instanceKlass  @cpi org/springframework/util/ConcurrentReferenceHashMap$Segment 196 form vmentry <vmtarget> ; # java/lang/invoke/LambdaForm$DMH+0x000001b93301c400
instanceKlass org/springframework/util/ConcurrentReferenceHashMap$Entries
instanceKlass java/util/stream/ReduceOps$AccumulatingSink
instanceKlass java/util/stream/ReduceOps$Box
instanceKlass java/util/stream/ReduceOps$ReduceOp
instanceKlass java/util/stream/ReduceOps
instanceKlass  @bci java/util/function/Function andThen (Ljava/util/function/Function;)Ljava/util/function/Function; 7 <appendix> member <vmtarget> ; # java/util/function/Function$$Lambda+0x000001b93305bfe0
instanceKlass  @cpi java/util/function/Function 58 form vmentry <vmtarget> ; # java/lang/invoke/LambdaForm$DMH+0x000001b93301c000
instanceKlass  @bci org/springframework/core/io/support/SpringFactoriesLoader lambda$loadSpringFactories$1 (Ljava/lang/String;Ljava/util/List;)Ljava/util/List; 14 <appendix> argL0 ; # org/springframework/core/io/support/SpringFactoriesLoader$$Lambda+0x000001b93301bbe8
instanceKlass  @bci java/util/stream/Collectors castingIdentity ()Ljava/util/function/Function; 0 <appendix> argL0 ; # java/util/stream/Collectors$$Lambda+0x800000043
instanceKlass  @bci java/util/stream/Collectors toList ()Ljava/util/stream/Collector; 14 <appendix> argL0 ; # java/util/stream/Collectors$$Lambda+0x000001b93305bda8
instanceKlass java/util/function/BinaryOperator
instanceKlass  @bci java/util/stream/Collectors toList ()Ljava/util/stream/Collector; 9 <appendix> argL0 ; # java/util/stream/Collectors$$Lambda+0x000001b93305bb88
instanceKlass java/util/function/BiConsumer
instanceKlass  @bci java/util/stream/Collectors toList ()Ljava/util/stream/Collector; 4 <appendix> argL0 ; # java/util/stream/Collectors$$Lambda+0x000001b93305b978
instanceKlass java/util/stream/Collector
instanceKlass java/util/stream/Collectors
instanceKlass java/util/stream/DistinctOps
instanceKlass java/util/ArrayList$ArrayListSpliterator
instanceKlass  @bci org/springframework/core/io/support/SpringFactoriesLoader loadSpringFactories (Ljava/lang/ClassLoader;)Ljava/util/Map; 200 <appendix> argL0 ; # org/springframework/core/io/support/SpringFactoriesLoader$$Lambda+0x000001b93301b9c8
instanceKlass  @bci org/springframework/core/io/support/SpringFactoriesLoader loadSpringFactories (Ljava/lang/ClassLoader;)Ljava/util/Map; 163 <appendix> argL0 ; # org/springframework/core/io/support/SpringFactoriesLoader$$Lambda+0x000001b93301b798
instanceKlass java/util/Collections$SynchronizedCollection
instanceKlass java/util/Properties$EntrySet
instanceKlass org/springframework/util/MultiValueMap
instanceKlass org/springframework/util/CollectionUtils
instanceKlass org/springframework/util/StringUtils
instanceKlass org/springframework/util/ResourceUtils
instanceKlass sun/net/www/protocol/jar/JarFileFactory
instanceKlass sun/net/www/protocol/jar/URLJarFile$URLJarFileCloseController
instanceKlass org/springframework/core/SpringProperties
instanceKlass org/springframework/util/PropertiesPersister
instanceKlass org/springframework/core/io/support/PropertiesLoaderUtils
instanceKlass org/springframework/core/io/AbstractResource
instanceKlass org/springframework/core/io/Resource
instanceKlass org/springframework/core/io/InputStreamSource
instanceKlass org/springframework/core/io/support/SpringFactoriesLoader
instanceKlass org/springframework/boot/Bootstrapper
instanceKlass org/springframework/web/context/ConfigurableWebApplicationContext
instanceKlass org/springframework/web/context/WebApplicationContext
instanceKlass javax/servlet/Servlet
instanceKlass java/io/Externalizable
instanceKlass java/util/IdentityHashMap$EntryIterator$Entry
instanceKlass java/util/IdentityHashMap$IdentityHashMapIterator
instanceKlass org/springframework/util/ConcurrentReferenceHashMap$Reference
instanceKlass org/springframework/util/ConcurrentReferenceHashMap$ReferenceManager
instanceKlass org/springframework/util/ConcurrentReferenceHashMap$Task
instanceKlass org/springframework/util/ClassUtils
instanceKlass java/util/Arrays$ArrayItr
instanceKlass org/springframework/util/Assert
instanceKlass org/springframework/core/metrics/DefaultApplicationStartup$DefaultStartupStep$DefaultTags
instanceKlass org/springframework/core/metrics/StartupStep$Tags
instanceKlass org/springframework/core/metrics/DefaultApplicationStartup$DefaultStartupStep
instanceKlass org/springframework/core/metrics/StartupStep
instanceKlass org/springframework/core/metrics/DefaultApplicationStartup
instanceKlass org/springframework/core/metrics/ApplicationStartup
instanceKlass  @bci org/springframework/boot/ApplicationContextFactory <clinit> ()V 0 <appendix> argL0 ; # org/springframework/boot/ApplicationContextFactory$$Lambda+0x000001b933016c28
instanceKlass org/springframework/context/ConfigurableApplicationContext
instanceKlass org/springframework/context/Lifecycle
instanceKlass org/springframework/boot/ApplicationContextFactory
instanceKlass org/apache/commons/logging/LogAdapter$Slf4jLog
instanceKlass ch/qos/logback/classic/util/LoggerNameUtil
instanceKlass ch/qos/logback/classic/selector/DefaultContextSelector
instanceKlass ch/qos/logback/core/util/StatusPrinter
instanceKlass ch/qos/logback/core/status/StatusUtil
instanceKlass ch/qos/logback/core/spi/AppenderAttachableImpl
instanceKlass ch/qos/logback/core/util/EnvUtil
instanceKlass ch/qos/logback/core/pattern/Converter
instanceKlass java/util/Date
instanceKlass java/text/DigitList
instanceKlass java/text/FieldPosition
instanceKlass java/lang/StringUTF16$CharsSpliterator
instanceKlass java/util/stream/Sink$ChainedInt
instanceKlass  @bci java/util/stream/FindOps$FindSink$OfInt <clinit> ()V 43 <appendix> argL0 ; # java/util/stream/FindOps$FindSink$OfInt$$Lambda+0x800000049
instanceKlass  @bci java/util/stream/FindOps$FindSink$OfInt <clinit> ()V 38 <appendix> argL0 ; # java/util/stream/FindOps$FindSink$OfInt$$Lambda+0x80000004b
instanceKlass  @bci java/util/stream/FindOps$FindSink$OfInt <clinit> ()V 16 <appendix> argL0 ; # java/util/stream/FindOps$FindSink$OfInt$$Lambda+0x80000004a
instanceKlass  @bci java/util/stream/FindOps$FindSink$OfInt <clinit> ()V 11 <appendix> argL0 ; # java/util/stream/FindOps$FindSink$OfInt$$Lambda+0x80000004c
instanceKlass java/util/function/Predicate
instanceKlass java/util/OptionalInt
instanceKlass java/util/stream/FindOps$FindOp
instanceKlass java/util/stream/TerminalOp
instanceKlass java/util/stream/Sink$OfInt
instanceKlass java/util/function/IntConsumer
instanceKlass java/util/stream/FindOps$FindSink
instanceKlass java/util/stream/TerminalSink
instanceKlass java/util/stream/FindOps
instanceKlass  @bci java/text/DecimalFormatSymbols findNonFormatChar (Ljava/lang/String;C)C 4 <appendix> argL0 ; # java/text/DecimalFormatSymbols$$Lambda+0x80000000d
instanceKlass java/util/function/IntPredicate
instanceKlass java/util/stream/IntStream
instanceKlass java/lang/StringLatin1$CharsSpliterator
instanceKlass  @bci sun/util/locale/provider/JRELocaleProviderAdapter getDecimalFormatSymbolsProvider ()Ljava/text/spi/DecimalFormatSymbolsProvider; 8 <appendix> member <vmtarget> ; # sun/util/locale/provider/JRELocaleProviderAdapter$$Lambda+0x80000006b
instanceKlass java/text/DecimalFormatSymbols
instanceKlass  @bci sun/util/locale/provider/JRELocaleProviderAdapter getNumberFormatProvider ()Ljava/text/spi/NumberFormatProvider; 8 <appendix> member <vmtarget> ; # sun/util/locale/provider/JRELocaleProviderAdapter$$Lambda+0x80000006c
instanceKlass  @bci sun/util/locale/provider/JRELocaleProviderAdapter getDateFormatSymbolsProvider ()Ljava/text/spi/DateFormatSymbolsProvider; 8 <appendix> member <vmtarget> ; # sun/util/locale/provider/JRELocaleProviderAdapter$$Lambda+0x80000006a
instanceKlass java/text/DateFormatSymbols
instanceKlass sun/util/calendar/CalendarUtils
instanceKlass sun/util/calendar/CalendarDate
instanceKlass sun/util/resources/Bundles$CacheKeyReference
instanceKlass  @bci java/util/ResourceBundle$ResourceBundleProviderHelper newResourceBundle (Ljava/lang/Class;)Ljava/util/ResourceBundle; 22 <appendix> member <vmtarget> ; # java/util/ResourceBundle$ResourceBundleProviderHelper$$Lambda+0x800000012
instanceKlass java/util/ResourceBundle$ResourceBundleProviderHelper
instanceKlass  @bci sun/util/cldr/CLDRLocaleProviderAdapter applyAliases (Ljava/util/Locale;)Ljava/util/Locale; 4 <appendix> argL0 ; # sun/util/cldr/CLDRLocaleProviderAdapter$$Lambda+0x800000064
instanceKlass sun/util/resources/Bundles$CacheKey
instanceKlass java/util/ResourceBundle$1
instanceKlass jdk/internal/access/JavaUtilResourceBundleAccess
instanceKlass sun/util/resources/Bundles
instanceKlass sun/util/resources/LocaleData$LocaleDataStrategy
instanceKlass sun/util/resources/Bundles$Strategy
instanceKlass sun/util/resources/LocaleData$1
instanceKlass sun/util/resources/LocaleData
instanceKlass java/util/regex/Pattern$BitClass
instanceKlass java/util/regex/ASCII
instanceKlass sun/util/locale/provider/LocaleResources
instanceKlass java/util/stream/Sink$ChainedReference
instanceKlass java/util/stream/Node$Builder
instanceKlass java/util/stream/Sink
instanceKlass java/util/stream/Nodes$ArrayNode
instanceKlass java/util/stream/Node$OfDouble
instanceKlass java/util/stream/Node$OfLong
instanceKlass java/util/stream/Node$OfInt
instanceKlass java/util/stream/Node$OfPrimitive
instanceKlass java/util/stream/Nodes$EmptyNode
instanceKlass java/util/stream/Node
instanceKlass java/util/stream/Nodes
instanceKlass  @bci sun/util/locale/provider/LocaleProviderAdapter toLocaleArray (Ljava/util/Set;)[Ljava/util/Locale; 16 <appendix> argL0 ; # sun/util/locale/provider/LocaleProviderAdapter$$Lambda+0x80000006e
instanceKlass java/util/function/IntFunction
instanceKlass  @bci sun/util/locale/provider/LocaleProviderAdapter toLocaleArray (Ljava/util/Set;)[Ljava/util/Locale; 6 <appendix> argL0 ; # sun/util/locale/provider/LocaleProviderAdapter$$Lambda+0x80000006d
instanceKlass java/util/Spliterators$IteratorSpliterator
instanceKlass  @bci sun/util/cldr/CLDRLocaleProviderAdapter getCalendarDataProvider ()Ljava/util/spi/CalendarDataProvider; 8 <appendix> member <vmtarget> ; # sun/util/cldr/CLDRLocaleProviderAdapter$$Lambda+0x800000067
instanceKlass java/util/ResourceBundle
instanceKlass java/util/ResourceBundle$Control
instanceKlass sun/util/locale/provider/CalendarDataUtility$CalendarWeekParameterGetter
instanceKlass sun/util/locale/provider/LocaleServiceProviderPool$LocalizedObjectGetter
instanceKlass sun/util/locale/provider/LocaleServiceProviderPool
instanceKlass java/util/Locale$Builder
instanceKlass sun/util/locale/provider/CalendarDataUtility
instanceKlass sun/util/calendar/CalendarSystem$GregorianHolder
instanceKlass sun/util/calendar/CalendarSystem
instanceKlass java/util/Calendar$Builder
instanceKlass java/util/regex/IntHashSet
instanceKlass java/util/regex/Matcher
instanceKlass java/util/regex/MatchResult
instanceKlass java/util/regex/Pattern$TreeInfo
instanceKlass  @bci java/util/regex/Pattern Single (I)Ljava/util/regex/Pattern$BmpCharPredicate; 1 <appendix> member <vmtarget> ; # java/util/regex/Pattern$$Lambda+0x80000002a
instanceKlass java/util/regex/Pattern$BmpCharPredicate
instanceKlass java/util/regex/Pattern$CharPredicate
instanceKlass java/util/regex/Pattern$Node
instanceKlass java/util/regex/Pattern
instanceKlass sun/util/locale/provider/AvailableLanguageTags
instanceKlass  @bci sun/util/locale/provider/JRELocaleProviderAdapter getCalendarProvider ()Lsun/util/spi/CalendarProvider; 8 <appendix> member <vmtarget> ; # sun/util/locale/provider/JRELocaleProviderAdapter$$Lambda+0x800000068
instanceKlass java/util/ServiceLoader$ProviderImpl
instanceKlass java/util/ServiceLoader$Provider
instanceKlass java/util/ServiceLoader$1
instanceKlass sun/util/resources/cldr/provider/CLDRLocaleDataMetaInfo
instanceKlass jdk/internal/module/ModulePatcher$PatchedModuleReader
instanceKlass java/util/concurrent/CopyOnWriteArrayList$COWIterator
instanceKlass  @bci sun/util/cldr/CLDRLocaleProviderAdapter <init> ()V 4 <appendix> argL0 ; # sun/util/cldr/CLDRLocaleProviderAdapter$$Lambda+0x800000066
instanceKlass sun/util/locale/LocaleObjectCache
instanceKlass sun/util/locale/BaseLocale$Key
instanceKlass sun/util/locale/InternalLocaleBuilder$CaseInsensitiveChar
instanceKlass sun/util/locale/InternalLocaleBuilder
instanceKlass sun/util/locale/StringTokenIterator
instanceKlass sun/util/locale/ParseStatus
instanceKlass sun/util/locale/LanguageTag
instanceKlass sun/util/cldr/CLDRBaseLocaleDataMetaInfo
instanceKlass sun/util/locale/provider/LocaleDataMetaInfo
instanceKlass sun/util/locale/provider/ResourceBundleBasedAdapter
instanceKlass sun/util/locale/provider/LocaleProviderAdapter
instanceKlass java/util/spi/LocaleServiceProvider
instanceKlass sun/util/calendar/ZoneInfoFile$ZoneOffsetTransitionRule
instanceKlass java/lang/invoke/VarHandle$AccessDescriptor
instanceKlass jdk/internal/util/ByteArray
instanceKlass sun/util/calendar/ZoneInfoFile$1
instanceKlass sun/util/calendar/ZoneInfoFile
instanceKlass java/util/TimeZone
instanceKlass java/util/Calendar
instanceKlass java/text/AttributedCharacterIterator$Attribute
instanceKlass java/text/Format
instanceKlass ch/qos/logback/core/util/CachingDateFormatter
instanceKlass java/lang/invoke/VarForm
instanceKlass java/lang/invoke/VarHandleGuards
instanceKlass java/lang/ClassValue$Version
instanceKlass java/lang/ClassValue$Identity
instanceKlass java/lang/ClassValue
instanceKlass java/lang/invoke/VarHandles
instanceKlass java/util/concurrent/atomic/AtomicBoolean
instanceKlass ch/qos/logback/core/util/COWArrayList
instanceKlass ch/qos/logback/core/spi/FilterAttachableImpl
instanceKlass ch/qos/logback/core/Appender
instanceKlass ch/qos/logback/core/spi/FilterAttachable
instanceKlass ch/qos/logback/core/encoder/Encoder
instanceKlass ch/qos/logback/core/Layout
instanceKlass ch/qos/logback/core/spi/ContextAwareBase
instanceKlass java/util/ServiceLoader$3
instanceKlass java/util/ServiceLoader$2
instanceKlass java/util/ServiceLoader$LazyClassPathLookupIterator
instanceKlass java/util/Spliterators$1Adapter
instanceKlass java/util/function/Consumer
# instanceKlass java/lang/invoke/LambdaForm$MH+0x000001b93300cc00
instanceKlass sun/reflect/annotation/AnnotationParser
instanceKlass java/lang/Class$3
instanceKlass java/util/EnumMap$1
instanceKlass java/util/stream/StreamOpFlag$MaskBuilder
instanceKlass java/util/stream/Stream
instanceKlass java/util/stream/BaseStream
instanceKlass java/util/stream/PipelineHelper
instanceKlass java/util/stream/StreamSupport
instanceKlass java/util/Spliterators$ArraySpliterator
instanceKlass java/util/Spliterator$OfDouble
instanceKlass java/util/Spliterator$OfLong
instanceKlass java/util/Spliterator$OfInt
instanceKlass java/util/Spliterator$OfPrimitive
instanceKlass java/util/Spliterator
instanceKlass java/util/Spliterators$EmptySpliterator
instanceKlass java/util/Spliterators
instanceKlass java/util/ServiceLoader$ModuleServicesLookupIterator
instanceKlass java/util/ServiceLoader
instanceKlass ch/qos/logback/classic/util/EnvUtil
instanceKlass ch/qos/logback/classic/spi/Configurator
instanceKlass ch/qos/logback/core/spi/ContextAware
instanceKlass ch/qos/logback/core/status/StatusBase
instanceKlass java/security/PermissionsEnumerator
instanceKlass  @bci java/io/FilePermissionCollection add (Ljava/security/Permission;)V 68 <appendix> argL0 ; # java/io/FilePermissionCollection$$Lambda+0x000001b933053460
instanceKlass sun/net/www/MessageHeader
instanceKlass java/net/URLConnection
instanceKlass  @bci java/util/PropertyPermissionCollection add (Ljava/security/Permission;)V 71 <appendix> member <vmtarget> ; # java/util/PropertyPermissionCollection$$Lambda+0x000001b933052310
instanceKlass  @bci java/net/SocketPermissionCollection add (Ljava/security/Permission;)V 69 <appendix> member <vmtarget> ; # java/net/SocketPermissionCollection$$Lambda+0x000001b933051eb8
instanceKlass sun/security/provider/PolicyFile$8
instanceKlass sun/security/provider/PolicyFile$6
instanceKlass java/nio/charset/StandardCharsets
instanceKlass sun/security/util/PolicyUtil
instanceKlass sun/security/provider/PolicyFile$4
instanceKlass sun/security/util/SecurityProperties
instanceKlass sun/security/util/FilePermCompat
instanceKlass java/io/FilePermission$1
instanceKlass jdk/internal/access/JavaIOFilePermissionAccess
instanceKlass java/util/Collections$UnmodifiableCollection$1
instanceKlass java/util/Collections$UnmodifiableCollection
instanceKlass java/util/ComparableTimSort
instanceKlass java/util/Arrays$LegacyMergeSort
instanceKlass java/net/HostPortrange
instanceKlass java/net/URLPermission$Authority
# instanceKlass java/lang/invoke/LambdaForm$MH+0x000001b93300c800
instanceKlass java/lang/invoke/LambdaFormEditor$1
instanceKlass  @bci sun/security/ec/ParametersMap get (Ljava/util/function/Function;Ljava/security/spec/AlgorithmParameterSpec;)Ljava/lang/Object; 29 <appendix> form vmentry <vmtarget> ; # java/lang/invoke/LambdaForm$MH+0x000001b93300c400
instanceKlass jdk/internal/reflect/MethodHandleAccessorFactory$LazyStaticHolder
instanceKlass jdk/internal/reflect/MethodHandleAccessorFactory
instanceKlass sun/security/util/SecurityConstants
instanceKlass sun/security/provider/PolicyFile$PolicyEntry
instanceKlass java/util/Vector$1
instanceKlass sun/security/util/PropertyExpander
instanceKlass sun/security/provider/PolicyParser$PermissionEntry
instanceKlass sun/security/provider/PolicyParser$GrantEntry
instanceKlass sun/nio/ch/IOStatus
instanceKlass sun/nio/ch/Util$BufferCache
instanceKlass sun/nio/ch/Util
instanceKlass sun/nio/ch/NativeThread
instanceKlass java/nio/charset/CoderResult
instanceKlass java/io/StreamTokenizer
instanceKlass sun/security/provider/PolicyParser
instanceKlass java/nio/channels/NetworkChannel
instanceKlass sun/nio/ch/SelChImpl
instanceKlass sun/nio/ch/Streams
instanceKlass java/nio/channels/Channels
instanceKlass sun/nio/ch/FileChannelImpl$Closer
instanceKlass sun/nio/ch/NativeThreadSet
instanceKlass sun/nio/ch/IOUtil
instanceKlass sun/nio/ch/NativeDispatcher
instanceKlass java/nio/channels/spi/AbstractInterruptibleChannel
instanceKlass java/nio/channels/InterruptibleChannel
instanceKlass java/nio/channels/ScatteringByteChannel
instanceKlass java/nio/channels/GatheringByteChannel
instanceKlass java/nio/channels/SeekableByteChannel
instanceKlass java/nio/channels/ByteChannel
instanceKlass java/nio/channels/WritableByteChannel
instanceKlass java/nio/channels/ReadableByteChannel
instanceKlass java/nio/channels/Channel
instanceKlass sun/nio/fs/WindowsChannelFactory$Flags
instanceKlass sun/nio/fs/WindowsChannelFactory$1
instanceKlass sun/nio/fs/WindowsChannelFactory
instanceKlass sun/nio/fs/WindowsSecurityDescriptor
instanceKlass java/nio/file/attribute/FileAttribute
instanceKlass java/io/Reader
instanceKlass java/lang/Readable
instanceKlass java/nio/charset/CharsetDecoder
instanceKlass sun/security/provider/PolicyFile$2
instanceKlass java/security/ProtectionDomain$JavaSecurityAccessImpl$1
instanceKlass jdk/internal/access/JavaSecurityAccess$ProtectionDomainCache
instanceKlass java/util/Collections$SynchronizedMap
instanceKlass sun/security/provider/PolicyFile$PolicyInfo
instanceKlass sun/security/provider/PolicyFile$1
instanceKlass java/security/Security$1
instanceKlass jdk/internal/access/JavaSecurityPropertiesAccess
instanceKlass java/util/concurrent/ConcurrentHashMap$MapEntry
instanceKlass java/util/Properties$LineReader
instanceKlass  @bci com/zaxxer/hikari/pool/ProxyConnection$ClosedConnection getClosedConnection ()Ljava/sql/Connection; 0 <appendix> form vmentry <vmtarget> ; # java/lang/invoke/LambdaForm$MH+0x000001b93300c000
instanceKlass java/lang/invoke/MethodHandles$Lookup$ClassDefiner
instanceKlass java/lang/invoke/MethodHandles$Lookup$ClassFile
instanceKlass jdk/internal/org/objectweb/asm/Handler
instanceKlass jdk/internal/org/objectweb/asm/Attribute
instanceKlass jdk/internal/org/objectweb/asm/FieldVisitor
instanceKlass java/lang/invoke/InvokerBytecodeGenerator$ClassData
instanceKlass jdk/internal/org/objectweb/asm/AnnotationVisitor
instanceKlass jdk/internal/org/objectweb/asm/Frame
instanceKlass jdk/internal/org/objectweb/asm/Label
instanceKlass jdk/internal/org/objectweb/asm/MethodVisitor
instanceKlass java/lang/invoke/LambdaFormBuffer
instanceKlass java/lang/invoke/LambdaFormEditor$TransformKey
instanceKlass java/lang/invoke/LambdaFormEditor
instanceKlass java/lang/invoke/DelegatingMethodHandle$Holder
instanceKlass java/lang/invoke/DirectMethodHandle$2
instanceKlass java/lang/invoke/ClassSpecializer$Factory
instanceKlass java/lang/invoke/ClassSpecializer$SpeciesData
instanceKlass java/lang/invoke/ClassSpecializer$1
instanceKlass java/lang/invoke/ClassSpecializer
instanceKlass sun/invoke/empty/Empty
instanceKlass sun/invoke/util/VerifyType
instanceKlass  @bci java/security/Security <clinit> ()V 9 <appendix> argL0 ; # java/security/Security$$Lambda+0x80000000b
instanceKlass java/lang/invoke/LambdaProxyClassArchive
instanceKlass jdk/internal/org/objectweb/asm/ByteVector
instanceKlass jdk/internal/org/objectweb/asm/Symbol
instanceKlass jdk/internal/org/objectweb/asm/SymbolTable
instanceKlass jdk/internal/org/objectweb/asm/ClassVisitor
instanceKlass java/lang/invoke/InfoFromMemberName
instanceKlass java/lang/invoke/MethodHandleInfo
instanceKlass jdk/internal/org/objectweb/asm/ConstantDynamic
instanceKlass sun/invoke/util/BytecodeDescriptor
instanceKlass jdk/internal/org/objectweb/asm/Handle
instanceKlass sun/security/action/GetBooleanAction
instanceKlass jdk/internal/org/objectweb/asm/Type
instanceKlass java/lang/invoke/AbstractValidatingLambdaMetafactory
instanceKlass java/lang/invoke/MethodHandleImpl$1
instanceKlass jdk/internal/access/JavaLangInvokeAccess
instanceKlass java/lang/invoke/Invokers$Holder
instanceKlass java/lang/invoke/BootstrapMethodInvoker
instanceKlass java/lang/invoke/InvokerBytecodeGenerator$1
instanceKlass java/lang/invoke/InvokerBytecodeGenerator
instanceKlass java/lang/invoke/LambdaForm$Holder
instanceKlass java/lang/invoke/LambdaForm$Name
instanceKlass java/lang/invoke/Invokers
instanceKlass java/lang/invoke/MethodHandleImpl
instanceKlass sun/invoke/util/ValueConversions
instanceKlass java/lang/invoke/DirectMethodHandle$Holder
instanceKlass java/lang/invoke/LambdaForm$NamedFunction
instanceKlass sun/invoke/util/Wrapper$Format
instanceKlass java/lang/invoke/MethodTypeForm
instanceKlass java/lang/invoke/MethodType$ConcurrentWeakInternSet
instanceKlass java/lang/invoke/LambdaMetafactory
instanceKlass java/security/Security
instanceKlass java/security/Policy$1
instanceKlass java/security/Policy$PolicyInfo
instanceKlass java/security/Policy
instanceKlass ch/qos/logback/core/util/Loader$1
instanceKlass ch/qos/logback/core/util/Loader
instanceKlass ch/qos/logback/core/util/OptionHelper
instanceKlass ch/qos/logback/core/status/StatusListener
instanceKlass ch/qos/logback/core/util/StatusListenerConfigHelper
instanceKlass ch/qos/logback/classic/util/ContextInitializer
instanceKlass ch/qos/logback/classic/selector/ContextSelector
instanceKlass ch/qos/logback/classic/util/ContextSelectorStaticBinder
instanceKlass ch/qos/logback/classic/Level
instanceKlass ch/qos/logback/classic/spi/ILoggingEvent
instanceKlass ch/qos/logback/core/spi/DeferredProcessingAware
instanceKlass ch/qos/logback/classic/Logger
instanceKlass ch/qos/logback/core/spi/AppenderAttachable
instanceKlass ch/qos/logback/classic/spi/LoggerContextVO
instanceKlass ch/qos/logback/core/spi/LogbackLock
instanceKlass ch/qos/logback/core/helpers/CyclicBuffer
instanceKlass ch/qos/logback/core/BasicStatusManager
instanceKlass ch/qos/logback/core/status/Status
instanceKlass ch/qos/logback/core/status/StatusManager
instanceKlass java/util/concurrent/ExecutorService
instanceKlass java/util/concurrent/Executor
instanceKlass ch/qos/logback/core/ContextBase
instanceKlass ch/qos/logback/core/spi/LifeCycle
instanceKlass ch/qos/logback/core/Context
instanceKlass ch/qos/logback/core/spi/PropertyContainer
instanceKlass org/slf4j/impl/StaticLoggerBinder
instanceKlass org/slf4j/spi/LoggerFactoryBinder
instanceKlass jdk/internal/loader/URLClassPath$1
instanceKlass java/lang/CompoundEnumeration
instanceKlass jdk/internal/loader/BuiltinClassLoader$1
instanceKlass java/util/Collections$EmptyEnumeration
instanceKlass java/util/Collections$EmptyIterator
instanceKlass jdk/internal/jimage/ImageLocation
instanceKlass jdk/internal/jimage/decompressor/Decompressor
instanceKlass jdk/internal/jimage/ImageStringsReader
instanceKlass jdk/internal/jimage/ImageStrings
instanceKlass jdk/internal/jimage/ImageHeader
instanceKlass jdk/internal/jimage/NativeImageBuffer$1
instanceKlass jdk/internal/jimage/NativeImageBuffer
instanceKlass jdk/internal/jimage/BasicImageReader$1
instanceKlass jdk/internal/jimage/BasicImageReader
instanceKlass jdk/internal/jimage/ImageReader
instanceKlass jdk/internal/jimage/ImageReaderFactory$1
instanceKlass java/net/URI$Parser
instanceKlass java/nio/file/FileSystems$DefaultFileSystemHolder$1
instanceKlass java/nio/file/FileSystems$DefaultFileSystemHolder
instanceKlass java/nio/file/FileSystems
instanceKlass java/nio/file/Paths
instanceKlass jdk/internal/jimage/ImageReaderFactory
instanceKlass jdk/internal/module/SystemModuleFinders$SystemImage
instanceKlass jdk/internal/module/SystemModuleFinders$SystemModuleReader
instanceKlass java/lang/module/ModuleReader
instanceKlass jdk/internal/loader/BuiltinClassLoader$5
instanceKlass jdk/internal/loader/BuiltinClassLoader$2
instanceKlass jdk/internal/module/Resources
instanceKlass org/slf4j/helpers/Util
instanceKlass org/slf4j/helpers/NOPLoggerFactory
instanceKlass java/util/concurrent/LinkedBlockingQueue$Node
instanceKlass java/util/concurrent/BlockingQueue
instanceKlass org/slf4j/helpers/SubstituteLoggerFactory
instanceKlass org/slf4j/event/LoggingEvent
instanceKlass org/slf4j/ILoggerFactory
instanceKlass org/slf4j/LoggerFactory
instanceKlass org/apache/commons/logging/Log
instanceKlass org/apache/commons/logging/LogAdapter$Slf4jAdapter
instanceKlass org/apache/commons/logging/LogAdapter$1
instanceKlass org/slf4j/spi/LocationAwareLogger
instanceKlass org/slf4j/Logger
instanceKlass org/apache/logging/log4j/spi/Provider
instanceKlass org/apache/logging/log4j/spi/ExtendedLogger
instanceKlass org/apache/logging/log4j/Logger
instanceKlass org/apache/commons/logging/LogAdapter
instanceKlass org/apache/commons/logging/LogFactory
instanceKlass org/springframework/boot/ApplicationArguments
instanceKlass java/util/EventObject
instanceKlass org/springframework/beans/factory/config/BeanFactoryPostProcessor
instanceKlass org/springframework/context/ApplicationContext
instanceKlass org/springframework/core/io/support/ResourcePatternResolver
instanceKlass org/springframework/core/io/ResourceLoader
instanceKlass org/springframework/context/ApplicationEventPublisher
instanceKlass org/springframework/context/MessageSource
instanceKlass org/springframework/beans/factory/HierarchicalBeanFactory
instanceKlass org/springframework/beans/factory/ListableBeanFactory
instanceKlass org/springframework/beans/factory/BeanFactory
instanceKlass org/springframework/core/env/EnvironmentCapable
instanceKlass java/util/ArrayList$Itr
instanceKlass org/springframework/boot/ConfigurableBootstrapContext
instanceKlass org/springframework/boot/BootstrapContext
instanceKlass org/springframework/boot/BootstrapRegistry
instanceKlass org/springframework/core/env/PropertySource
instanceKlass org/springframework/core/env/ConfigurableEnvironment
instanceKlass org/springframework/core/env/ConfigurablePropertyResolver
instanceKlass org/springframework/core/env/Environment
instanceKlass org/springframework/core/env/PropertyResolver
instanceKlass java/util/TreeMap$PrivateEntryIterator
instanceKlass java/util/TreeMap$Entry
instanceKlass java/util/NavigableMap
instanceKlass java/util/SortedMap
instanceKlass java/util/NavigableSet
instanceKlass java/util/SortedSet
instanceKlass java/util/SequencedSet
instanceKlass org/springframework/boot/SpringApplication
instanceKlass java/util/zip/Checksum$1
instanceKlass java/util/zip/CRC32
instanceKlass java/util/zip/Checksum
instanceKlass java/lang/reflect/Array
instanceKlass java/util/jar/Attributes$Name
instanceKlass java/util/SequencedMap
instanceKlass java/util/jar/Attributes
instanceKlass sun/security/action/GetIntegerAction
instanceKlass sun/security/util/SignatureFileVerifier
instanceKlass java/util/zip/ZipFile$InflaterCleanupAction
instanceKlass java/util/zip/Inflater$InflaterZStreamRef
instanceKlass java/util/zip/Inflater
instanceKlass java/util/zip/ZipEntry
instanceKlass java/util/zip/ZipFile$2
instanceKlass java/nio/Bits$1
instanceKlass jdk/internal/misc/VM$BufferPool
instanceKlass java/nio/Bits
instanceKlass sun/nio/ch/DirectBuffer
instanceKlass jdk/internal/perf/PerfCounter$CoreCounters
instanceKlass jdk/internal/perf/Perf
instanceKlass jdk/internal/perf/Perf$GetPerfAction
instanceKlass jdk/internal/perf/PerfCounter
instanceKlass sun/util/locale/LocaleUtils
instanceKlass sun/util/locale/BaseLocale
instanceKlass java/util/Locale
instanceKlass java/nio/file/attribute/FileTime
instanceKlass java/util/zip/ZipUtils
instanceKlass java/util/zip/ZipFile$Source$End
instanceKlass java/io/RandomAccessFile$2
instanceKlass jdk/internal/access/JavaIORandomAccessFileAccess
instanceKlass java/io/RandomAccessFile
instanceKlass java/io/DataInput
instanceKlass java/io/DataOutput
instanceKlass sun/nio/fs/WindowsNativeDispatcher$CompletionStatus
instanceKlass sun/nio/fs/WindowsNativeDispatcher$AclInformation
instanceKlass sun/nio/fs/WindowsNativeDispatcher$Account
instanceKlass sun/nio/fs/WindowsNativeDispatcher$DiskFreeSpace
instanceKlass sun/nio/fs/WindowsNativeDispatcher$VolumeInformation
instanceKlass sun/nio/fs/WindowsNativeDispatcher$FirstStream
instanceKlass sun/nio/fs/WindowsNativeDispatcher$FirstFile
instanceKlass java/util/Enumeration
instanceKlass java/util/concurrent/ConcurrentHashMap$Traverser
instanceKlass jdk/internal/loader/NativeLibraries$3
instanceKlass jdk/internal/loader/NativeLibrary
instanceKlass java/util/ArrayDeque$DeqIterator
instanceKlass jdk/internal/loader/NativeLibraries$NativeLibraryContext$1
instanceKlass jdk/internal/loader/NativeLibraries$NativeLibraryContext
instanceKlass jdk/internal/loader/NativeLibraries$2
instanceKlass jdk/internal/loader/NativeLibraries$1
instanceKlass jdk/internal/loader/NativeLibraries$LibraryPaths
instanceKlass sun/nio/fs/WindowsNativeDispatcher
instanceKlass sun/nio/fs/NativeBuffer$Deallocator
instanceKlass sun/nio/fs/NativeBuffer
instanceKlass java/lang/ThreadLocal$ThreadLocalMap
instanceKlass java/lang/ThreadLocal
instanceKlass sun/nio/fs/NativeBuffers
instanceKlass sun/nio/fs/WindowsFileAttributes
instanceKlass java/nio/file/attribute/DosFileAttributes
instanceKlass sun/nio/fs/AbstractBasicFileAttributeView
instanceKlass sun/nio/fs/DynamicFileAttributeView
instanceKlass sun/nio/fs/WindowsFileAttributeViews
instanceKlass sun/nio/fs/Util
instanceKlass java/nio/file/attribute/BasicFileAttributeView
instanceKlass java/nio/file/attribute/FileAttributeView
instanceKlass java/nio/file/attribute/AttributeView
instanceKlass java/nio/file/Files
instanceKlass java/nio/file/CopyOption
instanceKlass java/nio/file/attribute/BasicFileAttributes
instanceKlass sun/nio/fs/WindowsPath
instanceKlass java/nio/file/Path
instanceKlass java/nio/file/Watchable
instanceKlass java/util/zip/ZipFile$Source$Key
instanceKlass sun/nio/fs/WindowsPathParser$Result
instanceKlass sun/nio/fs/WindowsPathParser
instanceKlass java/nio/file/FileSystem
instanceKlass java/nio/file/OpenOption
instanceKlass java/nio/file/spi/FileSystemProvider
instanceKlass sun/nio/fs/DefaultFileSystemProvider
instanceKlass java/util/zip/ZipFile$Source
instanceKlass java/util/zip/ZipCoder
instanceKlass java/util/zip/ZipFile$CleanableResource
instanceKlass java/lang/Runtime$Version
instanceKlass java/util/jar/JavaUtilJarAccessImpl
instanceKlass jdk/internal/access/JavaUtilJarAccess
instanceKlass jdk/internal/loader/FileURLMapper
instanceKlass jdk/internal/loader/URLClassPath$JarLoader$1
instanceKlass java/util/zip/ZipFile$1
instanceKlass jdk/internal/access/JavaUtilZipFileAccess
instanceKlass java/util/zip/ZipFile
instanceKlass java/util/zip/ZipConstants
instanceKlass java/lang/Void
instanceKlass java/lang/PublicMethods$Key
instanceKlass java/lang/PublicMethods$MethodList
instanceKlass java/lang/Class$Atomic
instanceKlass java/lang/Class$ReflectionData
instanceKlass jdk/internal/misc/PreviewFeatures
instanceKlass jdk/internal/misc/MainMethodFinder
instanceKlass com/javaweb/Application
instanceKlass sun/security/util/Debug
instanceKlass java/security/SecureClassLoader$DebugHolder
instanceKlass java/security/Permission
instanceKlass java/security/Guard
instanceKlass java/security/PermissionCollection
instanceKlass java/security/SecureClassLoader$1
instanceKlass java/util/concurrent/ForkJoinPool$ManagedBlocker
instanceKlass java/util/concurrent/locks/AbstractQueuedSynchronizer$Node
instanceKlass java/io/FileInputStream$1
instanceKlass sun/nio/ByteBuffered
instanceKlass jdk/internal/ref/CleanerImpl
instanceKlass java/lang/ref/Cleaner$1
instanceKlass java/lang/ref/Cleaner
instanceKlass jdk/internal/ref/CleanerFactory$1
instanceKlass java/util/concurrent/ThreadFactory
instanceKlass jdk/internal/ref/CleanerFactory
instanceKlass java/lang/ref/Cleaner$Cleanable
instanceKlass java/lang/Package$VersionInfo
instanceKlass java/lang/NamedPackage
instanceKlass jdk/internal/loader/Resource
instanceKlass jdk/internal/loader/URLClassPath$Loader
instanceKlass jdk/internal/loader/URLClassPath$3
instanceKlass java/security/PrivilegedExceptionAction
instanceKlass sun/net/util/URLUtil
instanceKlass java/lang/StringCoding
instanceKlass sun/launcher/LauncherHelper
instanceKlass jdk/internal/vm/PostVMInitHook$1
instanceKlass jdk/internal/util/EnvUtils
instanceKlass jdk/internal/vm/PostVMInitHook$2
instanceKlass jdk/internal/vm/PostVMInitHook
instanceKlass java/lang/invoke/StringConcatFactory
instanceKlass java/lang/ModuleLayer$Controller
instanceKlass java/util/concurrent/CopyOnWriteArrayList
instanceKlass jdk/internal/module/ServicesCatalog$ServiceProvider
instanceKlass jdk/internal/loader/AbstractClassLoaderValue$Memoizer
instanceKlass java/util/ImmutableCollections$ListItr
instanceKlass java/util/ListIterator
instanceKlass java/lang/ModuleLayer
instanceKlass jdk/internal/module/ModuleLoaderMap$Modules
instanceKlass jdk/internal/module/ModuleLoaderMap$Mapper
instanceKlass jdk/internal/module/ModuleLoaderMap
instanceKlass java/util/AbstractMap$1$1
instanceKlass java/lang/module/ResolvedModule
instanceKlass java/lang/module/Configuration
instanceKlass jdk/internal/loader/BuiltinClassLoader$LoadedModule
instanceKlass jdk/internal/loader/AbstractClassLoaderValue
instanceKlass jdk/internal/module/ServicesCatalog
instanceKlass java/util/Deque
instanceKlass java/util/Queue
instanceKlass sun/net/util/IPAddressUtil$MASKS
instanceKlass sun/net/util/IPAddressUtil
instanceKlass java/net/URLStreamHandler
instanceKlass java/lang/StringUTF16
instanceKlass sun/net/www/ParseUtil
instanceKlass java/net/URL$3
instanceKlass jdk/internal/access/JavaNetURLAccess
instanceKlass java/net/URL$DefaultFactory
instanceKlass java/net/URLStreamHandlerFactory
instanceKlass jdk/internal/loader/URLClassPath
instanceKlass java/security/Principal
instanceKlass java/security/ProtectionDomain$Key
instanceKlass java/security/ProtectionDomain$JavaSecurityAccessImpl
instanceKlass jdk/internal/access/JavaSecurityAccess
instanceKlass java/lang/ClassLoader$ParallelLoaders
instanceKlass java/security/cert/Certificate
instanceKlass jdk/internal/loader/ArchivedClassLoaders
instanceKlass java/util/concurrent/ConcurrentHashMap$CollectionView
instanceKlass jdk/internal/loader/ClassLoaderHelper
instanceKlass jdk/internal/loader/NativeLibraries
instanceKlass java/lang/Module$EnableNativeAccess
instanceKlass jdk/internal/loader/BootLoader
instanceKlass java/util/Optional
instanceKlass jdk/internal/module/SystemModuleFinders$SystemModuleFinder
instanceKlass java/lang/module/ModuleFinder
instanceKlass jdk/internal/module/SystemModuleFinders$3
instanceKlass jdk/internal/module/ModuleHashes$HashSupplier
instanceKlass jdk/internal/module/SystemModuleFinders$2
instanceKlass java/util/function/Supplier
instanceKlass java/lang/module/ModuleReference
instanceKlass jdk/internal/module/ModuleResolution
instanceKlass java/util/Collections$UnmodifiableMap
instanceKlass jdk/internal/module/ModuleHashes$Builder
instanceKlass jdk/internal/module/ModuleHashes
instanceKlass jdk/internal/module/ModuleTarget
instanceKlass java/util/ImmutableCollections$Set12$1
instanceKlass java/lang/reflect/AccessFlag$18
instanceKlass java/lang/reflect/AccessFlag$17
instanceKlass java/lang/reflect/AccessFlag$16
instanceKlass java/lang/reflect/AccessFlag$15
instanceKlass java/lang/reflect/AccessFlag$14
instanceKlass java/lang/reflect/AccessFlag$13
instanceKlass java/lang/reflect/AccessFlag$12
instanceKlass java/lang/reflect/AccessFlag$11
instanceKlass java/lang/reflect/AccessFlag$10
instanceKlass java/lang/reflect/AccessFlag$9
instanceKlass java/lang/reflect/AccessFlag$8
instanceKlass java/lang/reflect/AccessFlag$7
instanceKlass java/lang/reflect/AccessFlag$6
instanceKlass java/lang/reflect/AccessFlag$5
instanceKlass java/lang/reflect/AccessFlag$4
instanceKlass java/lang/reflect/AccessFlag$3
instanceKlass java/lang/reflect/AccessFlag$2
instanceKlass java/lang/reflect/AccessFlag$1
instanceKlass java/lang/module/ModuleDescriptor$Version
instanceKlass java/lang/module/ModuleDescriptor$Provides
instanceKlass java/lang/module/ModuleDescriptor$Opens
instanceKlass java/util/ImmutableCollections$SetN$SetNIterator
instanceKlass java/lang/module/ModuleDescriptor$Exports
instanceKlass java/lang/module/ModuleDescriptor$Requires
instanceKlass jdk/internal/module/Builder
instanceKlass jdk/internal/module/SystemModules$default
instanceKlass jdk/internal/module/SystemModules
instanceKlass jdk/internal/module/SystemModulesMap
instanceKlass java/net/URI$1
instanceKlass jdk/internal/access/JavaNetUriAccess
instanceKlass java/net/URI
instanceKlass jdk/internal/module/SystemModuleFinders
instanceKlass jdk/internal/module/ArchivedModuleGraph
instanceKlass jdk/internal/module/ArchivedBootLayer
instanceKlass jdk/internal/module/ModuleBootstrap$Counters
instanceKlass jdk/internal/module/ModulePatcher
instanceKlass java/io/FileSystem
instanceKlass java/io/DefaultFileSystem
instanceKlass java/io/File
instanceKlass java/lang/module/ModuleDescriptor$1
instanceKlass jdk/internal/access/JavaLangModuleAccess
instanceKlass java/lang/reflect/Modifier
instanceKlass sun/invoke/util/VerifyAccess
instanceKlass java/util/KeyValueHolder
instanceKlass java/util/ImmutableCollections$MapN$MapNIterator
instanceKlass java/lang/StrictMath
instanceKlass java/lang/invoke/MethodHandles$Lookup
instanceKlass java/lang/invoke/MemberName$Factory
instanceKlass java/lang/invoke/MethodHandles
instanceKlass java/lang/module/ModuleDescriptor
instanceKlass jdk/internal/module/ModuleBootstrap
instanceKlass java/lang/Character$CharacterCache
instanceKlass java/util/HexFormat
instanceKlass jdk/internal/util/ClassFileDumper
instanceKlass sun/security/action/GetPropertyAction
instanceKlass java/lang/invoke/MethodHandleStatics
instanceKlass jdk/internal/misc/Blocker
instanceKlass java/util/concurrent/locks/AbstractQueuedSynchronizer$ConditionObject
instanceKlass java/util/Collections
instanceKlass java/util/concurrent/locks/Condition
instanceKlass java/lang/Thread$ThreadIdentifiers
instanceKlass sun/io/Win32ErrorMode
instanceKlass jdk/internal/misc/OSEnvironment
instanceKlass java/lang/Integer$IntegerCache
instanceKlass jdk/internal/misc/Signal$NativeHandler
instanceKlass java/util/Hashtable$Entry
instanceKlass jdk/internal/misc/Signal
instanceKlass java/lang/Terminator$1
instanceKlass jdk/internal/misc/Signal$Handler
instanceKlass java/lang/Terminator
instanceKlass java/nio/ByteOrder
instanceKlass java/nio/Buffer$2
instanceKlass jdk/internal/access/JavaNioAccess
instanceKlass java/nio/Buffer$1
instanceKlass jdk/internal/misc/ScopedMemoryAccess
instanceKlass java/nio/charset/CodingErrorAction
instanceKlass java/nio/charset/CharsetEncoder
instanceKlass java/io/Writer
instanceKlass java/io/PrintStream$1
instanceKlass jdk/internal/access/JavaIOPrintStreamAccess
instanceKlass jdk/internal/misc/InternalLock
instanceKlass java/io/OutputStream
instanceKlass java/io/Flushable
instanceKlass java/io/FileDescriptor$1
instanceKlass jdk/internal/access/JavaIOFileDescriptorAccess
instanceKlass java/io/FileDescriptor
instanceKlass jdk/internal/util/StaticProperty
instanceKlass java/util/HashMap$HashIterator
instanceKlass java/util/concurrent/locks/LockSupport
instanceKlass java/util/concurrent/ConcurrentHashMap$Node
instanceKlass java/util/concurrent/ConcurrentHashMap$CounterCell
instanceKlass java/util/concurrent/locks/ReentrantLock
instanceKlass java/util/concurrent/locks/Lock
instanceKlass java/lang/CharacterData
instanceKlass java/util/Arrays
instanceKlass jdk/internal/util/Preconditions$3
instanceKlass jdk/internal/util/Preconditions$2
instanceKlass jdk/internal/util/Preconditions$4
instanceKlass java/util/function/BiFunction
instanceKlass jdk/internal/util/Preconditions$1
instanceKlass java/util/function/Function
instanceKlass jdk/internal/util/Preconditions
instanceKlass java/lang/Runtime
instanceKlass java/lang/VersionProps
instanceKlass java/lang/StringConcatHelper
instanceKlass java/util/HashMap$Node
instanceKlass java/util/Map$Entry
instanceKlass jdk/internal/util/ArraysSupport
instanceKlass sun/nio/cs/HistoricallyNamedCharset
instanceKlass java/nio/charset/spi/CharsetProvider
instanceKlass java/nio/charset/Charset
instanceKlass jdk/internal/util/SystemProps$Raw
instanceKlass jdk/internal/util/SystemProps
instanceKlass java/lang/System$2
instanceKlass jdk/internal/access/JavaLangAccess
instanceKlass java/lang/ref/NativeReferenceQueue$Lock
instanceKlass java/lang/ref/ReferenceQueue
instanceKlass java/lang/ref/Reference$1
instanceKlass jdk/internal/access/JavaLangRefAccess
instanceKlass jdk/internal/reflect/ReflectionFactory
instanceKlass java/lang/Math
instanceKlass java/lang/StringLatin1
instanceKlass jdk/internal/reflect/Reflection
instanceKlass jdk/internal/reflect/ReflectionFactory$GetReflectionFactoryAction
instanceKlass java/security/PrivilegedAction
instanceKlass jdk/internal/access/SharedSecrets
instanceKlass java/lang/reflect/ReflectAccess
instanceKlass jdk/internal/access/JavaLangReflectAccess
instanceKlass java/util/ImmutableCollections
instanceKlass java/util/Objects
instanceKlass java/util/Set
instanceKlass jdk/internal/misc/CDS
instanceKlass java/lang/Module$ArchivedData
instanceKlass jdk/internal/misc/VM
instanceKlass java/lang/String$CaseInsensitiveComparator
instanceKlass java/util/Comparator
instanceKlass java/io/ObjectStreamField
instanceKlass jdk/internal/vm/FillerObject
instanceKlass jdk/internal/vm/vector/VectorSupport$VectorPayload
instanceKlass jdk/internal/vm/vector/VectorSupport
instanceKlass java/lang/reflect/RecordComponent
instanceKlass java/util/Iterator
instanceKlass java/lang/Number
instanceKlass java/lang/Character
instanceKlass java/lang/Boolean
instanceKlass java/util/concurrent/locks/AbstractOwnableSynchronizer
instanceKlass java/lang/LiveStackFrame
instanceKlass java/lang/StackFrameInfo
instanceKlass java/lang/StackWalker$StackFrame
instanceKlass java/lang/StackStreamFactory$AbstractStackWalker
instanceKlass java/lang/StackWalker
instanceKlass java/nio/Buffer
instanceKlass java/lang/StackTraceElement
instanceKlass java/util/RandomAccess
instanceKlass java/util/List
instanceKlass java/util/SequencedCollection
instanceKlass java/util/AbstractCollection
instanceKlass java/util/Collection
instanceKlass java/lang/Iterable
instanceKlass java/util/concurrent/ConcurrentMap
instanceKlass java/util/AbstractMap
instanceKlass java/security/CodeSource
instanceKlass jdk/internal/loader/ClassLoaders
instanceKlass java/util/jar/Manifest
instanceKlass java/lang/Enum
instanceKlass java/net/URL
instanceKlass java/io/InputStream
instanceKlass java/io/Closeable
instanceKlass java/lang/AutoCloseable
instanceKlass jdk/internal/module/Modules
instanceKlass jdk/internal/misc/Unsafe
instanceKlass jdk/internal/misc/UnsafeConstants
instanceKlass java/lang/AbstractStringBuilder
instanceKlass java/lang/Appendable
instanceKlass java/lang/AssertionStatusDirectives
instanceKlass java/lang/invoke/MethodHandleNatives$CallSiteContext
instanceKlass jdk/internal/foreign/abi/ABIDescriptor
instanceKlass jdk/internal/foreign/abi/NativeEntryPoint
instanceKlass java/lang/invoke/CallSite
instanceKlass java/lang/invoke/MethodType
instanceKlass java/lang/invoke/TypeDescriptor$OfMethod
instanceKlass java/lang/invoke/LambdaForm
instanceKlass java/lang/invoke/MethodHandleNatives
instanceKlass java/lang/invoke/ResolvedMethodName
instanceKlass java/lang/invoke/MemberName
instanceKlass java/lang/invoke/VarHandle
instanceKlass java/lang/invoke/MethodHandle
instanceKlass jdk/internal/reflect/CallerSensitive
instanceKlass java/lang/annotation/Annotation
instanceKlass jdk/internal/reflect/FieldAccessor
instanceKlass jdk/internal/reflect/ConstantPool
instanceKlass jdk/internal/reflect/ConstructorAccessor
instanceKlass jdk/internal/reflect/MethodAccessor
instanceKlass jdk/internal/reflect/MagicAccessorImpl
instanceKlass jdk/internal/vm/StackChunk
instanceKlass jdk/internal/vm/Continuation
instanceKlass jdk/internal/vm/ContinuationScope
instanceKlass java/lang/reflect/Parameter
instanceKlass java/lang/reflect/Member
instanceKlass java/lang/reflect/AccessibleObject
instanceKlass java/lang/Module
instanceKlass java/util/Map
instanceKlass java/util/Dictionary
instanceKlass java/lang/ThreadGroup
instanceKlass java/lang/Thread$UncaughtExceptionHandler
instanceKlass java/lang/Thread$Constants
instanceKlass java/lang/Thread$FieldHolder
instanceKlass java/lang/Thread
instanceKlass java/lang/Runnable
instanceKlass java/lang/ref/Reference
instanceKlass java/lang/Record
instanceKlass java/security/AccessController
instanceKlass java/security/AccessControlContext
instanceKlass java/security/ProtectionDomain
instanceKlass java/lang/SecurityManager
instanceKlass java/lang/Throwable
instanceKlass java/lang/System
instanceKlass java/lang/ClassLoader
instanceKlass java/lang/Cloneable
instanceKlass java/lang/Class
instanceKlass java/lang/invoke/TypeDescriptor$OfField
instanceKlass java/lang/invoke/TypeDescriptor
instanceKlass java/lang/reflect/Type
instanceKlass java/lang/reflect/GenericDeclaration
instanceKlass java/lang/reflect/AnnotatedElement
instanceKlass java/lang/String
instanceKlass java/lang/constant/ConstantDesc
instanceKlass java/lang/constant/Constable
instanceKlass java/lang/CharSequence
instanceKlass java/lang/Comparable
instanceKlass java/io/Serializable
ciInstanceKlass java/lang/Object 1 1 124 7 1 10 12 1 1 10 7 12 1 1 1 10 7 12 1 1 1 10 12 1 1 8 1 10 12 1 1 10 7 12 1 1 1 10 12 1 10 12 1 1 10 7 12 1 1 1 10 12 1 10 12 1 7 1 10 7 12 1 1 1 10 12 1 1 10 12 1 100 1 8 1 10 12 1 3 8 1 7 1 5 0 1 1 1 1 1 1 1 1 1 1 1 1 1 1 1 1 7 1 1 1 1 1 1 1 1 1 1 7 1 1 1 1 1 1 1 1 1 1 3 1 1
ciInstanceKlass java/io/Serializable 1 0 7 100 1 100 1 1 1
ciInstanceKlass java/lang/System 1 1 834 10 7 12 1 1 1 9 7 12 1 1 1 10 12 1 10 12 1 1 10 12 1 1 10 12 1 9 12 1 1 10 7 12 1 1 1 11 7 12 1 1 1 10 100 12 1 1 1 10 12 1 1 10 12 1 1 100 1 8 1 10 12 1 10 7 12 1 1 1 10 7 12 1 1 1 18 12 1 1 10 7 12 1 1 1 7 1 10 12 1 1 10 7 12 1 1 1 10 12 1 10 7 12 1 1 1 9 100 12 1 1 1 10 7 12 1 1 1 11 7 12 1 1 1 10 12 1 1 10 7 12 1 1 1 7 1 10 10 12 1 1 8 1 10 12 1 8 1 10 12 1 9 12 1 1 8 1 10 7 12 1 1 1 10 12 1 1 100 1 8 1 10 9 12 1 1 8 1 10 12 1 1 10 100 12 1 1 1 8 1 10 12 1 7 1 10 12 1 8 1 10 12 1 10 12 1 1 100 1 10 12 10 12 1 9 12 1 1 9 12 1 1 10 7 12 1 1 1 10 7 12 1 1 1 10 12 1 1 10 12 1 10 12 1 10 7 12 1 1 1 10 12 1 100 1 100 1 8 1 10 12 1 10 12 1 1 7 1 10 12 1 100 1 8 1 10 10 12 1 100 1 8 1 10 8 1 10 7 12 1 1 8 1 10 12 100 1 8 1 10 10 12 1 1 10 7 12 1 1 1 100 1 18 12 1 100 1 9 100 12 1 1 1 10 12 1 100 1 10 12 1 1 10 12 1 1 10 7 12 1 1 1 10 12 1 1 10 12 1 10 12 1 10 12 1 1 10 12 1 7 1 10 12 1 9 7 12 1 1 1 10 7 12 1 1 1 10 12 1 10 12 1 10 7 12 1 1 1 7 1 8 1 10 9 12 1 9 12 1 10 12 1 10 7 12 1 1 10 12 1 10 12 1 1 8 1 10 12 1 1 8 1 11 12 1 10 12 11 12 1 1 11 7 12 1 1 1 11 7 12 1 1 11 12 1 1 7 1 11 12 1 10 12 1 8 1 10 12 1 1 8 1 8 1 8 1 8 1 11 12 1 10 12 1 10 12 1 10 12 1 8 1 10 12 1 1 8 1 9 12 1 8 1 10 7 12 1 1 8 1 7 1 9 7 12 1 1 1 10 12 1 7 1 9 12 10 9 12 7 1 10 12 9 12 1 1 8 1 10 12 1 1 8 1 10 7 12 1 1 10 12 1 10 12 1 1 11 7 12 1 1 10 12 10 7 12 1 1 1 9 12 1 1 7 1 8 1 10 12 1 1 10 7 12 1 1 1 7 1 10 12 1 1 10 12 1 8 1 8 1 10 8 1 8 1 8 1 8 1 10 10 7 12 1 1 10 12 1 10 12 1 1 10 12 1 1 10 12 1 10 100 12 1 1 1 10 7 1 8 1 10 10 10 12 1 1 10 12 1 1 8 1 10 12 1 8 1 8 1 10 12 1 10 7 12 1 1 1 10 12 1 1 7 1 10 10 12 1 10 12 1 9 12 1 1 3 1 3 1 1 1 1 1 1 1 1 1 1 1 1 100 1 1 100 1 1 1 1 1 1 1 1 1 1 1 100 1 7 1 1 1 1 1 1 1 1 1 1 1 1 1 1 1 1 1 1 1 1 1 1 1 1 1 1 1 1 1 1 1 1 1 1 1 1 1 1 1 1 1 1 1 1 1 1 1 1 1 1 1 1 1 1 1 1 1 1 100 1 1 1 1 1 1 1 1 1 1 1 1 1 1 1 1 1 1 1 1 1 1 1 1 1 1 1 1 1 1 1 1 1 100 1 1 16 15 10 12 1 1 16 15 10 12 16 1 15 10 100 12 1 1 1 1 1 1 1 1 1 100 1 100 1 1
staticfield java/lang/System in Ljava/io/InputStream; java/io/BufferedInputStream
staticfield java/lang/System out Ljava/io/PrintStream; java/io/PrintStream
staticfield java/lang/System err Ljava/io/PrintStream; java/io/PrintStream
ciInstanceKlass java/lang/SecurityManager 0 0 576 10 7 12 1 1 1 9 7 12 1 1 1 10 7 12 1 1 1 100 1 8 1 10 12 1 10 12 1 1 10 7 12 1 1 1 10 7 1 10 100 1 10 9 100 12 1 1 1 10 7 12 1 1 1 10 12 1 1 10 7 12 1 1 100 1 8 1 10 9 12 1 1 9 12 1 8 1 9 12 1 7 1 10 8 1 10 12 1 1 10 12 1 10 12 1 1 100 1 10 10 12 1 1 100 1 8 1 10 12 1 8 1 8 1 8 1 8 1 8 1 8 1 10 12 1 8 1 8 1 8 1 8 1 8 1 10 7 12 1 1 1 10 12 1 1 8 1 100 1 8 1 10 8 1 8 1 8 1 8 1 8 1 10 100 12 1 1 8 1 100 1 8 1 8 1 10 8 1 10 12 1 100 1 8 1 10 10 12 1 1 10 12 1 10 12 1 10 12 1 10 100 12 1 1 1 10 12 1 10 100 12 1 1 11 100 12 1 1 1 18 12 1 1 11 100 12 1 1 1 18 12 1 1 11 12 1 1 18 18 11 12 1 18 12 1 11 12 1 1 9 12 1 1 9 12 1 9 12 1 9 12 1 100 1 10 100 12 1 1 10 12 1 10 12 1 18 12 1 18 10 100 12 1 1 1 18 12 1 10 12 1 18 18 8 1 10 12 1 9 12 1 1 11 7 12 1 1 1 8 1 100 1 10 12 1 10 12 1 1 10 12 1 1 9 12 1 1 10 12 1 10 12 1 1 8 1 100 1 10 9 12 1 8 1 10 12 1 8 1 100 1 10 10 100 12 1 1 10 100 1 9 7 12 1 1 1 11 12 1 1 10 12 1 11 12 1 10 12 1 7 1 10 10 12 1 1 10 12 1 1 1 1 1 1 1 1 1 1 1 7 1 1 1 1 1 1 1 1 1 1 1 1 1 1 1 1 1 1 1 1 1 1 1 1 1 1 1 1 1 1 1 1 1 1 1 1 1 1 1 1 1 1 1 1 1 1 1 1 1 1 1 1 1 1 1 1 3 1 1 1 1 1 1 1 1 1 1 100 1 1 1 1 1 1 1 1 1 1 1 1 1 1 1 1 1 1 1 1 1 1 1 1 1 1 1 1 1 1 1 1 1 1 1 1 1 1 16 15 10 7 12 1 1 1 16 1 16 15 10 12 16 1 15 10 12 16 15 11 7 1 16 1 16 1 15 10 12 16 15 10 12 16 15 10 12 1 16 1 15 11 12 1 15 10 12 16 15 10 16 1 15 10 100 12 1 1 1 1 1 1 100 1 100 1 1
ciInstanceKlass java/security/AccessController 1 1 295 10 7 12 1 1 1 10 7 12 1 1 1 10 7 12 1 1 1 10 12 1 1 10 12 1 1 10 7 12 1 1 1 10 12 1 1 10 12 1 10 12 1 1 10 12 1 100 1 8 1 10 12 1 10 12 1 10 12 1 1 10 12 1 7 1 7 1 10 12 1 1 10 12 1 10 12 1 10 12 1 1 10 7 12 1 1 1 10 12 1 1 9 100 12 1 1 1 10 7 12 1 1 1 10 12 1 10 12 1 9 100 12 1 1 1 10 12 1 10 12 1 1 9 12 1 1 10 100 1 10 11 7 12 1 1 1 10 7 12 1 1 11 7 1 100 1 10 12 1 10 12 1 10 12 1 8 1 10 12 1 1 8 1 10 100 12 1 1 1 8 1 7 1 10 10 12 1 1 10 12 1 10 7 12 1 1 1 10 12 1 8 1 10 7 12 1 1 8 1 8 1 10 12 1 8 1 10 12 1 10 12 1 1 10 12 1 1 1 1 1 1 1 1 1 1 1 1 1 1 1 1 1 1 1 1 1 1 1 1 1 1 1 1 100 1 1 1 1 1 1 1 1 1 1 1 1 1 1 1 1 1 1 1 1 1 1 1 1 1 1 1 1 1 1 1 1 1 1 100 1 100 1 1 1 1 1 1 1 1 1 3 1 1 1
staticfield java/security/AccessController $assertionsDisabled Z 1
ciInstanceKlass java/security/ProtectionDomain 1 1 348 10 7 12 1 1 1 9 7 12 1 1 1 7 1 10 9 12 1 1 9 12 1 1 9 12 1 1 10 7 12 1 1 7 1 9 12 1 9 12 1 1 7 1 9 12 1 1 9 12 1 10 7 12 1 1 10 7 12 1 1 1 10 12 1 1 10 12 1 9 12 1 9 100 12 1 1 10 12 1 1 10 100 1 10 12 1 1 8 1 7 1 8 1 10 12 1 10 11 10 7 12 1 1 1 10 12 1 1 8 1 11 8 1 10 12 1 8 1 8 1 10 12 1 1 10 12 1 10 12 1 1 10 12 1 8 1 10 12 1 8 1 8 1 10 7 12 1 1 1 9 100 12 1 1 1 10 12 1 1 9 100 12 1 1 1 10 7 12 1 1 1 100 1 18 12 1 1 10 7 12 1 1 1 10 7 1 10 12 1 10 12 1 1 11 100 12 1 1 11 12 1 100 1 11 7 12 1 1 1 10 12 1 10 11 12 1 1 11 12 1 1 10 12 1 10 7 12 1 1 10 100 12 1 1 11 12 1 10 12 10 12 1 8 1 8 1 10 7 12 1 1 1 7 1 10 10 7 12 1 1 1 1 1 1 1 1 1 1 7 1 1 7 1 1 1 1 1 1 1 1 1 1 1 1 1 1 1 1 1 1 1 1 1 1 1 1 1 1 1 1 1 1 1 1 1 1 1 1 1 1 1 1 1 1 1 1 7 1 1 1 1 1 1 100 1 1 16 15 10 12 16 15 10 100 12 1 1 1 1 1 1 1 100 1 100 1 1
staticfield java/security/ProtectionDomain filePermCompatInPD Z 0
ciInstanceKlass java/security/CodeSource 1 1 398 10 7 12 1 1 1 9 7 12 1 1 1 9 12 1 1 9 12 1 1 9 12 1 1 10 7 12 1 1 1 9 12 1 1 10 100 12 1 1 10 100 10 7 12 1 1 1 10 100 12 1 1 1 10 12 1 1 7 1 10 10 100 12 1 1 1 10 100 12 1 1 1 10 12 1 1 100 1 10 12 1 1 10 12 1 1 10 12 1 1 10 12 1 10 10 10 12 1 1 10 7 12 1 1 1 10 12 1 10 12 1 10 12 1 8 1 10 12 1 10 12 1 10 12 1 1 10 12 1 8 1 10 12 1 1 10 7 1 10 10 12 1 1 8 1 10 12 1 10 12 1 10 12 1 8 1 8 1 9 12 1 1 100 1 8 1 10 12 1 10 12 1 1 8 1 10 12 1 8 1 8 1 8 1 10 100 12 1 1 10 12 1 1 10 12 1 10 12 1 1 10 12 1 1 10 12 1 1 100 1 100 1 10 12 1 10 12 10 12 1 1 10 100 12 1 1 10 12 1 7 1 10 12 10 100 12 1 1 1 10 8 1 10 12 1 10 12 1 10 12 1 1 100 1 10 12 1 1 100 1 7 1 8 1 8 1 10 10 12 1 1 10 100 12 1 1 1 7 1 10 12 10 12 1 1 11 7 12 1 1 10 10 12 1 11 10 12 1 8 1 100 1 10 12 1 10 12 1 1 10 12 1 11 12 1 1 7 1 1 1 1 5 0 1 1 1 1 1 1 1 1 1 1 1 1 1 1 1 1 1 1 1 1 1 1 1 1 1 1 1 1 1 1 1 1 1 1 1 1 1 1 1 1 1 1 1 1 1 1 1 1 1 1 1 1 1 1 1 1 1 1 1 1 1 1 1 1 1 1 100 1 1 1 1 1 1 1
ciInstanceKlass java/lang/Boolean 1 1 152 10 7 12 1 1 1 9 7 12 1 1 1 10 12 1 1 10 12 1 8 1 10 7 12 1 1 9 12 1 1 9 12 1 10 12 1 1 10 12 1 1 10 12 1 1 10 7 12 1 1 1 100 1 100 1 10 12 1 1 9 100 12 1 1 9 12 10 100 12 1 1 1 10 12 1 1 8 1 10 7 12 1 1 1 9 12 1 1 7 1 7 1 7 1 1 1 1 1 1 5 0 1 1 1 1 1 1 1 1 1 1 3 1 1 1 1 1 1 1 1 1 1 1 1 1 1 1 1 1 1 7 1 1 1 1 1 1 1 1 1 1 100 1 1 1 1 1 1 1 1 1
staticfield java/lang/Boolean TRUE Ljava/lang/Boolean; java/lang/Boolean
staticfield java/lang/Boolean FALSE Ljava/lang/Boolean; java/lang/Boolean
staticfield java/lang/Boolean TYPE Ljava/lang/Class; java/lang/Class
ciInstanceKlass java/lang/Comparable 1 0 12 100 1 100 1 1 1 1 1 1 1 1
ciInstanceKlass java/lang/constant/Constable 1 0 11 100 1 100 1 1 1 1 1 1 1
ciInstanceKlass java/util/Map 1 1 263 11 7 12 1 1 1 11 12 1 1 10 7 12 1 1 11 12 1 1 11 7 12 1 1 1 11 7 12 1 1 1 11 12 1 1 7 1 11 12 1 11 12 1 100 1 100 1 10 12 1 1 11 7 12 1 1 1 11 100 12 1 1 1 11 12 1 11 12 1 10 12 1 1 11 12 1 11 100 12 1 9 7 12 1 1 1 7 1 10 12 7 1 7 1 10 12 1 7 1 10 7 1 11 12 1 11 12 1 1 11 12 1 1 7 1 11 12 1 1 1 1 1 1 1 1 1 1 1 1 1 1 1 1 1 1 1 1 1 1 1 1 1 1 1 1 1 1 1 1 1 1 1 1 1 1 1 1 1 1 1 1 1 1 1 1 1 1 1 1 1 1 1 1 1 1 1 1 1 1 1 1 1 1 1 1 1 1 1 1 1 1 1 1 1 1 1 1 1 1 1 1 1 1 1 1 1 1 1 1 1 1 1 1 1 1 1 1 1 1 1 1 1 1 1 1 1 1 1 1 1 1 1 1 1 1 1 1 1 1 1 1 1 1 100 1 1 1 1 1 1 1 1 1 1 1 1 1 1 1 1 1 1
ciInstanceKlass java/lang/Class 1 1 1698 10 7 12 1 1 1 9 7 12 1 1 1 9 12 1 1 10 12 1 1 8 1 10 12 1 8 1 8 1 10 12 1 1 10 7 12 1 1 1 10 12 1 7 1 10 10 12 1 10 12 1 1 10 12 1 1 10 12 1 1 10 7 12 1 1 10 12 1 10 12 1 10 12 1 8 1 10 12 1 8 1 10 12 1 8 1 8 1 10 12 1 1 10 7 12 1 1 1 18 12 1 1 11 7 12 1 1 1 8 1 8 1 8 1 10 7 12 1 1 1 11 12 1 1 8 1 10 12 1 10 11 7 12 1 1 1 11 7 12 1 1 1 11 8 1 18 8 1 10 12 1 10 7 12 1 1 10 12 1 1 10 7 12 1 1 1 10 12 1 1 10 12 1 1 10 7 12 1 1 1 10 12 9 100 12 1 1 1 10 7 12 1 1 1 10 12 1 10 7 12 1 1 1 10 12 1 1 18 12 1 1 10 7 12 1 1 1 10 7 12 1 10 12 1 1 10 7 1 7 1 10 12 1 1 9 12 1 1 7 1 8 1 10 12 1 10 12 1 1 10 12 1 1 10 7 12 1 1 1 7 1 10 12 1 7 1 7 1 10 10 12 1 1 10 12 1 1 100 1 10 7 12 1 1 1 10 12 1 1 10 12 1 1 9 12 1 1 10 12 1 10 12 1 1 9 12 1 1 9 12 1 1 10 12 1 1 10 7 1 10 12 1 10 12 1 10 12 1 1 10 9 12 1 10 12 1 8 1 10 12 1 1 10 12 1 1 10 12 1 10 12 1 1 10 12 1 1 10 12 1 1 9 7 12 1 1 1 10 7 12 1 1 10 12 10 12 1 10 12 1 10 12 1 10 12 1 9 100 12 1 1 1 9 12 1 10 12 1 10 100 12 1 1 1 10 12 1 1 10 100 12 1 1 10 12 1 10 12 1 1 10 100 12 1 1 1 10 12 1 10 12 1 1 10 12 1 10 12 1 10 12 1 1 10 7 1 10 10 10 12 1 1 10 12 1 1 10 12 10 10 12 1 1 7 1 8 1 10 10 12 1 1 10 12 1 100 1 11 12 1 10 100 12 1 1 10 12 1 10 12 1 10 100 12 1 1 10 10 12 1 1 8 1 10 12 1 10 12 1 1 8 1 10 12 1 9 12 1 10 12 1 10 12 1 10 12 1 10 12 7 1 9 12 1 10 12 1 9 12 1 10 12 1 10 12 1 10 12 1 10 10 12 1 10 12 1 10 7 12 1 1 10 12 1 10 12 1 10 12 1 1 10 12 1 10 12 1 10 12 1 100 1 10 12 1 10 12 1 1 10 12 1 1 10 12 1 1 10 12 1 1 10 12 1 1 10 12 1 1 7 1 10 10 12 1 1 10 12 1 1 10 12 1 1 10 10 12 1 10 12 1 1 10 12 1 1 10 12 1 1 10 12 1 1 7 1 10 10 12 11 7 12 1 1 10 12 1 10 12 1 10 100 12 1 1 1 10 12 1 1 10 10 12 1 1 7 1 10 10 12 1 1 10 7 12 1 1 1 100 1 7 1 10 12 1 1 10 12 1 10 10 12 1 1 10 12 1 10 12 1 10 12 1 10 100 12 1 1 1 11 7 12 1 1 10 12 1 10 12 1 9 12 1 10 12 1 1 10 12 1 9 12 1 1 7 1 10 9 12 1 1 10 12 7 1 10 12 1 9 12 1 10 100 12 1 1 1 10 12 1 10 12 1 10 100 12 1 1 1 10 12 1 10 12 10 12 1 1 100 1 10 8 1 10 12 1 11 11 12 1 1 11 7 12 1 1 11 12 1 8 1 10 12 1 10 12 1 1 9 12 1 9 12 1 1 10 7 12 1 1 9 12 1 10 12 1 1 10 10 12 1 10 7 12 1 1 1 10 7 12 1 1 10 7 12 1 1 9 12 1 1 10 12 1 9 12 1 10 12 1 10 12 1 1 9 12 1 1 9 12 1 10 12 1 10 12 1 1 9 12 1 7 1 10 10 12 1 1 7 1 10 12 1 1 7 11 7 1 9 12 1 1 9 12 1 7 1 10 12 1 9 12 1 1 9 12 1 10 12 1 10 12 1 1 9 12 1 7 1 10 10 12 1 1 10 10 12 1 10 12 10 10 12 1 9 12 1 10 12 1 1 10 7 12 1 1 1 10 12 1 1 10 12 1 8 10 7 8 1 18 8 1 8 1 10 12 1 9 12 1 9 12 1 1 10 12 1 7 1 7 1 10 12 1 9 12 1 1 7 1 10 10 12 1 10 7 1 9 12 1 8 1 10 12 1 7 1 10 12 1 10 12 1 1 100 1 7 1 9 12 1 100 1 8 1 10 10 7 12 1 1 1 10 12 11 7 12 1 1 1 10 12 1 10 12 1 1 10 8 1 8 1 10 12 1 1 9 7 12 1 1 11 12 7 1 11 7 12 1 1 9 12 1 10 100 12 1 1 1 10 7 12 1 1 10 12 1 1 9 12 1 9 10 12 1 1 10 12 1 1 10 12 1 1 10 12 1 1 10 12 1 1 11 12 1 7 1 11 12 1 10 7 12 1 1 1 10 12 1 11 12 1 10 7 12 1 1 1 10 12 1 10 7 12 1 1 1 11 12 1 11 12 1 1 10 12 1 10 12 1 1 9 12 1 1 9 100 12 1 1 10 12 1 10 100 12 1 1 1 10 12 1 1 10 12 1 10 12 1 10 12 1 10 7 12 1 1 1 10 12 1 8 1 10 12 1 10 12 1 10 12 1 100 1 10 12 10 100 12 1 1 1 11 100 12 1 1 1 10 12 1 1 10 12 1 18 12 1 1 11 12 1 1 18 11 12 1 18 12 1 11 12 1 10 12 1 1 10 12 1 10 12 1 10 12 1 10 12 1 10 12 10 12 1 8 1 10 12 1 7 1 9 12 1 1 7 1 7 1 7 1 7 1 1 1 3 1 3 1 3 1 1 1 1 1 1 1 5 0 1 1 1 1 1 1 1 1 1 1 1 1 1 1 1 1 1 1 1 1 1 1 1 1 100 1 1 1 1 1 1 1 100 1 1 1 1 1 7 1 1 1 1 1 1 1 1 1 1 1 1 1 1 1 1 1 1 1 1 1 1 1 1 1 1 1 1 1 1 1 1 1 1 1 1 1 1 1 1 1 1 100 1 1 1 1 1 1 1 1 1 1 1 1 1 1 1 1 1 1 1 1 1 1 1 1 1 1 1 1 1 1 1 100 1 1 1 1 1 1 1 1 1 1 1 1 1 1 1 1 1 1 1 1 3 1 1 1 1 1 1 1 1 1 1 1 1 1 1 1 1 1 1 1 1 1 1 1 1 1 1 1 1 1 1 1 1 1 1 1 7 1 7 1 1 1 1 1 1 1 1 1 1 1 1 1 1 1 1 1 1 1 1 1 1 1 1 1 1 1 1 1 1 1 1 1 1 1 1 1 1 1 1 1 1 1 1 1 1 1 1 1 1 1 1 1 1 1 1 1 1 1 1 1 1 1 1 1 1 1 1 1 1 1 1 1 1 1 1 1 1 1 1 1 1 1 1 1 1 1 1 1 1 1 1 1 1 1 1 1 1 1 1 1 1 1 1 1 1 1 1 1 1 1 1 1 1 1 1 1 1 1 1 1 1 1 1 1 1 1 1 1 1 1 1 16 15 10 12 16 15 11 12 16 1 16 15 16 15 10 12 16 16 15 10 12 16 15 16 1 15 10 12 16 15 10 7 12 1 1 1 1 1 1 1 1 1 1 1 1 7 1 1 100 1 100 1 1 100 1 100 1 1 100 1 100 1 1
staticfield java/lang/Class EMPTY_CLASS_ARRAY [Ljava/lang/Class; 0 [Ljava/lang/Class;
staticfield java/lang/Class serialPersistentFields [Ljava/io/ObjectStreamField; 0 [Ljava/io/ObjectStreamField;
ciInstanceKlass java/lang/reflect/AnnotatedElement 1 1 164 11 7 12 1 1 1 11 12 1 1 7 1 10 100 12 1 1 1 10 12 1 1 10 12 1 1 10 12 1 10 100 12 1 1 1 11 12 1 1 11 7 12 1 1 10 7 12 1 1 1 10 12 1 10 100 12 1 1 1 18 12 1 1 11 100 12 1 1 18 12 1 18 12 1 1 10 100 12 1 1 1 11 100 12 1 1 1 7 1 10 100 12 1 1 1 1 1 1 1 1 1 1 1 1 1 1 1 1 1 1 1 1 1 1 1 1 1 100 1 1 1 1 1 1 1 1 1 1 1 16 15 16 1 16 1 15 11 12 16 16 1 15 10 100 12 1 1 1 16 1 15 10 100 12 1 1 1 1 100 1 100 1 1
ciInstanceKlass java/lang/invoke/TypeDescriptor 1 0 17 100 1 100 1 1 1 1 1 1 100 1 100 1 1 1 1
ciInstanceKlass java/lang/reflect/GenericDeclaration 1 0 30 7 1 7 1 7 1 1 1 1 1 1 1 1 100 1 8 1 1 12 10 1 1 1 8 1 1 1 8 1
ciInstanceKlass java/lang/reflect/Type 1 1 17 11 7 12 1 1 1 100 1 1 1 1 1 1 1 1 1
ciInstanceKlass java/lang/invoke/TypeDescriptor$OfField 1 0 21 100 1 100 1 100 1 1 1 1 1 1 1 1 1 1 1 1 1 1 1
ciInstanceKlass java/lang/StringBuilder 1 1 422 10 7 12 1 1 1 10 12 1 10 12 1 10 12 1 1 10 7 12 1 1 1 10 7 12 1 1 1 10 12 1 10 12 1 10 12 1 10 12 1 10 12 1 10 12 1 10 12 1 10 12 1 10 12 1 10 12 1 10 12 1 10 12 1 10 12 1 10 12 1 1 10 12 1 10 12 1 1 10 12 1 1 10 12 1 10 12 1 10 12 1 10 12 1 10 12 1 10 12 1 10 12 1 10 12 10 12 1 10 12 1 10 12 1 10 12 1 1 10 12 1 10 12 1 10 12 10 12 1 1 10 12 1 10 12 1 10 12 1 10 100 12 1 1 1 9 12 1 1 10 12 1 10 12 1 1 10 12 1 1 9 12 1 1 10 100 12 1 1 1 10 100 1 10 12 1 1 10 100 12 1 1 10 12 1 10 12 1 1 100 1 100 1 8 1 10 10 12 1 1 10 12 1 10 12 1 10 12 1 1 10 12 1 10 12 1 10 12 1 10 12 1 10 12 1 10 12 10 12 1 10 12 1 10 12 1 10 12 1 10 12 1 10 12 1 10 12 1 10 12 1 10 12 1 1 10 12 1 1 10 12 1 10 12 1 10 12 1 10 12 10 12 10 12 1 10 12 1 10 12 1 10 12 10 12 1 10 12 1 10 12 1 10 12 1 10 12 1 10 12 1 10 12 1 10 12 1 10 12 1 1 10 12 1 10 12 1 1 10 12 1 10 12 1 1 10 12 1 10 12 1 1 10 12 1 10 12 1 10 12 1 10 10 12 1 10 12 1 7 1 7 1 7 1 7 1 1 1 1 5 0 1 1 1 1 1 1 1 1 1 1 1 1 1 1 1 1 1 1 1 1 1 1 1 1 1 1 1 1 1 1 1 1 1 1 1 1 1 1 1 1 1 1 1 1 100 1 1 1 7 1 1 1 1 1 1 1 1 1 1 1
instanceKlass java/lang/StringBuilder
instanceKlass java/lang/StringBuffer
ciInstanceKlass java/lang/AbstractStringBuilder 1 1 605 7 1 10 7 12 1 1 1 9 7 12 1 1 1 9 12 1 9 12 1 1 9 12 1 1 10 7 12 1 1 1 10 12 1 1 7 1 3 3 10 12 1 10 12 1 1 11 7 1 100 1 7 1 10 8 1 10 12 1 10 12 1 10 12 1 1 10 12 1 10 12 1 9 12 1 10 12 1 9 12 1 1 10 12 1 1 10 7 12 1 1 1 10 10 12 1 10 12 1 10 12 1 1 10 12 1 1 10 7 12 1 1 1 10 7 12 1 1 1 7 1 8 1 10 10 12 1 1 100 1 10 12 10 12 1 1 10 10 12 1 1 10 12 1 1 10 12 1 1 10 12 1 1 10 10 7 12 1 1 1 10 12 1 100 1 10 10 7 12 1 1 1 9 12 1 1 9 12 1 10 12 1 1 10 10 12 1 1 10 12 10 12 1 10 12 1 1 10 12 1 1 10 12 1 1 10 12 1 10 12 1 1 10 12 1 1 10 12 1 10 12 1 1 8 1 10 12 1 1 10 12 1 10 12 1 10 12 1 10 12 1 10 12 1 10 12 1 10 7 12 1 1 10 12 1 10 12 1 10 100 12 1 1 1 100 1 100 1 10 12 1 10 100 12 1 1 10 12 1 10 12 1 10 12 1 10 12 1 1 10 12 1 10 12 1 1 10 12 1 1 10 10 7 12 1 1 1 10 12 1 10 12 1 10 12 1 1 10 12 1 10 12 1 10 12 1 10 12 1 10 12 1 10 12 1 10 12 1 10 12 1 10 12 1 1 10 12 1 10 12 1 10 12 10 12 1 1 18 12 1 1 100 1 10 100 12 1 1 1 18 10 12 1 1 10 12 1 10 12 1 1 11 12 1 1 10 12 1 10 12 10 12 1 10 10 10 12 1 10 5 0 10 10 12 1 1 100 1 8 1 10 10 12 1 1 10 100 12 1 1 1 10 12 1 10 12 1 1 100 1 10 12 100 1 10 100 1 10 7 1 1 1 1 1 1 1 1 1 1 1 100 1 1 1 1 1 1 1 1 1 1 1 1 1 1 1 1 1 1 1 1 1 1 1 1 1 1 1 1 1 1 1 1 1 1 1 1 1 1 1 1 1 1 1 1 1 1 1 1 1 1 1 1 1 1 1 1 1 1 1 1 1 1 1 1 1 1 1 1 1 1 1 1 1 1 1 1 1 1 1 1 1 1 1 1 1 1 1 1 1 1 1 1 1 1 1 1 1 1 1 1 100 1 1 1 1 1 1 1 1 1 1 1 1 1 1 1 1 1 100 1 1 1 1 1 1 7 1 1 16 1 15 10 12 16 15 10 12 15 10 100 12 1 1 1 1 1 1 1 100 1 100 1 1
staticfield java/lang/AbstractStringBuilder EMPTYVALUE [B 0
ciInstanceKlass java/lang/Appendable 1 0 14 100 1 100 1 1 1 1 100 1 1 1 1 1
ciInstanceKlass java/lang/CharSequence 1 1 131 11 7 12 1 1 1 18 12 1 1 100 1 10 100 12 1 1 1 18 10 100 12 1 1 1 11 12 1 1 11 7 1 11 12 1 1 10 100 12 1 1 1 11 12 1 1 100 1 10 12 1 1 10 100 12 1 1 1 100 1 10 10 12 1 1 7 1 1 1 1 1 1 1 1 1 1 1 1 1 1 1 1 1 1 1 1 1 1 1 1 1 1 1 1 1 1 1 1 1 16 1 15 11 12 16 15 11 12 15 10 100 12 1 1 1 1 1 100 1 100 1 1 100 1 1 100 1 100 1 1
ciInstanceKlass java/lang/AutoCloseable 1 0 12 100 1 100 1 1 1 1 7 1 1 1
ciInstanceKlass java/io/Closeable 1 0 14 100 1 100 1 100 1 1 1 1 7 1 1 1
instanceKlass javax/security/auth/callback/UnsupportedCallbackException
instanceKlass sun/security/pkcs11/wrapper/PKCS11Exception
instanceKlass sun/security/ec/ECOperations$IntermediateValueException
instanceKlass com/zaxxer/hikari/pool/PoolBase$ConnectionSetupException
instanceKlass javax/transaction/SystemException
instanceKlass java/sql/SQLException
instanceKlass org/apache/tomcat/websocket/AuthenticationException
instanceKlass java/util/concurrent/TimeoutException
instanceKlass java/lang/instrument/IllegalClassFormatException
instanceKlass org/apache/catalina/connector/CoyoteAdapter$RecycleRequiredException
instanceKlass javax/websocket/DeploymentException
instanceKlass org/ietf/jgss/GSSException
instanceKlass org/apache/catalina/LifecycleException
instanceKlass javax/management/JMException
instanceKlass org/springframework/validation/BindException
instanceKlass javax/xml/xpath/XPathException
instanceKlass java/util/concurrent/ExecutionException
instanceKlass java/beans/PropertyVetoException
instanceKlass java/beans/IntrospectionException
instanceKlass org/springframework/expression/AccessException
instanceKlass java/lang/CloneNotSupportedException
instanceKlass javax/xml/bind/JAXBException
instanceKlass java/security/PrivilegedActionException
instanceKlass javax/xml/parsers/ParserConfigurationException
instanceKlass javax/xml/stream/XMLStreamException
instanceKlass org/xml/sax/SAXException
instanceKlass javax/xml/transform/TransformerException
instanceKlass javax/servlet/ServletException
instanceKlass java/text/ParseException
instanceKlass sun/nio/fs/WindowsException
instanceKlass javax/naming/NamingException
instanceKlass java/lang/InterruptedException
instanceKlass java/net/URISyntaxException
instanceKlass ch/qos/logback/core/boolex/EvaluationException
instanceKlass java/security/GeneralSecurityException
instanceKlass ch/qos/logback/core/spi/ScanException
instanceKlass ch/qos/logback/core/util/DynamicClassLoadingException
instanceKlass ch/qos/logback/core/util/IncompatibleClassException
instanceKlass ch/qos/logback/core/joran/spi/JoranException
instanceKlass java/io/IOException
instanceKlass java/lang/ReflectiveOperationException
instanceKlass java/lang/RuntimeException
ciInstanceKlass java/lang/Exception 1 1 40 10 7 12 1 1 1 10 12 1 10 12 1 10 12 1 10 12 1 100 1 1 1 1 5 0 1 1 1 1 1 1 1 1 1 1 1 1 1 1
instanceKlass java/lang/Exception
instanceKlass java/lang/Error
ciInstanceKlass java/lang/Throwable 1 1 404 10 7 12 1 1 1 9 7 12 1 1 1 9 12 1 1 9 12 1 9 12 1 1 9 12 1 10 12 1 1 9 12 1 1 10 12 1 1 10 12 1 100 1 7 1 10 8 1 10 12 1 1 8 1 10 100 12 1 1 10 10 12 1 100 1 8 1 10 10 12 1 1 10 7 12 1 1 10 12 1 8 1 9 7 12 1 1 1 10 12 1 1 100 1 10 12 10 12 1 10 100 12 1 1 1 100 1 10 12 10 12 1 10 12 1 100 1 10 10 7 12 1 1 1 11 100 12 1 1 1 10 12 1 1 10 12 1 1 8 1 10 12 1 10 12 1 1 8 1 8 1 10 12 1 1 10 12 1 8 1 8 1 9 12 1 1 10 12 1 1 100 1 10 11 12 1 8 1 8 1 10 7 12 1 1 8 1 10 12 1 8 1 100 1 10 12 1 9 12 1 1 10 12 1 10 7 12 1 9 12 1 1 10 12 1 1 100 1 8 1 10 12 1 10 100 12 1 1 10 12 1 1 7 1 10 100 12 1 1 1 10 12 1 11 7 12 1 1 1 11 7 12 1 1 11 12 1 8 1 10 12 1 1 8 1 10 10 9 100 12 1 1 1 8 1 10 12 1 1 11 10 100 1 8 1 10 11 12 1 1 8 1 9 12 1 10 100 12 1 1 11 9 12 1 1 11 12 1 1 100 10 12 1 10 12 1 1 7 1 1 1 1 5 0 1 1 1 1 1 1 1 1 1 1 1 1 1 7 1 1 1 1 1 1 1 1 1 1 1 1 1 1 1 1 1 1 1 1 1 1 1 1 1 1 1 1 1 1 1 1 1 1 1 1 1 1 1 1 1 1 1 1 100 1 7 1 1 1 1 1 1 1 1 1 1 1 1 1 1 1 1 1 1
staticfield java/lang/Throwable UNASSIGNED_STACK [Ljava/lang/StackTraceElement; 0 [Ljava/lang/StackTraceElement;
staticfield java/lang/Throwable SUPPRESSED_SENTINEL Ljava/util/List; java/util/Collections$EmptyList
staticfield java/lang/Throwable EMPTY_THROWABLE_ARRAY [Ljava/lang/Throwable; 0 [Ljava/lang/Throwable;
staticfield java/lang/Throwable $assertionsDisabled Z 1
instanceKlass java/security/Provider
instanceKlass org/springframework/beans/factory/support/ManagedProperties
instanceKlass org/springframework/core/SortedProperties
ciInstanceKlass java/util/Properties 1 1 690 10 7 12 1 1 1 100 1 10 7 12 1 1 7 1 10 12 1 9 12 1 1 9 12 1 1 9 12 1 1 10 7 12 1 1 1 10 12 1 1 8 1 10 7 12 1 1 1 7 1 10 12 1 10 12 1 1 8 1 10 12 1 7 1 10 12 10 12 1 1 9 12 1 1 10 12 1 1 7 1 10 12 1 10 12 1 10 12 1 1 100 1 8 1 10 12 1 10 12 1 10 12 1 1 10 12 1 7 1 3 10 10 100 12 1 1 1 10 12 1 10 12 1 1 8 1 10 12 1 10 12 1 1 8 1 10 100 12 1 1 10 12 1 1 10 12 1 10 12 1 1 100 1 10 12 1 10 12 1 1 100 1 9 100 12 1 1 1 10 12 1 10 12 1 1 10 12 1 1 10 12 1 1 100 1 9 12 1 1 7 1 7 1 10 12 1 7 1 11 7 12 1 1 1 11 12 1 1 11 7 12 1 1 1 11 7 12 1 1 1 11 12 1 1 11 12 1 11 12 1 10 12 1 1 8 1 10 12 1 10 100 12 1 1 10 12 1 100 1 10 10 12 1 10 12 1 100 1 10 10 12 1 1 10 7 12 1 1 9 100 12 1 1 10 12 1 1 10 100 12 1 1 1 100 1 100 1 100 1 10 8 1 8 1 10 12 1 10 12 1 10 12 1 1 10 10 12 1 1 10 12 1 1 7 1 10 10 12 1 11 7 12 1 1 10 7 12 1 1 1 8 1 10 100 12 1 1 11 11 7 1 8 1 10 100 1 11 10 12 1 10 10 12 1 10 12 1 1 10 12 1 1 10 12 1 1 10 12 1 10 12 1 10 10 12 1 10 12 1 10 12 1 10 10 12 1 1 10 12 1 1 10 10 12 1 10 12 1 10 12 1 10 12 1 10 12 1 1 10 12 1 1 10 12 1 10 12 1 10 12 1 1 10 12 10 12 1 1 10 12 1 1 10 12 1 10 12 1 1 10 12 1 1 10 12 10 11 12 1 4 11 10 12 1 1 10 100 12 1 1 11 12 1 10 12 1 1 10 100 12 1 1 10 12 1 100 1 8 1 10 12 1 10 10 100 12 1 1 1 100 1 6 0 10 12 1 1 11 100 12 1 1 1 10 12 1 10 12 1 1 1 1 1 5 0 1 1 1 1 1 1 1 1 1 1 1 1 1 1 1 1 1 1 1 1 1 1 1 1 1 1 1 1 1 1 1 1 1 1 1 1 1 1 1 100 1 1 1 1 1 1 1 1 1 1 1 1 1 1 1 1 1 1 1 1 100 1 1 1 1 1 1 1 1 1 1 1 1 7 1 7 1 1 1 1 1 100 1 1 1 1 1 1 1 1 1 1 1 1 1 1 1 1 1 1 1 1 1 1 1 1 1 1 1 1 1 1 1 1 1 1 1 1 1 1 1 1 1 1 1 1 1 1 1 1 1 1 1 1 1 1 1 1 1 1 1 1 1 1 1 1 1 1 1 1 1 1 1 1 1 1 1 1 1 7 1 1 1 1 1 1 1 1 1 1 1 100 1 1
staticfield java/util/Properties UNSAFE Ljdk/internal/misc/Unsafe; jdk/internal/misc/Unsafe
instanceKlass java/util/Hashtable
ciInstanceKlass java/util/Dictionary 1 1 36 10 7 12 1 1 1 100 1 1 1 1 1 1 1 1 1 1 1 1 1 1 1 1 1 1 1 1 1 1 1 1 1 1 1 1
instanceKlass java/util/Properties
ciInstanceKlass java/util/Hashtable 1 1 516 7 1 10 7 12 1 1 1 9 7 12 1 1 1 100 1 7 1 10 8 1 10 12 1 1 10 12 1 10 12 1 1 10 12 1 10 7 12 1 1 1 8 1 10 12 1 9 12 1 1 7 1 9 12 1 1 4 10 7 12 1 1 1 9 12 1 4 10 12 1 11 7 12 1 1 1 10 12 1 1 10 12 1 1 9 12 1 10 12 1 1 100 1 10 9 12 1 1 10 7 12 1 1 1 9 12 1 1 10 12 1 10 12 1 3 9 12 1 9 12 1 3 10 12 1 10 12 1 10 12 1 1 11 12 1 1 11 7 12 1 1 1 11 7 12 1 1 1 11 12 1 7 1 11 12 1 11 12 1 10 12 1 1 10 12 1 1 10 12 1 9 12 1 1 9 12 9 12 1 1 10 100 1 7 1 10 12 1 10 8 1 10 10 12 1 8 1 10 8 1 10 7 12 1 1 1 7 1 10 12 1 10 12 1 7 1 10 12 1 10 12 1 1 7 1 10 100 1 10 10 12 1 1 11 12 1 1 11 12 1 7 1 10 10 10 100 12 1 1 11 100 12 1 1 1 100 1 10 11 100 12 1 1 11 100 12 1 10 12 1 10 12 1 1 10 100 12 1 1 10 12 1 1 10 12 1 1 10 12 1 1 10 100 12 1 1 1 8 10 100 12 1 1 100 1 8 1 10 4 4 10 12 1 1 10 12 1 8 1 4 10 12 10 100 12 1 1 1 100 1 11 100 12 1 1 1 10 100 12 1 1 1 10 12 1 10 12 1 1 10 7 1 7 1 1 1 1 1 1 5 0 1 1 1 1 1 3 1 3 1 3 1 1 1 1 1 1 1 1 1 1 1 1 1 1 1 1 1 1 1 1 1 1 1 1 1 100 1 1 1 1 1 1 1 1 1 1 1 1 1 1 1 1 1 1 1 1 1 1 1 1 1 1 1 1 1 7 1 1 1 1 1 1 1 1 1 1 1 1 1 1 7 1 1 1 1 1 1 1 1 1 1 1 1 1 1 1 1 1 1 1 1 1 1 1 1 1 1 1 1 1 1 1 1 1 1 1 1 1 1 1 1 1 1 1 1 100 1 1 1 7 1 1 1 1 1 7 1 1 1 1 1 1 1 1 1 1 1 1 1 1 1 1 1 1
ciInstanceKlass java/lang/String 1 1 1444 10 7 12 1 1 1 8 1 9 7 12 1 1 1 9 12 1 1 9 12 1 1 9 12 1 1 10 12 1 10 12 1 1 10 12 1 1 9 12 1 10 7 12 1 1 1 10 7 1 10 7 12 1 1 1 10 12 1 1 10 12 1 1 10 12 1 10 12 1 1 10 12 1 10 7 12 1 1 1 7 1 9 7 12 1 1 1 10 7 12 1 1 1 10 7 12 1 1 1 10 12 1 1 10 12 1 1 10 12 1 1 10 12 1 1 9 7 12 1 1 10 12 9 100 12 1 1 10 12 1 1 3 10 12 1 1 100 1 11 12 1 1 11 12 1 11 12 1 1 10 100 12 1 1 1 10 12 1 1 9 100 12 1 1 1 10 12 1 1 10 12 1 11 12 1 1 10 12 1 1 10 12 10 12 1 1 10 7 12 1 1 1 10 12 1 1 10 12 1 1 7 1 7 1 10 12 1 10 12 1 10 12 1 1 100 1 10 12 1 1 100 1 10 12 1 1 10 12 1 1 10 12 1 10 10 12 1 100 1 100 1 7 1 10 12 1 10 12 1 1 10 12 1 1 10 12 1 10 12 1 1 10 12 1 1 10 100 12 1 1 100 1 11 10 7 12 1 1 11 12 1 11 12 1 10 12 1 1 10 12 1 10 12 10 12 1 1 10 10 100 12 1 1 1 10 100 12 1 1 10 12 1 1 10 100 12 1 1 10 12 1 10 12 1 1 10 12 1 1 10 12 1 10 12 1 10 12 1 1 100 1 10 12 1 1 10 12 10 12 1 10 12 1 1 10 12 1 1 10 7 12 1 1 1 10 12 1 10 12 1 1 10 12 1 10 12 1 3 3 10 12 1 1 10 12 1 10 12 1 1 10 12 1 1 10 12 1 1 10 12 1 10 12 1 1 10 12 1 1 10 12 1 10 12 1 10 12 1 10 12 1 1 10 12 1 10 12 1 10 12 1 10 12 1 10 12 1 10 12 1 10 7 1 10 8 1 10 12 1 1 10 12 1 8 1 10 12 1 1 10 12 10 12 1 8 1 10 10 12 1 1 10 12 1 1 10 12 1 1 10 7 1 10 10 12 1 10 12 1 10 12 1 10 10 12 1 10 12 1 10 12 1 10 12 1 10 12 1 10 12 1 10 12 1 1 10 12 1 1 10 12 1 1 10 10 12 1 1 10 10 12 1 100 1 10 10 12 1 1 10 12 1 1 10 7 1 10 12 1 10 12 1 10 7 12 1 1 1 10 12 1 10 12 1 1 10 12 1 11 7 1 11 12 10 12 1 10 12 1 1 10 12 1 1 10 10 12 1 10 12 1 9 12 1 1 11 7 12 1 1 1 10 12 10 10 12 1 10 12 1 1 10 10 12 1 10 12 1 10 12 1 1 10 12 1 1 10 10 12 1 1 10 12 1 10 10 12 1 10 12 10 10 12 10 10 12 1 10 12 1 10 10 12 10 7 12 1 1 1 10 12 10 10 12 10 12 1 10 12 10 12 10 10 12 1 10 12 1 1 10 12 1 1 10 10 12 1 10 7 12 1 1 1 10 12 1 1 10 10 7 12 1 1 1 11 10 12 1 10 12 1 1 10 12 1 1 10 7 12 1 1 1 10 12 1 10 12 1 10 12 1 10 12 1 10 12 1 10 12 1 100 1 7 1 8 1 10 10 10 12 1 10 12 1 1 8 1 10 12 1 3 3 10 12 1 10 12 1 1 10 12 7 1 10 10 12 1 1 10 12 1 10 12 1 10 12 1 1 10 12 1 1 11 7 12 1 1 1 7 1 10 12 1 10 12 1 1 8 1 10 12 1 1 10 12 1 11 7 12 1 1 1 11 7 12 1 1 11 12 1 10 12 1 10 12 1 1 10 10 7 12 1 1 1 10 12 1 10 12 1 10 10 12 10 12 1 1 10 10 12 1 10 10 12 1 10 10 12 1 10 10 12 1 10 12 1 1 10 10 12 1 8 1 10 12 1 1 18 12 1 1 11 100 12 1 1 1 7 1 3 18 12 1 18 12 1 8 1 10 100 12 1 1 1 11 12 1 1 10 12 10 10 12 1 10 11 12 1 1 10 12 1 1 11 12 1 18 3 11 10 12 1 11 11 10 12 1 10 12 1 1 8 1 10 12 1 10 12 1 10 12 1 1 10 10 12 1 11 100 12 1 7 1 100 1 10 12 7 1 10 10 7 12 1 1 1 100 1 10 7 1 10 10 12 1 10 10 12 1 8 1 10 10 12 1 8 1 8 1 10 12 1 10 12 1 10 10 12 10 7 12 1 1 10 7 12 1 1 10 7 12 1 1 8 1 10 12 1 10 12 1 10 9 12 1 10 12 9 7 12 1 1 1 10 12 1 10 12 1 10 12 1 10 12 1 10 12 1 8 1 10 100 12 1 1 1 10 12 10 12 1 1 10 12 10 10 12 10 12 7 1 9 12 1 1 7 1 10 7 1 7 1 7 1 7 1 1 1 1 1 1 5 0 1 1 1 1 1 3 1 3 1 1 1 1 1 1 1 1 1 1 1 1 1 1 1 100 1 1 1 1 1 1 1 1 1 1 1 1 1 1 1 1 1 1 1 1 1 1 1 1 1 1 1 1 1 1 1 100 1 1 1 1 1 1 1 1 1 1 1 7 1 1 1 1 1 1 1 1 1 1 1 1 1 1 1 1 1 1 1 1 1 1 1 1 1 1 1 1 1 1 1 1 1 1 1 1 1 1 1 1 1 1 1 1 1 1 1 1 1 1 1 1 1 1 1 1 1 1 1 1 1 1 1 1 1 1 1 1 1 1 1 1 1 1 1 1 1 1 1 1 1 1 1 1 1 1 1 1 1 1 1 1 1 1 1 1 1 1 1 1 1 1 1 1 1 1 1 1 1 1 1 1 1 1 1 1 1 1 1 1 1 1 1 1 1 1 1 1 1 1 1 1 1 1 1 1 1 1 1 1 1 1 1 1 1 1 1 1 1 1 1 1 1 1 1 1 1 1 1 1 1 1 1 1 1 1 1 1 1 1 1 1 1 1 1 100 1 1 1 1 1 1 1 1 1 1 1 1 1 1 1 1 1 1 1 1 1 1 1 100 1 1 1 1 1 1 1 1 1 1 1 1 1 1 1 7 1 1 1 1 1 1 1 1 1 1 1 1 1 1 1 16 15 10 12 16 15 10 12 15 10 12 15 10 12 15 10 100 12 1 1 1 1 1 1 1 100 1 100 1 1 1
staticfield java/lang/String COMPACT_STRINGS Z 1
staticfield java/lang/String serialPersistentFields [Ljava/io/ObjectStreamField; 0 [Ljava/io/ObjectStreamField;
staticfield java/lang/String CASE_INSENSITIVE_ORDER Ljava/util/Comparator; java/lang/String$CaseInsensitiveComparator
ciInstanceKlass java/lang/constant/ConstantDesc 1 0 37 100 1 100 1 1 1 1 100 1 1 1 1 100 1 100 1 100 1 100 1 100 1 100 1 100 1 100 1 100 1 1 100 1 100 1 1
ciInstanceKlass java/lang/InternalError 0 0 34 10 100 12 1 1 1 10 12 1 10 12 1 10 12 1 100 1 1 1 1 5 0 1 1 1 1 1 1 1 1 1 1 1
instanceKlass java/util/ServiceConfigurationError
instanceKlass java/lang/ThreadDeath
instanceKlass java/lang/AssertionError
instanceKlass java/lang/VirtualMachineError
instanceKlass java/lang/LinkageError
ciInstanceKlass java/lang/Error 1 1 40 10 7 12 1 1 1 10 12 1 10 12 1 10 12 1 10 12 1 100 1 1 1 1 5 0 1 1 1 1 1 1 1 1 1 1 1 1 1 1
instanceKlass java/lang/StackOverflowError
instanceKlass java/lang/OutOfMemoryError
instanceKlass java/lang/InternalError
ciInstanceKlass java/lang/VirtualMachineError 1 1 34 10 100 12 1 1 1 10 12 1 10 12 1 10 12 1 100 1 1 1 1 5 0 1 1 1 1 1 1 1 1 1 1 1
ciInstanceKlass java/util/Iterator 1 1 53 100 1 8 1 10 12 1 1 10 7 12 1 1 1 11 7 12 1 1 1 11 12 1 1 11 7 12 1 1 1 7 1 1 1 1 1 1 1 1 1 1 1 1 1 1 1 1 1 1 1 1 1
instanceKlass sun/security/ssl/SSLSocketImpl$AppInputStream
instanceKlass com/mysql/cj/protocol/a/CompressedInputStream
instanceKlass sun/nio/ch/NioSocketImpl$1
instanceKlass java/net/Socket$SocketInputStream
instanceKlass com/mysql/cj/protocol/ReadAheadInputStream
instanceKlass java/io/ObjectInputStream
instanceKlass sun/nio/ch/ChannelInputStream
instanceKlass java/util/zip/ZipFile$ZipFileInputStream
instanceKlass java/io/FilterInputStream
instanceKlass java/io/FileInputStream
instanceKlass java/io/ByteArrayInputStream
ciInstanceKlass java/io/InputStream 1 1 195 7 1 10 7 12 1 1 1 100 1 10 10 7 12 1 1 1 10 7 12 1 1 1 10 12 1 100 1 3 10 12 1 1 100 1 8 1 10 12 1 10 7 12 1 1 1 3 7 1 8 1 10 10 7 12 1 1 1 7 1 10 11 7 12 1 1 1 10 12 1 1 11 12 1 1 11 7 12 1 1 1 11 12 1 1 7 1 10 7 12 1 1 1 5 0 10 12 1 10 12 1 1 100 1 10 8 1 10 8 1 8 1 10 12 1 1 10 100 12 1 1 1 7 1 5 0 10 12 1 100 1 7 1 1 1 1 3 1 3 1 1 1 1 1 1 1 1 1 1 1 1 1 1 1 1 1 1 1 1 1 1 1 1 1 1 1 1 1 1 1 1 1 1 1 1 1 1 1 1 1 1 1 1 1 1 1 1 1 1 1 1 1 1 1
ciInstanceKlass jdk/internal/misc/Unsafe 1 1 1287 10 7 12 1 1 1 9 7 12 1 1 1 9 12 1 1 10 12 1 1 10 7 12 1 1 1 10 12 1 1 10 12 1 1 10 12 1 1 10 12 1 1 10 12 1 1 10 12 1 1 10 12 1 1 10 12 1 1 10 12 1 1 10 12 1 1 10 12 1 1 10 12 1 1 10 12 1 1 10 12 1 10 12 1 100 1 10 10 12 1 1 10 12 1 1 5 0 10 12 1 1 10 12 1 1 10 7 12 1 1 1 10 12 1 1 10 12 1 10 12 1 10 12 1 1 10 12 1 1 10 12 1 10 12 1 7 1 7 1 10 8 1 10 12 1 1 10 12 1 8 1 10 12 1 1 10 12 1 10 12 1 10 12 1 1 10 12 1 10 12 1 1 10 12 1 1 10 12 1 10 12 1 10 12 1 10 12 1 1 10 12 1 10 12 1 10 12 1 1 10 12 1 5 0 5 0 5 0 10 12 1 10 12 1 10 12 1 10 12 1 10 12 1 10 12 1 10 12 1 10 12 1 10 12 1 1 10 12 1 10 12 1 7 1 8 1 10 100 1 10 10 12 1 1 10 12 1 1 10 12 1 10 12 1 1 10 12 1 1 10 12 1 10 12 1 1 10 12 1 9 7 12 1 1 9 12 1 100 1 10 10 12 1 1 8 1 10 8 1 8 1 10 12 1 1 9 7 12 1 1 1 9 7 1 9 7 1 9 7 1 9 9 7 1 9 7 1 9 7 1 10 12 1 1 10 12 1 1 10 12 1 1 10 12 1 1 5 0 5 0 9 12 1 1 10 12 1 10 12 1 10 12 1 1 10 12 1 1 10 12 1 8 1 3 10 12 1 1 10 12 1 1 10 12 1 10 12 1 1 10 12 1 1 10 12 1 10 12 1 10 12 1 10 12 1 10 12 1 10 12 1 1 10 12 1 1 10 12 1 10 12 1 10 12 1 10 12 1 10 12 1 10 12 1 1 10 12 1 1 10 12 1 10 12 1 10 12 1 10 12 1 10 12 1 10 12 1 1 10 12 1 1 10 12 1 1 10 12 1 1 10 12 1 10 12 1 10 12 1 10 12 1 10 12 1 10 12 1 10 12 1 1 10 12 1 1 10 12 1 10 12 1 10 12 1 10 12 1 10 12 1 10 12 1 10 12 1 1 10 12 1 1 10 12 1 10 12 1 10 12 1 10 12 1 10 12 1 10 12 1 10 12 1 10 12 1 1 10 12 1 10 12 1 10 12 1 10 12 1 10 12 1 1 10 12 1 10 12 1 10 12 1 10 12 1 10 12 1 10 12 1 10 12 1 10 12 1 1 10 12 1 10 12 1 10 12 1 10 12 1 10 12 1 10 12 1 1 10 12 1 10 12 1 10 12 1 1 10 12 1 10 12 1 10 12 1 10 12 1 10 12 1 10 12 1 10 12 1 10 12 1 10 12 1 10 12 1 10 12 1 10 12 1 10 12 1 10 12 1 10 12 1 10 12 1 10 12 1 10 12 1 10 12 1 10 12 1 10 12 1 10 12 1 10 12 1 100 1 10 100 1 10 9 12 1 5 0 10 12 1 1 5 0 10 12 1 5 0 10 12 1 10 12 1 10 12 1 1 10 12 1 1 10 12 1 10 12 1 10 12 1 10 12 1 1 10 12 1 10 12 1 10 12 1 10 12 1 10 12 1 1 10 12 1 10 12 1 10 12 1 10 12 1 1 10 12 1 10 12 1 10 12 1 1 10 12 1 10 12 1 10 12 1 10 12 1 1 10 12 1 10 10 12 1 1 10 12 1 10 12 1 1 10 12 1 10 12 5 0 5 0 5 0 10 12 1 1 10 12 1 10 12 1 10 12 10 100 12 1 1 8 1 100 1 11 12 1 1 8 1 11 12 1 1 10 100 12 1 1 10 12 1 10 12 1 10 12 1 10 12 1 10 12 1 1 10 12 1 10 12 1 10 12 1 10 12 1 10 12 1 10 12 1 10 7 1 10 12 1 9 12 1 7 1 9 12 1 7 1 9 12 1 7 1 9 12 1 7 1 9 12 1 7 1 9 12 1 7 1 9 12 1 7 1 9 12 1 7 1 9 12 1 10 12 1 9 12 1 9 12 1 9 12 1 9 12 1 9 12 1 9 12 1 9 12 1 9 12 1 9 12 1 9 12 1 1 1 3 1 1 1 1 1 1 1 1 1 1 1 1 1 1 1 1 1 1 1 1 1 1 1 1 1 1 1 1 1 1 1 1 1 1 1 1 1 1 1 1 1 1 1 1 1 1 1 1 1 1 1 1 1 1 1 1 1 1 1 1 1 1 1 1 1 1 1 1 1 1 1 1 1 1 1 1 1 1 1 1 1 1 1 1 1 1 1 1 1 100 1 1 1 1 1 1 1 1 1 1 1 1 1 1 1 1 1 1 1 1 1 1 1 1 1 1 1 1 1 1 1 1 1 1 1 1 1 1 1 1 1 1 1 1 1 1 1 1 1 1 1 1 1 1 1 1 1 1 1 1 1 1 1 1 1 1 1 1 1 1 1 1 1 1 1 1 1 1 1 1 1 1 1 1 1 1 1 1 1 1 1 1 1 1 1 1 1 1 1 1 1 1 1 1 1 1 1 1 1 1 1 1 1 1 1 1 1 1 1 1 1 1 1 1 1 1 1 1 1 1 1 1 1 1 1 1 1 1 1 1 1 1 1 1 1 1 1 1 1 1 1 1 1 1 1 1 1 1 1 1 1 1 1 1 1 1 1 1 1 1 1 1 1 1 1 1 1 1 1 1 1 1 1 1 1 1 1 1 1 1 1 1 1 1 1 1 1 1 1 1 1 1 1 1 1 1 3 1 1 1 1 1 1 1 1 1 1 1 1 1 1 1 1 1 1 1 1 1
staticfield jdk/internal/misc/Unsafe theUnsafe Ljdk/internal/misc/Unsafe; jdk/internal/misc/Unsafe
staticfield jdk/internal/misc/Unsafe ARRAY_BOOLEAN_BASE_OFFSET I 16
staticfield jdk/internal/misc/Unsafe ARRAY_BYTE_BASE_OFFSET I 16
staticfield jdk/internal/misc/Unsafe ARRAY_SHORT_BASE_OFFSET I 16
staticfield jdk/internal/misc/Unsafe ARRAY_CHAR_BASE_OFFSET I 16
staticfield jdk/internal/misc/Unsafe ARRAY_INT_BASE_OFFSET I 16
staticfield jdk/internal/misc/Unsafe ARRAY_LONG_BASE_OFFSET I 16
staticfield jdk/internal/misc/Unsafe ARRAY_FLOAT_BASE_OFFSET I 16
staticfield jdk/internal/misc/Unsafe ARRAY_DOUBLE_BASE_OFFSET I 16
staticfield jdk/internal/misc/Unsafe ARRAY_OBJECT_BASE_OFFSET I 16
staticfield jdk/internal/misc/Unsafe ARRAY_BOOLEAN_INDEX_SCALE I 1
staticfield jdk/internal/misc/Unsafe ARRAY_BYTE_INDEX_SCALE I 1
staticfield jdk/internal/misc/Unsafe ARRAY_SHORT_INDEX_SCALE I 2
staticfield jdk/internal/misc/Unsafe ARRAY_CHAR_INDEX_SCALE I 2
staticfield jdk/internal/misc/Unsafe ARRAY_INT_INDEX_SCALE I 4
staticfield jdk/internal/misc/Unsafe ARRAY_LONG_INDEX_SCALE I 8
staticfield jdk/internal/misc/Unsafe ARRAY_FLOAT_INDEX_SCALE I 4
staticfield jdk/internal/misc/Unsafe ARRAY_DOUBLE_INDEX_SCALE I 8
staticfield jdk/internal/misc/Unsafe ARRAY_OBJECT_INDEX_SCALE I 4
staticfield jdk/internal/misc/Unsafe ADDRESS_SIZE I 8
instanceKlass org/hibernate/boot/registry/classloading/internal/AggregatedClassLoader
instanceKlass org/springframework/core/DecoratingClassLoader
instanceKlass jdk/internal/reflect/DelegatingClassLoader
instanceKlass java/security/SecureClassLoader
ciInstanceKlass java/lang/ClassLoader 1 1 1108 9 7 12 1 1 1 10 7 12 1 1 1 9 12 1 1 10 7 12 1 1 1 7 1 10 12 1 1 10 12 1 1 9 12 1 1 10 12 1 1 100 1 10 12 1 10 12 1 1 10 7 12 1 1 1 100 1 8 1 10 12 1 10 7 12 1 1 1 10 7 12 1 10 7 1 10 7 1 7 1 7 1 10 12 1 10 12 1 9 12 1 1 10 10 7 12 1 1 1 9 12 1 1 9 12 1 9 12 1 1 9 12 1 9 12 1 1 9 12 1 1 7 1 10 12 1 9 12 1 1 10 12 1 1 10 7 12 1 1 1 9 12 1 9 12 1 1 9 12 1 10 12 1 1 9 12 10 12 1 1 7 1 10 8 1 10 12 1 1 10 12 1 10 7 1 7 1 10 12 1 1 10 7 12 1 1 1 8 1 10 12 1 10 12 1 10 12 1 1 10 12 1 1 10 12 1 1 10 12 1 1 10 12 1 1 10 12 1 7 1 10 12 1 10 7 12 1 1 1 10 12 1 1 10 12 1 10 12 1 10 12 1 10 12 1 10 12 1 1 10 10 12 1 10 12 1 10 100 12 1 1 10 12 1 1 10 12 1 1 10 12 1 100 1 10 12 1 7 1 10 12 1 10 7 12 1 1 1 10 10 12 1 1 10 12 1 1 7 1 8 1 10 8 1 10 12 1 10 12 1 100 1 8 1 10 12 1 1 10 12 1 1 10 10 12 1 1 10 12 1 1 10 12 1 1 10 7 1 10 12 1 1 10 12 1 1 10 12 1 1 10 12 1 1 10 12 1 1 10 12 1 1 10 12 1 10 7 12 1 1 1 10 12 1 10 12 1 10 12 1 1 10 12 1 10 12 1 10 12 1 10 12 1 1 10 12 1 10 12 1 1 8 1 9 12 1 10 12 1 1 8 1 8 1 10 7 12 1 1 100 1 10 10 12 10 12 1 10 12 1 10 12 1 10 12 1 1 10 7 12 1 1 10 12 1 10 7 1 7 1 10 12 1 1 10 12 1 10 7 1 10 12 1 100 1 18 12 1 10 100 12 1 1 1 10 100 12 1 1 1 10 7 12 1 1 10 12 1 10 12 1 100 1 10 12 1 8 1 10 10 12 1 1 10 12 1 10 12 1 1 7 1 10 12 1 10 12 1 1 10 7 12 1 1 10 12 1 8 1 100 1 10 10 12 1 9 12 1 10 7 12 1 1 10 12 1 7 1 8 1 10 12 1 10 8 1 8 1 10 12 1 1 10 12 1 1 10 12 1 1 10 7 12 1 1 7 1 100 1 10 12 1 1 7 1 7 1 10 7 12 1 1 10 12 1 10 12 1 1 10 12 1 10 12 1 1 10 12 1 1 9 100 12 1 1 1 10 12 1 1 10 12 1 10 12 1 10 12 1 1 10 12 1 8 1 7 1 18 12 1 1 10 12 1 1 10 12 1 10 12 1 10 12 1 8 1 10 12 1 10 12 1 18 12 1 11 100 12 1 1 1 100 1 10 12 1 1 10 12 1 10 11 12 1 1 10 18 10 12 1 1 11 7 12 1 18 12 1 11 12 1 1 10 12 10 12 1 1 10 12 1 1 7 1 8 1 10 10 12 1 8 1 8 1 10 7 12 1 1 10 12 1 100 1 10 10 12 1 8 1 8 1 8 1 10 12 1 10 12 1 1 10 12 1 10 7 12 1 1 1 11 7 12 1 1 100 1 10 11 10 12 1 10 12 1 10 12 1 1 9 7 12 1 1 9 12 1 1 9 12 9 12 1 9 12 1 9 12 1 8 10 12 1 1 10 7 12 1 1 1 10 12 1 1 10 12 1 1 10 12 1 10 10 12 1 11 12 1 1 10 100 12 1 1 1 100 1 10 12 1 10 12 1 10 12 1 1 1 1 1 1 1 1 1 1 1 1 1 1 1 1 1 1 1 1 1 1 1 1 1 1 1 1 100 1 1 1 1 1 1 1 1 1 1 1 1 1 1 1 1 1 1 1 1 1 100 1 1 1 1 1 1 1 1 1 1 7 1 1 1 1 1 1 1 1 1 1 1 1 1 1 1 1 1 1 1 1 1 1 1 1 1 1 1 1 1 1 1 1 1 1 1 1 1 1 1 1 1 100 1 1 1 1 1 1 1 1 1 1 1 1 1 1 1 1 1 1 1 7 1 1 1 1 1 1 1 1 1 1 1 1 1 1 1 1 1 1 1 1 1 1 1 1 1 1 1 1 1 1 1 1 1 1 1 1 1 1 1 1 1 1 1 1 1 1 1 1 1 1 100 1 1 1 1 1 1 1 1 1 1 1 1 1 1 1 1 1 1 1 1 1 1 1 1 1 1 1 1 1 1 1 1 1 1 1 1 1 1 1 1 1 1 1 1 1 1 16 1 15 10 12 16 1 16 15 10 12 16 1 16 1 15 10 12 16 15 10 12 16 15 10 12 16 15 10 100 12 1 1 1 1 1 100 1 100 1 1
staticfield java/lang/ClassLoader nocerts [Ljava/security/cert/Certificate; 0 [Ljava/security/cert/Certificate;
staticfield java/lang/ClassLoader $assertionsDisabled Z 1
ciInstanceKlass java/lang/reflect/Constructor 1 1 439 10 7 12 1 1 1 10 7 12 1 1 9 7 12 1 1 1 10 12 1 1 10 12 1 1 10 7 12 1 1 9 12 1 1 10 7 12 1 1 1 9 12 1 1 9 12 1 1 9 12 1 9 12 1 1 9 12 1 9 12 1 1 9 12 1 1 9 12 1 100 1 8 1 10 12 1 10 12 1 9 12 1 1 10 7 12 1 1 10 7 12 1 1 1 10 12 1 1 10 12 1 1 10 12 1 7 1 100 1 8 1 10 10 12 1 10 12 1 10 12 1 1 10 12 1 1 9 100 12 1 1 1 10 7 12 1 1 10 12 1 1 10 12 1 10 12 1 1 10 7 12 1 1 1 10 100 12 1 1 10 12 1 1 10 12 1 10 7 12 1 1 1 8 1 10 10 12 1 100 1 8 1 10 12 1 10 12 1 1 10 12 1 1 10 12 1 10 12 1 10 12 1 1 10 12 1 1 9 12 1 1 10 12 1 1 10 12 1 1 10 12 1 1 11 7 12 1 1 1 10 12 1 1 10 12 1 10 12 1 10 12 1 8 1 9 12 1 1 10 7 12 1 1 1 10 7 12 1 1 10 12 1 1 10 12 1 1 10 12 1 1 10 12 1 1 10 12 1 9 7 12 1 1 10 12 1 10 12 1 10 12 1 100 1 8 1 10 10 12 1 1 10 12 1 10 10 12 1 1 10 12 1 1 10 100 12 1 1 1 11 100 12 1 1 1 10 12 1 1 9 100 12 1 1 1 10 100 12 1 1 1 10 12 1 1 1 1 1 1 1 1 1 1 1 1 1 1 1 1 1 1 1 1 1 1 1 1 1 1 1 1 1 1 1 1 1 1 1 1 1 1 1 1 1 1 1 1 1 1 1 1 1 1 1 1 100 1 100 1 100 1 100 1 1 1 1 1 1 1 1 1 1 1 1 1 1 1 1 1 1 1 1 1 1 1 1 1 1 1 1 1 1 1 1 1 100 1 1
instanceKlass java/lang/reflect/Executable
instanceKlass java/lang/reflect/Field
ciInstanceKlass java/lang/reflect/AccessibleObject 1 1 400 10 7 12 1 1 1 9 100 12 1 1 1 10 7 12 1 1 1 10 7 12 1 1 10 7 12 1 1 1 10 100 12 1 1 1 10 12 1 1 10 12 1 1 9 12 1 1 7 1 10 7 12 1 1 1 11 12 1 7 1 10 12 1 7 1 100 1 10 12 1 10 12 1 1 10 12 1 1 10 12 1 1 10 12 1 1 7 1 10 7 12 1 1 1 10 12 1 1 11 10 7 12 1 1 1 10 12 1 1 10 12 1 10 12 1 10 12 1 1 10 12 1 8 1 7 1 7 1 10 10 12 1 1 8 1 10 12 1 10 12 1 8 1 8 1 8 1 8 1 8 1 8 1 8 1 8 1 8 1 100 1 10 12 1 10 12 1 9 12 1 1 10 12 1 1 10 12 1 10 7 1 100 1 8 1 10 8 1 10 12 1 8 1 10 12 1 10 12 1 1 10 100 1 8 1 10 11 7 12 1 1 1 10 12 1 1 10 12 1 1 10 12 1 1 9 12 1 1 100 1 10 12 1 7 1 10 12 1 10 12 1 1 10 100 1 10 12 1 10 12 10 12 1 10 12 1 10 12 1 1 10 12 1 9 12 1 10 100 12 1 1 8 1 10 100 12 1 1 1 8 1 10 7 12 1 1 1 9 12 1 7 1 10 7 1 10 10 7 12 1 1 1 7 1 10 10 7 12 1 1 1 7 1 9 12 1 1 1 1 1 1 1 1 1 1 1 1 1 1 1 1 1 1 1 1 1 1 1 1 1 1 1 1 1 1 1 1 1 1 1 1 1 1 1 1 1 1 1 1 1 1 1 1 1 1 1 1 1 1 1 1 1 1 1 1 1 1 1 1 1 1 1 1 1 1 1 1 1 1 1 1 1 1 1 1 1 1 1 1
staticfield java/lang/reflect/AccessibleObject reflectionFactory Ljdk/internal/reflect/ReflectionFactory; jdk/internal/reflect/ReflectionFactory
instanceKlass java/lang/reflect/Constructor
instanceKlass java/lang/reflect/Method
ciInstanceKlass java/lang/reflect/Executable 1 1 581 10 7 12 1 1 1 10 7 12 1 1 1 10 7 12 1 1 1 11 7 12 1 1 1 10 7 12 1 1 1 10 12 1 1 10 7 12 1 1 1 10 7 12 1 1 1 10 12 1 8 1 10 10 12 1 1 10 12 1 1 10 7 12 1 1 1 18 12 1 1 11 7 12 1 1 1 8 1 8 1 8 1 10 7 12 1 1 1 11 12 1 1 7 1 8 1 8 1 10 12 1 7 1 8 1 10 12 1 8 1 11 100 12 1 1 1 7 1 11 7 12 1 1 1 11 12 1 8 1 18 8 1 10 12 1 10 12 1 1 18 8 1 10 12 1 7 1 10 12 1 10 12 1 11 12 1 10 12 1 1 8 1 8 1 10 12 1 1 10 12 1 1 10 10 12 1 9 100 12 1 1 1 10 100 12 1 1 1 10 12 1 10 12 1 1 10 7 12 1 1 10 12 1 10 12 1 10 12 1 10 7 12 1 1 7 1 10 100 12 1 1 1 10 12 1 1 10 7 12 1 1 10 12 1 10 12 1 1 9 7 12 1 1 1 10 7 10 12 1 8 1 10 12 1 10 12 1 3 100 1 8 1 10 12 1 10 12 1 10 10 12 1 10 12 1 1 8 1 8 1 8 1 9 12 1 1 9 12 1 10 12 1 100 1 8 1 10 12 1 10 12 1 10 12 1 1 10 12 1 1 10 12 1 10 12 10 12 1 7 1 10 12 1 10 12 1 1 100 1 10 7 12 1 1 1 7 1 10 7 12 1 1 1 10 12 1 1 11 7 12 1 1 10 12 1 10 100 12 1 1 1 10 12 1 1 9 12 1 10 12 1 1 10 12 1 10 12 1 1 9 100 12 1 1 1 10 100 12 1 1 1 10 12 1 10 12 1 1 9 12 1 10 10 10 10 100 12 1 1 1 10 12 1 9 12 1 10 12 1 1 9 12 1 7 1 7 1 1 1 1 1 1 1 1 1 1 1 1 1 1 1 1 1 1 1 1 1 1 1 1 1 1 1 1 1 1 1 1 1 1 1 1 100 1 1 1 1 1 1 1 1 1 1 1 1 1 1 1 1 1 1 1 100 1 1 1 1 1 1 1 1 1 1 1 1 1 1 1 1 1 1 1 1 1 1 1 1 1 1 1 1 1 1 1 1 1 1 1 1 1 1 1 1 1 1 1 7 1 1 1 1 1 1 1 1 1 1 1 1 1 1 1 1 1 1 1 1 1 1 7 1 1 16 15 16 1 16 1 15 10 12 16 15 10 7 12 1 1 1 1 1 1 100 1 1 100 1 100 1 1
ciInstanceKlass java/lang/reflect/Member 1 1 37 100 1 10 12 1 1 100 1 100 1 1 1 1 3 1 3 1 1 1 1 1 1 1 1 1 1 1 1 1 1 1 1 1 1 1 1
instanceKlass org/apache/tomcat/util/threads/TaskThread
instanceKlass org/springframework/boot/web/embedded/tomcat/TomcatWebServer$1
instanceKlass org/springframework/context/support/AbstractApplicationContext$1
instanceKlass java/util/logging/LogManager$Cleaner
instanceKlass jdk/internal/misc/InnocuousThread
instanceKlass java/util/concurrent/ForkJoinWorkerThread
instanceKlass java/lang/ref/Finalizer$FinalizerThread
instanceKlass java/lang/ref/Reference$ReferenceHandler
instanceKlass java/lang/BaseVirtualThread
ciInstanceKlass java/lang/Thread 1 1 870 10 7 12 1 1 1 9 12 1 1 10 7 12 1 1 10 12 1 10 100 12 1 1 100 1 8 1 10 12 1 1 9 12 1 9 12 1 1 9 12 1 1 7 1 10 12 1 1 10 12 1 10 7 12 1 1 1 10 12 9 12 1 1 10 12 1 7 1 10 12 1 100 1 8 1 10 9 7 12 1 1 1 10 12 1 1 10 12 1 1 10 12 1 1 10 12 1 10 12 1 1 3 8 1 7 1 5 0 10 7 12 1 1 1 9 12 1 10 12 1 1 10 7 12 1 1 1 10 7 12 1 1 1 10 12 1 1 10 12 1 1 9 12 1 1 10 7 1 8 1 10 7 1 10 12 1 9 12 1 1 10 7 12 1 1 1 10 10 12 1 1 9 100 12 1 1 1 10 12 1 1 10 12 1 1 10 7 12 1 1 10 12 1 10 12 1 10 7 12 1 1 9 12 1 10 7 12 1 1 1 10 12 1 1 9 12 1 1 9 12 1 1 10 7 12 1 1 1 9 12 1 1 10 100 12 1 1 10 100 12 1 1 1 10 12 1 10 12 1 10 7 12 1 1 9 12 1 8 1 9 7 12 1 1 9 12 1 1 5 0 100 1 10 100 1 10 100 1 10 7 1 10 8 1 10 12 1 1 10 7 12 1 10 12 1 10 12 1 100 1 8 1 10 10 12 1 10 12 1 1 10 100 12 1 1 1 10 100 12 1 1 1 10 12 1 7 1 9 12 1 1 100 1 10 10 12 1 9 12 1 1 10 12 1 1 10 12 1 1 10 12 1 10 12 1 9 12 1 1 10 10 12 1 1 10 12 1 1 11 7 12 1 1 10 7 12 1 1 9 12 1 9 12 1 1 9 12 1 1 10 100 12 1 1 10 12 1 1 9 100 12 1 1 1 10 100 12 1 1 10 12 1 10 12 1 100 1 10 10 12 9 12 1 1 10 12 1 11 100 12 1 1 10 12 1 10 12 1 10 12 1 9 12 1 10 10 12 1 10 12 1 1 9 12 1 9 12 10 12 1 8 1 10 12 1 10 12 1 10 12 1 10 12 1 10 12 1 1 10 12 1 10 12 1 1 10 12 1 10 12 1 10 12 1 10 12 1 10 12 1 1 9 7 12 1 1 1 8 1 10 9 12 1 10 12 1 7 1 8 1 10 10 12 1 8 1 10 12 1 1 9 12 10 12 8 1 10 10 12 1 10 12 1 8 1 10 12 1 10 8 1 10 100 12 1 1 10 12 1 1 100 1 8 1 10 9 12 1 9 12 1 1 10 12 1 1 10 10 12 1 10 12 1 100 10 7 12 1 1 1 9 12 1 10 12 1 1 10 12 1 1 10 100 12 1 1 1 11 7 12 1 1 1 9 100 12 1 1 1 10 100 12 1 1 1 7 1 10 12 1 100 1 10 12 1 10 12 1 1 10 12 1 1 8 1 9 12 1 10 12 1 10 12 1 1 11 7 12 1 1 1 10 12 1 1 1 1 3 1 3 1 3 1 3 1 1 1 1 1 1 1 1 1 1 1 1 1 1 1 1 1 1 1 1 1 7 1 1 1 1 1 1 1 1 1 1 1 1 1 1 1 1 1 1 1 1 1 1 100 1 1 1 1 1 1 1 1 1 1 1 1 1 1 1 1 7 1 7 1 1 1 1 1 1 1 1 1 1 1 1 1 1 1 1 1 1 1 1 1 1 1 1 1 1 1 1 1 1 1 1 1 1 1 1 1 1 1 1 1 1 1 1 1 1 1 1 1 1 1 1 1 1 1 1 1 1 1 1 1 1 1 1 1 1 1 1 1 1 1 1 1 1 1 1 100 100 1 1 1 1 1 1 1 1 1 1 1 1 1 1 1 1 1 1 1 1 1 1 1 1 1 1 100 1 100 1 100 1 100 1 100 1 1 100 1 1 1 1 1 1 1 1 1 1 1 1 1 1 1
staticfield java/lang/Thread NEW_THREAD_BINDINGS Ljava/lang/Object; java/lang/Class
staticfield java/lang/Thread EMPTY_STACK_TRACE [Ljava/lang/StackTraceElement; 0 [Ljava/lang/StackTraceElement;
ciInstanceKlass java/lang/Runnable 1 0 11 100 1 100 1 1 1 1 1 1 1
ciInstanceKlass java/net/URL 1 1 771 10 7 12 1 1 1 10 12 1 10 7 12 1 1 9 12 1 1 9 12 1 10 7 12 1 1 1 10 12 1 1 10 12 1 1 9 12 1 1 10 7 12 1 1 1 8 1 10 12 1 1 7 1 10 10 12 1 1 8 1 10 12 1 1 9 12 1 7 1 8 1 10 12 1 10 12 1 8 1 9 12 1 10 12 1 1 9 12 1 10 12 1 10 12 1 9 12 1 9 12 1 8 1 9 12 1 10 12 1 1 8 1 9 12 1 1 10 12 1 1 10 7 12 1 1 1 8 1 10 12 1 7 1 10 12 1 10 12 1 10 12 1 10 12 1 1 10 12 1 1 8 1 10 12 1 1 10 12 1 8 1 9 12 1 8 1 10 12 1 10 7 12 1 1 1 7 1 10 12 1 10 12 1 1 10 7 12 1 1 1 100 1 8 1 10 10 12 1 8 1 10 12 1 1 10 12 1 10 12 1 10 12 1 10 12 1 10 12 1 10 12 1 8 1 10 12 1 8 1 10 10 100 1 10 10 12 1 8 1 10 7 12 1 1 1 10 12 1 9 100 12 1 1 1 10 7 12 1 1 1 9 12 1 1 10 12 1 10 100 12 1 1 1 100 1 100 1 10 12 1 10 12 1 10 12 1 10 12 1 10 12 1 10 12 10 10 12 1 10 12 1 10 12 1 1 8 1 9 100 12 1 1 1 10 100 12 1 1 1 10 12 1 1 9 100 12 1 1 1 10 12 1 1 100 1 10 12 1 10 12 1 10 10 12 1 1 10 12 1 1 10 12 1 10 12 1 10 12 1 10 7 12 1 1 1 10 12 1 1 10 12 1 9 12 1 1 9 12 1 1 7 1 8 1 10 10 12 1 9 12 1 1 10 7 12 1 1 8 1 10 7 12 1 1 8 1 10 12 1 1 10 12 1 8 1 8 1 10 7 12 1 1 1 7 1 10 7 12 1 1 1 10 12 1 10 12 1 7 1 10 9 7 12 1 1 1 10 7 12 1 1 10 12 1 1 10 12 1 8 1 7 1 10 10 7 12 1 1 1 10 12 1 8 9 100 12 1 1 1 10 12 1 1 10 12 1 10 12 1 1 10 100 12 1 1 11 7 12 1 1 10 12 1 10 12 1 9 12 1 10 12 1 1 10 100 12 1 1 10 100 12 1 1 1 8 10 100 12 1 1 100 1 10 8 8 10 12 1 8 8 8 100 1 10 12 1 9 12 1 1 10 12 1 10 12 1 1 10 12 1 10 12 10 12 1 1 10 12 1 1 10 10 10 12 1 10 12 1 10 12 1 10 12 1 10 12 1 10 10 12 1 100 1 8 1 10 10 10 12 1 1 10 12 1 10 12 1 1 8 1 7 1 10 10 7 1 10 12 1 9 7 12 1 1 1 9 12 1 1 7 1 10 10 7 12 1 1 1 7 1 1 1 1 1 5 0 1 1 1 1 1 1 1 1 1 1 1 1 1 1 1 1 1 1 1 1 1 1 1 1 1 1 1 1 1 1 1 1 1 1 1 1 1 1 1 1 1 1 1 1 1 1 1 1 7 1 1 1 1 1 1 1 1 1 1 1 1 1 1 1 1 1 1 1 1 1 1 1 1 1 1 1 1 1 1 1 1 1 1 1 1 1 100 1 1 1 1 1 1 1 1 1 1 1 1 1 1 1 1 1 100 1 1 1 1 1 1 1 1 1 1 1 1 1 1 1 1 1 1 1
staticfield java/net/URL defaultFactory Ljava/net/URLStreamHandlerFactory; java/net/URL$DefaultFactory
staticfield java/net/URL streamHandlerLock Ljava/lang/Object; java/lang/Object
staticfield java/net/URL serialPersistentFields [Ljava/io/ObjectStreamField; 7 [Ljava/io/ObjectStreamField;
ciMethod java/lang/System arraycopy (Ljava/lang/Object;ILjava/lang/Object;II)V 256 0 128 0 -1
ciInstanceKlass java/lang/Module 1 1 1070 10 7 12 1 1 1 9 7 12 1 1 1 10 7 12 1 1 1 9 12 1 9 12 1 1 9 12 1 1 10 12 1 1 10 12 1 10 12 1 1 10 7 12 1 1 1 7 1 10 7 12 1 1 1 10 12 1 1 11 7 12 1 1 1 10 12 1 1 10 7 12 1 1 1 10 12 1 1 10 7 12 1 1 1 9 100 12 1 1 1 10 7 12 1 1 1 10 12 1 8 1 10 7 12 1 1 1 10 7 12 1 1 1 10 7 12 1 1 1 10 12 1 10 12 1 9 12 1 1 10 100 12 1 1 100 1 7 1 10 8 1 10 12 1 1 10 12 1 10 12 10 12 1 10 7 12 1 1 8 1 8 1 10 8 1 8 1 9 12 1 1 8 1 10 100 12 1 1 1 10 12 1 9 12 1 1 11 12 1 9 7 12 1 1 10 7 12 1 1 1 10 100 12 1 1 1 10 12 1 1 8 1 10 12 1 1 10 12 1 10 12 1 1 9 7 12 1 1 1 10 12 1 1 10 12 1 1 9 12 1 10 12 1 10 12 1 9 12 1 1 11 7 12 1 1 10 12 1 1 9 12 1 9 12 1 10 12 1 10 12 1 100 1 8 1 10 10 12 1 1 10 12 1 8 1 10 12 1 1 8 1 8 1 10 12 1 1 10 12 1 10 12 1 1 18 12 1 1 10 12 1 1 11 12 1 9 12 1 11 12 10 100 12 1 1 100 1 8 1 10 11 12 1 1 10 7 12 1 1 1 10 12 1 10 12 1 1 11 12 1 1 11 7 12 1 1 11 12 1 1 9 12 1 11 12 1 10 12 1 1 10 12 1 1 9 12 1 10 12 10 7 12 1 1 10 7 1 18 12 1 1 11 100 12 1 1 1 18 12 1 11 12 1 1 10 100 12 1 1 1 11 12 1 1 10 7 12 1 1 7 1 11 12 1 7 1 7 1 10 12 1 10 7 12 1 1 1 10 11 7 12 1 8 1 10 10 12 1 1 10 7 12 1 1 10 12 1 10 12 1 7 1 10 12 1 10 11 12 1 1 10 12 10 12 1 1 9 12 1 1 100 1 10 10 12 1 1 11 7 1 10 12 1 1 11 12 1 10 10 12 1 11 10 12 1 1 10 12 1 1 10 12 1 1 10 7 12 1 1 10 12 1 10 12 1 1 10 10 12 1 1 10 12 1 18 12 1 11 12 1 18 12 1 10 12 1 10 12 1 10 12 7 1 10 12 1 10 12 1 10 12 1 9 12 1 7 1 10 10 10 10 12 1 10 12 1 10 12 1 10 12 1 1 10 12 1 1 10 12 1 9 12 1 18 12 1 1 10 7 12 1 1 1 100 1 8 1 10 12 1 1 10 12 1 1 10 7 12 1 1 7 1 10 12 1 1 7 1 8 1 10 12 1 1 100 1 11 12 1 1 10 100 12 1 1 1 18 12 1 1 11 100 12 1 1 1 100 1 10 12 1 10 12 1 1 7 1 7 1 10 12 8 1 10 12 1 1 10 12 1 1 10 100 12 1 1 10 12 1 1 10 12 1 10 12 10 12 1 1 7 1 10 10 12 1 1 10 7 12 1 1 1 100 1 10 12 1 1 10 7 12 1 1 8 1 18 12 1 1 100 1 100 1 9 12 1 1 9 12 1 9 12 1 11 100 12 1 1 1 100 1 11 12 1 1 100 1 10 12 1 8 1 10 12 1 10 12 10 12 1 8 1 10 10 100 12 1 1 7 1 10 10 12 1 10 7 12 1 1 9 12 1 9 12 1 9 12 1 9 12 1 10 12 11 12 1 10 12 1 7 1 1 1 1 1 1 1 1 1 1 1 1 1 1 1 1 1 1 1 100 1 1 1 1 1 1 1 1 1 1 1 1 1 1 1 1 1 1 1 1 1 1 1 1 1 1 1 1 1 1 1 1 1 1 1 1 1 1 1 1 1 1 1 1 1 1 1 1 1 1 1 1 1 1 1 1 1 1 1 1 1 1 1 1 1 1 1 1 1 1 1 1 1 1 1 1 1 1 1 1 1 1 1 1 1 1 1 1 1 1 1 1 1 1 1 100 100 1 1 1 1 1 1 1 1 1 1 1 1 1 1 1 1 1 1 1 1 1 1 1 1 1 1 1 100 1 7 1 1 1 1 1 1 1 1 1 1 1 1 1 1 1 1 1 1 1 1 100 1 1 1 1 1 1 1 1 1 1 1 1 1 1 1 1 1 1 1 1 1 1 1 16 15 10 12 16 16 15 10 12 16 16 15 10 16 1 15 10 12 16 1 15 10 12 16 1 16 15 10 12 16 16 1 15 10 12 16 15 10 7 12 1 1 1 15 10 100 12 1 1 1 1 1 1 1 1 1 1 1 100 1 100 1 1 100 1 100 1 1
staticfield java/lang/Module ALL_UNNAMED_MODULE Ljava/lang/Module; java/lang/Module
staticfield java/lang/Module ALL_UNNAMED_MODULE_SET Ljava/util/Set; java/util/ImmutableCollections$Set12
staticfield java/lang/Module EVERYONE_MODULE Ljava/lang/Module; java/lang/Module
staticfield java/lang/Module EVERYONE_SET Ljava/util/Set; java/util/ImmutableCollections$Set12
staticfield java/lang/Module $assertionsDisabled Z 1
ciInstanceKlass java/lang/Math 1 1 460 7 1 10 7 12 1 1 1 10 7 12 1 1 1 10 12 1 10 12 1 10 12 1 10 12 1 10 12 1 6 0 6 0 10 12 1 10 12 1 10 12 1 10 12 1 10 12 1 10 12 1 1 10 12 1 10 12 1 10 12 1 10 12 1 10 12 1 10 7 12 1 1 1 100 1 3 3 3 10 7 12 1 1 1 100 1 5 0 5 0 5 0 5 0 5 0 9 100 12 1 1 1 10 100 12 1 1 1 100 1 8 1 10 12 1 8 1 10 12 1 1 10 12 1 1 7 1 5 0 5 0 7 1 3 5 0 3 5 0 10 12 1 10 12 1 10 12 1 10 12 1 10 12 1 8 1 10 12 1 8 1 10 12 1 1 10 12 1 1 9 12 1 1 9 12 1 100 1 7 1 10 10 12 1 1 8 1 10 12 1 10 12 1 1 10 10 12 1 10 12 1 10 12 1 10 12 1 1 8 1 8 1 10 12 1 1 10 12 1 10 12 10 12 10 12 1 10 12 1 10 12 1 10 12 1 10 12 6 0 10 12 1 9 12 1 1 100 1 10 10 12 1 100 1 10 12 1 10 12 1 1 10 12 1 10 12 1 10 12 10 12 1 1 10 12 1 1 10 12 1 1 10 12 6 0 10 12 1 1 10 12 10 12 1 4 10 12 1 10 12 1 10 12 10 12 1 10 12 1 10 12 1 10 12 1 10 12 1 10 12 1 5 0 6 0 4 6 0 4 6 0 4 10 12 1 9 12 1 1 10 12 9 12 1 10 7 12 1 1 1 4 6 0 1 1 6 0 1 6 0 1 6 0 1 1 1 1 1 1 1 1 1 1 1 1 1 1 1 1 1 1 1 1 1 1 1 1 1 1 1 1 1 1 1 1 1 1 1 1 1 1 1 1 1 1 1 1 1 1 1 1 1 1 1 1 1 1 1 1 1 1 1 1 1 1 1 1 1 1 1 1 1 1 1 1 1 1 1 1 1 1 1 1 1 1 1 1 1 1 1 1 1 1 1 1 1 1 1 1
staticfield java/lang/Math negativeZeroFloatBits J -2147483648
staticfield java/lang/Math negativeZeroDoubleBits J -9223372036854775808
staticfield java/lang/Math $assertionsDisabled Z 1
ciInstanceKlass java/lang/Character 1 1 604 7 1 7 1 100 1 9 12 1 1 8 1 9 12 1 1 7 1 9 12 1 1 10 7 12 1 1 1 10 100 12 1 1 1 10 100 12 1 1 1 10 7 12 1 1 1 9 7 12 1 1 1 10 12 1 10 12 1 1 10 12 1 1 10 7 12 1 1 10 12 1 1 3 3 3 3 3 10 12 1 1 10 12 1 3 11 7 12 1 1 1 11 12 1 1 10 12 1 1 10 12 1 1 100 1 10 10 12 1 3 10 12 1 1 10 12 1 10 12 1 1 100 1 8 1 10 12 1 1 10 12 1 10 12 1 10 12 1 10 100 12 1 1 1 10 12 1 10 12 1 10 12 1 1 10 12 1 10 7 12 1 1 10 10 12 1 10 10 12 1 10 12 1 1 10 12 1 10 10 12 1 10 12 1 10 12 1 10 12 1 10 12 1 10 12 1 10 12 1 10 12 10 10 12 10 10 12 1 10 10 12 1 10 10 12 1 10 10 12 1 10 12 1 10 12 1 10 12 1 10 12 1 10 12 1 10 12 1 10 10 12 1 10 10 12 1 10 10 12 1 1 10 10 12 1 10 5 0 10 12 1 10 12 1 10 10 12 1 10 10 12 1 1 10 10 12 1 10 10 12 1 9 12 1 1 100 1 10 10 12 1 10 12 1 1 3 10 100 12 1 1 1 10 12 1 10 100 12 1 1 7 1 10 10 12 1 1 10 12 1 1 10 12 1 1 8 1 10 12 1 9 100 12 1 1 1 10 12 1 10 10 12 1 10 12 1 1 10 12 1 10 10 12 1 1 10 10 12 1 1 7 1 8 1 10 12 1 1 10 7 12 1 1 1 8 1 10 12 1 1 9 12 1 1 7 1 7 1 7 1 1 1 1 3 1 3 1 3 1 3 1 1 1 1 1 3 1 1 3 1 3 1 3 1 3 1 3 1 3 1 3 1 3 1 3 1 3 1 3 1 3 1 3 1 3 1 3 1 3 1 3 1 3 1 3 1 3 1 3 1 3 1 3 1 3 1 3 1 3 1 3 1 3 1 1 1 1 1 1 1 1 1 1 1 1 1 1 1 1 1 1 1 3 1 1 1 1 1 1 1 3 1 1 3 1 1 1 1 1 3 1 1 5 0 1 1 1 1 1 1 1 1 1 1 1 1 1 1 1 1 1 1 1 1 1 1 1 1 1 1 1 1 1 1 1 1 1 1 1 1 1 1 1 1 1 1 1 1 1 1 1 1 1 1 1 1 1 1 1 1 1 1 1 1 1 1 1 1 1 1 1 1 1 1 1 1 1 1 1 1 1 1 1 1 1 1 1 1 1 1 1 1 1 1 100 1 100 1 1 1 1 1 1
staticfield java/lang/Character TYPE Ljava/lang/Class; java/lang/Class
staticfield java/lang/Character $assertionsDisabled Z 1
ciInstanceKlass java/lang/OutOfMemoryError 1 1 26 10 100 12 1 1 1 10 12 1 100 1 1 1 1 5 0 1 1 1 1 1 1 1 1 1
ciInstanceKlass java/lang/Integer 1 1 453 7 1 7 1 7 1 7 1 10 12 1 1 9 12 1 1 9 12 1 1 10 100 12 1 1 1 10 12 1 1 10 100 12 1 1 1 10 10 12 1 1 10 7 12 1 1 1 10 12 1 10 12 1 1 10 7 12 1 1 1 10 12 1 1 10 12 1 1 10 12 1 10 12 1 10 12 1 1 10 10 12 1 9 12 1 1 9 12 1 100 1 8 1 10 12 1 7 1 10 12 1 8 1 10 12 1 1 10 12 1 8 1 10 12 1 8 1 10 12 1 1 3 10 12 1 1 3 10 12 1 1 10 12 1 1 10 7 12 1 1 1 11 7 1 10 12 1 1 11 10 12 1 1 8 1 10 12 1 1 8 1 7 1 10 12 1 1 10 12 1 1 5 0 8 1 10 12 1 10 12 1 10 12 1 10 12 1 1 7 1 9 12 1 1 9 12 1 1 10 12 1 10 7 1 9 12 1 10 12 1 10 12 1 10 12 1 1 10 7 12 1 1 1 100 1 100 1 10 12 1 1 10 12 1 1 8 1 8 1 10 12 1 1 8 1 8 1 8 1 8 1 8 1 8 1 10 12 1 10 12 1 5 0 3 3 3 3 10 12 1 10 12 1 3 10 12 1 10 100 12 1 1 1 10 12 1 1 10 12 1 1 8 1 10 7 12 1 1 1 9 12 1 1 7 1 7 1 7 1 1 1 1 3 1 1 1 3 1 3 1 1 5 0 1 1 1 1 1 1 1 1 1 100 1 1 1 1 1 1 1 1 1 1 1 1 1 1 1 1 1 1 1 1 1 1 1 1 1 1 1 1 1 1 1 1 1 1 1 1 1 1 1 1 3 1 1 1 1 1 1 1 1 1 1 1 1 1 1 1 1 7 1 1 1 1 1 1 1 1 1 1 1 1 1 1 1 1 1 1 1 1 1 1 1 1 1 1 1 1 1 1 1 1 1 1 1 1 1 1 1 1 1 1 1 1 1 1 7 1 1 1 1 1 1 1 1 1 100 1 100 1 1
staticfield java/lang/Integer TYPE Ljava/lang/Class; java/lang/Class
staticfield java/lang/Integer digits [C 36
staticfield java/lang/Integer DigitTens [B 100
staticfield java/lang/Integer DigitOnes [B 100
instanceKlass java/util/concurrent/atomic/Striped64
instanceKlass java/math/BigDecimal
instanceKlass java/math/BigInteger
instanceKlass java/util/concurrent/atomic/AtomicLong
instanceKlass java/util/concurrent/atomic/AtomicInteger
instanceKlass java/lang/Long
instanceKlass java/lang/Integer
instanceKlass java/lang/Short
instanceKlass java/lang/Byte
instanceKlass java/lang/Double
instanceKlass java/lang/Float
ciInstanceKlass java/lang/Number 1 1 37 10 7 12 1 1 1 10 100 12 1 1 1 100 1 1 1 1 5 0 1 1 1 1 1 1 1 1 1 1 1 1 1 1 1 1 1
ciInstanceKlass java/lang/Thread$FieldHolder 1 1 48 10 7 12 1 1 1 9 7 12 1 1 1 9 12 1 1 9 12 1 1 9 12 1 1 9 12 1 1 1 1 1 1 1 1 1 1 100 1 100 1 1 1 1 100 1 1 1
ciInstanceKlass java/lang/Thread$Constants 0 0 59 7 1 10 7 12 1 1 1 100 1 10 10 7 12 1 1 1 7 1 8 1 10 12 1 9 7 12 1 1 1 7 1 7 1 10 12 1 10 12 1 9 12 1 1 1 1 1 1 1 1 1 1 1 1 1 1 1 1
ciInstanceKlass java/lang/ThreadGroup 1 1 411 10 7 12 1 1 1 9 7 12 1 1 1 8 1 9 12 1 1 7 1 9 12 1 1 9 12 1 1 10 7 12 1 1 1 10 12 1 1 10 12 1 10 12 1 10 12 1 10 12 1 1 10 12 1 1 10 12 1 10 12 1 1 10 12 1 10 12 1 10 100 12 1 1 1 10 12 1 1 18 12 1 1 11 7 12 1 1 1 10 7 12 1 1 1 10 7 12 1 10 12 1 1 10 12 1 1 10 12 1 1 10 100 12 1 1 1 10 12 1 11 12 1 1 11 7 12 1 1 11 12 1 1 10 12 1 1 10 12 1 10 12 1 11 12 1 11 12 1 1 100 1 10 10 12 1 100 1 10 18 12 1 1 11 7 12 1 1 1 11 12 1 1 9 12 1 1 10 12 1 1 8 1 10 7 12 1 1 1 10 100 12 1 1 1 10 12 1 1 11 12 10 12 1 1 10 12 1 1 11 7 1 9 12 1 7 1 10 8 1 10 12 1 1 10 12 1 1 8 1 10 12 1 10 7 12 1 1 1 10 12 1 1 10 7 1 8 1 10 8 1 10 12 1 10 12 1 8 1 9 12 1 1 9 12 1 10 100 12 1 1 1 100 9 12 1 1 7 1 9 12 1 10 12 10 12 1 1 100 10 12 9 12 1 10 12 1 100 1 10 11 12 1 1 7 1 10 10 12 1 10 12 1 1 1 1 1 1 1 1 1 1 1 1 1 1 1 1 1 1 3 1 1 1 1 1 1 1 1 1 1 1 1 100 1 1 1 1 1 1 1 1 1 1 1 1 1 1 1 1 1 1 1 1 1 1 1 1 1 1 1 1 1 1 1 1 1 1 1 1 1 1 1 1 1 1 1 16 15 10 12 16 16 15 10 12 16 15 10 100 12 1 1 1 1 1 100 1 100 1 1
staticfield java/lang/ThreadGroup $assertionsDisabled Z 1
ciInstanceKlass java/lang/Thread$UncaughtExceptionHandler 1 0 16 100 1 100 1 1 1 1 1 1 1 1 100 1 1 1
ciInstanceKlass java/security/AccessControlContext 1 1 374 9 7 12 1 1 1 9 12 1 1 10 7 12 1 1 1 8 1 10 7 12 1 1 1 10 7 12 1 1 1 9 12 1 9 12 1 1 9 12 1 1 10 7 12 1 1 7 1 10 12 1 11 7 12 1 1 1 11 12 1 11 12 1 11 12 1 1 7 1 11 12 1 1 10 12 1 10 7 12 1 1 1 9 100 12 1 1 1 10 7 12 1 1 1 11 100 12 1 1 1 10 7 1 100 1 8 1 10 12 1 10 12 1 1 7 1 10 7 12 1 1 1 9 12 1 9 12 1 9 12 1 9 12 1 1 9 12 1 1 9 12 1 9 12 1 10 7 12 1 1 1 9 12 1 10 12 1 1 10 12 1 1 8 1 10 12 1 1 10 12 1 1 10 7 12 1 1 1 7 1 10 10 12 1 1 10 7 12 1 1 1 10 8 1 10 7 12 1 1 8 1 10 7 12 1 1 8 1 8 1 10 12 1 8 1 10 12 1 8 1 10 12 1 10 12 1 10 12 1 1 8 1 8 1 100 1 10 12 1 10 12 1 1 7 1 10 12 1 8 1 10 12 1 10 12 1 10 8 1 10 12 1 1 10 12 1 1 10 12 1 1 10 12 1 1 10 12 1 10 12 1 11 10 12 1 10 12 1 1 10 10 10 12 1 1 1 1 1 1 1 1 1 1 1 1 1 1 1 1 1 1 1 1 1 1 1 1 100 1 1 1 1 1 1 1 1 1 1 1 1 1 1 1 1 1 1 1 1 1 1 1 1 1 1 1 1 1 1 1 1 1 1 1 1 1 1 1 1 1 1 1 1 1 1 1 1 1 1 1 1 3 1 1
instanceKlass java/lang/ThreadBuilders$BoundVirtualThread
instanceKlass java/lang/VirtualThread
ciInstanceKlass java/lang/BaseVirtualThread 0 0 36 10 100 12 1 1 1 100 1 1 1 1 1 1 1 1 1 1 1 1 1 1 1 1 1 1 1 1 100 1 100 1 1 100 1 1
ciInstanceKlass java/lang/VirtualThread 0 0 907 9 7 12 1 1 1 10 7 12 1 1 1 10 100 12 1 1 1 10 7 12 1 1 1 9 12 1 1 9 12 1 1 100 1 10 12 1 9 12 1 1 18 12 1 1 9 12 1 1 10 12 1 1 100 1 10 12 1 10 12 1 1 10 12 1 1 10 12 1 1 10 12 1 10 7 12 1 10 12 1 10 12 1 10 12 1 10 12 1 11 100 12 1 1 1 100 1 10 12 1 1 10 100 12 1 1 1 10 100 12 1 1 1 10 12 1 100 1 10 10 12 1 10 12 1 1 9 12 1 1 10 12 1 1 9 12 1 1 10 12 1 9 12 1 1 9 12 1 100 1 10 10 12 1 10 100 12 1 1 10 9 10 10 12 1 1 10 12 1 1 10 100 12 1 1 10 100 1 10 9 10 10 12 1 7 1 10 12 1 1 10 12 1 10 12 1 10 12 1 1 9 12 1 10 12 1 10 12 1 9 12 1 1 10 12 1 10 12 1 9 12 1 1 10 12 1 10 12 1 10 12 1 11 100 12 1 1 10 12 1 1 10 12 1 1 10 12 1 1 9 12 1 10 100 1 10 12 1 1 10 12 1 1 10 12 1 10 12 1 10 12 1 10 12 9 12 1 1 10 100 12 1 1 10 12 1 10 12 1 1 10 100 12 1 1 10 12 1 100 1 8 1 10 12 1 10 12 1 1 10 12 1 10 12 1 10 100 12 1 1 10 12 1 10 12 1 1 10 12 1 10 12 1 1 10 7 12 1 1 10 12 1 1 10 12 1 1 100 1 10 10 12 1 7 1 9 12 1 1 10 7 12 1 1 10 9 12 1 1 18 9 100 12 1 1 1 11 100 12 1 1 1 11 100 1 11 12 10 12 1 10 12 1 1 10 12 1 100 1 10 10 12 1 10 12 1 1 10 12 1 1 10 12 1 10 12 1 10 12 1 9 12 1 1 11 100 12 1 1 10 12 9 100 12 1 1 1 9 12 1 10 12 1 1 9 12 1 9 12 1 9 12 1 7 1 10 10 12 1 1 10 12 1 10 12 7 1 7 1 10 8 1 10 12 1 1 10 12 1 10 12 1 10 10 12 1 8 1 10 10 12 1 10 12 1 10 7 12 1 1 8 1 8 1 10 9 100 12 1 1 1 10 12 1 1 10 12 1 10 10 10 12 9 12 1 10 12 1 1 9 12 1 10 12 1 1 9 12 1 10 12 1 1 18 12 1 1 18 12 1 10 7 12 1 1 1 8 1 10 100 12 1 1 1 10 7 12 1 1 1 18 12 1 10 100 12 1 1 1 100 1 10 12 1 8 1 10 12 1 8 1 10 12 1 1 8 1 8 1 10 100 12 1 1 8 1 10 12 1 8 1 8 1 10 100 12 1 1 1 10 12 1 10 12 1 1 10 12 1 18 12 1 1 18 12 1 1 5 0 9 12 1 10 12 1 18 12 1 100 1 10 12 10 7 12 1 1 10 12 1 1 7 1 8 1 10 10 12 1 10 12 1 1 10 12 1 9 12 1 8 10 12 1 1 8 8 9 12 1 8 10 12 1 1 3 1 3 1 3 1 3 1 3 1 3 1 3 1 3 1 3 1 3 1 3 1 3 3 1 3 1 1 1 1 1 1 1 1 1 1 1 1 1 1 7 1 1 1 1 1 1 1 1 1 1 1 1 1 1 7 1 1 1 1 1 1 1 1 1 1 1 7 1 1 1 1 1 1 1 1 1 1 1 1 1 1 1 1 1 1 1 1 1 1 1 1 1 1 1 1 1 1 1 1 1 1 1 1 1 1 1 100 1 1 1 1 1 1 1 1 1 1 1 1 1 1 1 1 1 1 1 1 1 1 1 1 1 1 1 1 1 1 1 1 1 1 1 100 1 1 1 1 1 1 1 1 1 1 1 1 1 1 100 1 1 16 15 10 12 15 16 15 10 12 16 15 10 12 16 16 15 10 12 16 15 10 12 16 15 10 12 16 15 10 12 16 1 15 10 100 12 1 1 1 1 1 1 1 7 1 1 100 1 100 1 1
ciInstanceKlass java/lang/ThreadBuilders$BoundVirtualThread 0 0 132 10 7 12 1 1 1 9 7 12 1 1 1 10 7 12 1 1 1 9 12 1 1 10 12 1 1 10 12 1 1 9 12 1 1 10 7 12 1 1 1 10 12 1 1 7 1 8 1 10 12 1 10 12 1 1 10 12 1 1 10 12 1 1 10 7 12 1 1 1 8 1 10 12 1 8 1 10 12 1 1 10 100 12 1 1 9 100 12 1 1 1 10 12 1 1 10 10 12 1 1 1 1 1 1 1 1 1 1 1 1 1 1 1 1 1 1 1 1 1 1 1 1 1 1 1 1 100 1 1 1 1
ciInstanceKlass jdk/internal/vm/ContinuationScope 0 0 50 10 100 12 1 1 1 10 100 12 1 1 1 100 1 9 100 12 1 1 1 10 12 1 1 10 100 12 1 1 1 10 12 1 1 10 12 1 1 1 1 1 1 1 1 1 1 1 1 1
ciInstanceKlass jdk/internal/vm/StackChunk 0 0 34 10 100 12 1 1 1 9 100 12 1 1 1 9 12 1 1 9 12 1 9 12 1 1 1 1 1 1 1 1 1 1 1 1
ciInstanceKlass java/lang/Float 1 1 279 7 1 7 1 10 100 12 1 1 1 10 100 12 1 1 1 4 7 1 10 12 1 1 10 12 1 1 8 1 8 1 10 7 12 1 1 1 10 12 1 1 10 12 1 1 10 100 1 4 10 7 12 1 1 9 12 1 1 10 12 1 1 10 12 1 10 10 12 1 1 10 12 1 10 12 1 3 3 100 1 4 4 4 3 10 12 1 1 9 12 1 1 100 1 10 3 3 4 4 10 12 1 3 3 3 10 12 1 1 10 12 1 1 10 12 1 10 100 12 1 1 1 10 12 1 1 10 12 1 1 10 7 12 1 1 1 8 1 10 12 1 1 9 12 1 1 7 1 7 1 7 1 1 1 1 4 1 4 1 1 1 4 1 1 3 1 3 1 3 1 3 1 3 1 1 1 1 5 0 1 1 1 1 1 1 1 1 1 1 100 1 1 1 1 1 1 1 1 1 1 1 1 1 3 1 1 1 1 1 1 1 1 1 1 1 1 1 1 1 1 1 1 1 1 1 1 1 1 1 1 1 1 1 1 1 1 1 1 1 1 1 1 1 1 1 1 1 1 1 1 1 1 1 1 1 1 1 1 1 1 1 1 1 1 1 7 1 1 1 1 1 1 1 100 1 100 1 1
staticfield java/lang/Float TYPE Ljava/lang/Class; java/lang/Class
staticfield java/lang/Float $assertionsDisabled Z 1
ciInstanceKlass java/lang/Double 1 1 290 7 1 7 1 10 7 12 1 1 1 10 12 1 1 10 7 1 10 12 1 1 10 100 12 1 1 1 6 0 8 1 10 12 1 1 8 1 10 12 1 1 8 1 6 0 10 12 1 1 100 1 5 0 5 0 8 1 8 1 10 7 12 1 1 1 10 7 12 1 1 1 8 1 10 12 1 1 8 1 8 1 8 1 10 12 1 1 10 12 1 10 12 1 1 10 12 1 10 12 1 10 12 1 1 10 12 1 10 7 1 6 0 10 7 12 1 1 9 12 1 1 10 12 1 10 12 1 10 12 1 10 12 1 10 12 1 5 0 10 12 1 1 10 12 1 10 12 1 10 100 12 1 1 1 10 12 1 1 10 12 1 1 8 1 10 7 12 1 1 1 9 12 1 1 7 1 7 1 7 1 1 1 6 0 1 6 0 1 6 0 1 1 1 6 0 1 1 3 1 3 1 3 1 3 1 3 1 1 1 1 5 0 1 1 1 1 1 1 1 1 1 1 1 1 1 1 1 1 100 1 1 1 1 1 1 1 1 1 1 1 1 3 1 1 1 1 1 1 1 1 1 1 1 1 1 1 1 1 1 1 1 1 1 1 1 1 1 1 1 1 1 1 1 1 1 1 7 1 1 1 1 1 1 1 100 1 100 1 1
staticfield java/lang/Double TYPE Ljava/lang/Class; java/lang/Class
ciInstanceKlass java/lang/Byte 1 1 213 7 1 100 1 10 7 12 1 1 1 9 12 1 1 8 1 9 12 1 1 7 1 10 12 1 1 10 12 1 1 10 100 12 1 1 1 10 100 12 1 1 1 9 7 12 1 1 1 10 12 1 1 100 1 7 1 10 12 1 1 8 1 10 12 1 1 8 1 10 12 1 10 12 1 10 12 1 10 12 1 1 10 12 1 10 12 1 10 12 1 1 10 8 1 8 1 10 7 1 9 12 1 1 10 12 1 1 10 12 1 1 10 12 1 1 10 12 1 5 0 10 12 1 1 8 1 10 7 12 1 1 1 9 12 1 1 7 1 7 1 1 1 3 1 3 1 1 1 1 3 1 3 1 1 5 0 1 1 1 1 1 1 1 1 1 1 1 1 1 1 1 1 1 1 1 1 1 1 1 1 1 1 1 1 1 1 1 1 1 1 1 1 1 1 1 1 1 1 1 1 1 1 1 1 1 1 1 1 1 1 1 1
staticfield java/lang/Byte TYPE Ljava/lang/Class; java/lang/Class
ciInstanceKlass java/lang/Short 1 1 222 7 1 7 1 100 1 10 7 12 1 1 1 10 12 1 1 100 1 7 1 10 12 1 1 8 1 10 12 1 1 8 1 10 12 1 10 12 1 10 12 1 10 12 1 1 10 12 1 1 10 12 1 9 12 1 1 8 1 9 12 1 1 7 1 10 12 1 1 10 12 1 10 100 12 1 1 1 10 100 12 1 1 1 9 7 12 1 1 1 10 12 1 10 12 1 1 10 8 1 8 1 10 7 1 9 12 1 1 10 12 1 1 10 12 1 1 10 12 1 1 10 12 1 3 3 5 0 10 12 1 1 8 1 10 7 12 1 1 1 9 12 1 1 7 1 7 1 1 1 3 1 3 1 1 1 1 3 1 3 1 1 5 0 1 1 1 1 1 1 1 1 1 1 1 1 1 1 1 1 1 1 1 1 1 1 1 1 1 1 1 3 1 1 1 1 1 1 1 1 1 1 1 1 1 1 1 1 1 1 1 1 1 1 1 1 1 1 1 1 1 1
staticfield java/lang/Short TYPE Ljava/lang/Class; java/lang/Class
ciInstanceKlass java/lang/Long 1 1 524 7 1 7 1 7 1 7 1 10 12 1 1 9 12 1 1 9 7 12 1 1 1 10 100 12 1 1 1 10 12 1 1 10 100 12 1 1 1 10 10 12 10 12 1 10 12 1 10 12 1 5 0 5 0 7 1 10 12 1 1 10 12 1 1 10 12 1 10 12 1 10 12 1 10 12 1 1 10 100 12 1 1 10 12 1 10 12 1 1 10 12 1 1 10 12 1 1 10 12 1 1 10 100 12 1 1 1 10 12 1 1 10 12 1 10 12 1 10 12 1 10 12 1 1 10 10 12 1 5 0 5 0 9 12 1 1 9 12 1 5 0 100 1 8 1 10 12 1 8 1 10 12 1 8 1 8 1 10 12 1 1 5 0 10 12 1 1 5 0 10 12 1 1 10 12 1 1 10 100 12 1 1 1 11 7 1 10 12 1 1 11 10 12 1 1 8 1 10 12 1 1 8 1 7 1 10 12 1 1 10 12 1 8 1 8 1 11 12 1 1 10 12 1 10 12 1 10 12 1 5 0 5 0 9 7 12 1 1 1 10 12 1 10 12 1 1 8 1 8 1 10 12 1 1 8 1 8 1 8 1 8 1 8 1 8 1 10 12 1 10 7 1 9 12 1 1 10 12 1 10 12 1 1 10 12 1 1 10 7 12 1 1 1 100 1 100 1 10 12 1 1 10 12 1 1 5 0 10 12 1 10 12 1 5 0 5 0 5 0 10 12 1 1 10 12 1 5 0 5 0 10 12 1 10 12 1 10 100 12 1 1 1 10 12 1 1 10 12 1 1 8 1 10 7 12 1 1 1 9 12 1 1 7 1 7 1 7 1 1 1 1 5 0 1 1 1 1 3 1 3 1 5 0 1 1 1 1 1 1 1 1 1 100 1 1 1 1 1 1 1 1 1 1 1 1 1 1 1 1 1 1 1 1 1 1 1 1 1 1 1 1 1 1 1 1 1 1 1 1 1 1 1 1 1 1 1 1 1 1 1 1 1 1 1 1 1 1 1 3 1 1 1 1 1 1 1 1 1 1 1 1 1 1 1 7 1 1 1 1 1 1 1 1 1 1 1 1 1 1 1 1 1 1 1 1 1 1 1 1 1 1 1 1 1 1 1 1 1 1 1 1 1 1 1 1 1 1 1 7 1 1 1 1 1 1 1 1 1 100 1 100 1 1
staticfield java/lang/Long TYPE Ljava/lang/Class; java/lang/Class
ciInstanceKlass jdk/internal/vm/vector/VectorSupport 0 0 573 100 1 10 100 12 1 1 1 9 12 1 1 10 12 1 1 100 1 10 12 1 11 100 12 1 1 1 11 100 12 1 1 1 11 100 12 1 1 11 100 12 1 1 11 100 12 1 1 1 11 100 12 1 1 11 100 12 1 1 11 100 12 1 1 11 100 12 1 1 11 100 12 1 1 11 100 12 1 1 11 100 12 1 1 1 11 100 12 1 1 11 100 12 1 1 1 11 100 12 1 1 1 11 100 12 1 1 11 100 12 1 1 1 11 100 12 1 1 100 1 10 12 1 1 11 100 12 1 1 11 100 12 1 1 11 100 12 1 1 11 100 12 1 1 11 100 12 1 1 11 100 12 1 1 9 12 1 1 10 100 12 1 1 11 100 12 1 1 10 12 1 1 10 100 12 1 1 1 10 12 1 10 12 1 1 10 12 1 1 1 1 1 3 1 3 1 3 1 3 1 3 1 3 1 3 1 3 1 3 1 3 1 3 1 3 1 3 1 3 1 3 1 3 1 3 1 3 1 3 1 3 1 3 1 3 1 3 1 3 1 3 1 3 1 3 1 3 1 3 1 3 1 3 1 3 1 3 1 3 1 3 1 3 1 3 1 3 1 3 1 3 1 3 1 3 1 3 1 3 1 3 1 3 1 3 1 3 1 3 1 3 1 3 1 3 1 3 1 1 1 1 1 1 1 1 1 1 1 1 1 1 1 1 1 1 1 1 1 1 1 1 1 1 1 1 1 1 1 1 1 1 1 1 1 1 1 1 1 1 1 1 1 1 1 1 1 1 1 1 1 1 1 1 1 1 1 1 1 1 1 1 1 1 1 1 1 1 1 1 1 1 1 1 1 1 1 1 1 1 1 1 1 1 1 1 1 1 1 1 1 1 1 1 1 1 1 1 1 1 1 1 1 1 1 1 1 1 1 1 1 1 1 1 1 1 1 1 1 1 1 1 1 1 1 1 1 1 1 1 1 1 1 1 1 1 1 1 1 1 1 1 1 1 1 1 1 1 1 1 1 1 1 1 1 1 1 1 1 1 1 1 1 1 1 1 1 1 1 1 1 1 1 1 1 1 1 1 1 1 1 1 1 1 1 1 1 1 1 1 1 1 1 1 1 1 1 1 1 1 1 1 1 1 1 1 1 1 1 1 1 1 1 1 1 1 1 1 1 1 1 1 1 1 1 1 1 1 1 1 1 1 1 100 1 100 1 100 1 100 1 100 1 1 1 1 1 1 1 1 1 1 1 1 1 1 1 1 1 1 1 1 1 1 1 1 1 1 1 1 1 1 1
instanceKlass jdk/internal/vm/vector/VectorSupport$VectorShuffle
instanceKlass jdk/internal/vm/vector/VectorSupport$VectorMask
instanceKlass jdk/internal/vm/vector/VectorSupport$Vector
ciInstanceKlass jdk/internal/vm/vector/VectorSupport$VectorPayload 0 0 32 10 100 12 1 1 1 9 100 12 1 1 1 10 100 12 1 1 1 1 1 1 1 1 1 1 1 1 1 1 1 1
ciInstanceKlass jdk/internal/vm/vector/VectorSupport$Vector 0 0 28 10 100 12 1 1 1 100 1 1 1 1 1 1 1 1 1 1 1 1 1 1 1 100 1 1 1 1
ciInstanceKlass jdk/internal/vm/vector/VectorSupport$VectorMask 0 0 28 10 100 12 1 1 1 100 1 1 1 1 1 1 1 1 1 1 1 1 1 1 1 100 1 1 1 1
ciInstanceKlass jdk/internal/vm/vector/VectorSupport$VectorShuffle 0 0 28 10 100 12 1 1 1 100 1 1 1 1 1 1 1 1 1 1 1 1 1 1 1 100 1 1 1 1
ciInstanceKlass jdk/internal/vm/FillerObject 0 0 16 10 100 12 1 1 1 100 1 1 1 1 1 1 1 1
instanceKlass java/lang/ref/PhantomReference
instanceKlass java/lang/ref/FinalReference
instanceKlass java/lang/ref/WeakReference
instanceKlass java/lang/ref/SoftReference
ciInstanceKlass java/lang/ref/Reference 1 1 190 9 7 12 1 1 1 9 7 12 1 1 10 12 1 1 10 12 1 1 9 12 1 1 10 12 1 1 9 12 1 1 9 12 1 1 7 1 10 12 1 10 7 12 1 1 10 12 1 10 12 1 1 10 12 1 7 1 8 1 10 12 1 1 7 1 10 12 1 1 10 12 1 1 10 12 1 9 12 1 10 12 1 1 10 12 1 10 12 1 9 12 1 7 1 100 1 10 12 9 12 1 9 12 1 100 1 10 10 12 1 10 10 7 12 1 1 7 1 10 10 7 12 1 1 1 1 1 1 1 1 1 1 1 1 1 1 1 1 1 1 1 7 1 1 1 100 1 1 1 1 1 1 1 1 1 1 1 1 1 1 1 1 1 1 1 1 1 1 1 1 1 1 1 1 1 1 1 1 1 1 1 7 1 7 1 7 1 1 1
staticfield java/lang/ref/Reference processPendingLock Ljava/lang/Object; java/lang/Object
staticfield java/lang/ref/Reference $assertionsDisabled Z 1
instanceKlass sun/security/util/MemoryCache$SoftCacheEntry
instanceKlass java/util/ResourceBundle$BundleReference
instanceKlass com/sun/beans/util/Cache$Kind$Soft
instanceKlass org/springframework/util/ConcurrentReferenceHashMap$SoftEntryReference
instanceKlass sun/util/locale/provider/LocaleResources$ResourceReference
instanceKlass sun/util/resources/Bundles$BundleReference
instanceKlass sun/util/locale/LocaleObjectCache$CacheEntry
instanceKlass java/lang/invoke/LambdaFormEditor$Transform
ciInstanceKlass java/lang/ref/SoftReference 1 1 47 10 7 12 1 1 1 9 7 12 1 1 1 9 12 1 10 12 1 10 12 1 1 1 1 1 1 1 1 1 1 1 1 1 1 1 1 1 1 1 1 100 1 1 1 1 1
instanceKlass javax/crypto/JceSecurity$WeakIdentityWrapper
instanceKlass org/apache/tomcat/util/collections/ManagedConcurrentWeakHashMap$Key
instanceKlass java/util/ResourceBundle$KeyElementReference
instanceKlass org/springframework/cglib/core/WeakCacheKey
instanceKlass java/util/logging/LogManager$LoggerWeakRef
instanceKlass java/util/logging/Level$KnownLevel
instanceKlass java/lang/WeakPairMap$WeakRefPeer
instanceKlass java/lang/ClassValue$Entry
instanceKlass java/lang/invoke/MethodType$ConcurrentWeakInternSet$WeakEntry
instanceKlass java/lang/ThreadLocal$ThreadLocalMap$Entry
instanceKlass java/util/WeakHashMap$Entry
ciInstanceKlass java/lang/ref/WeakReference 1 1 31 10 7 12 1 1 1 10 12 1 100 1 1 1 1 1 1 1 1 1 1 1 1 1 1 1 1 1 1 1 1
instanceKlass java/lang/ref/Finalizer
ciInstanceKlass java/lang/ref/FinalReference 1 1 50 10 7 12 1 1 1 10 7 12 1 1 1 10 12 1 1 7 1 8 1 10 12 1 1 1 1 1 1 1 1 1 1 1 1 1 1 1 1 1 1 1 1 1 1 1 1 1 7 1
instanceKlass com/mysql/cj/jdbc/AbandonedConnectionCleanupThread$ConnectionFinalizerPhantomReference
instanceKlass jdk/internal/ref/PhantomCleanable
instanceKlass jdk/internal/ref/Cleaner
ciInstanceKlass java/lang/ref/PhantomReference 1 1 39 10 100 12 1 1 1 10 7 12 1 1 1 1 1 1 1 1 1 1 1 1 1 1 1 1 1 1 1 1 1 1 1 1 1 1 1 1 1
ciInstanceKlass java/lang/ref/Finalizer 1 1 155 9 7 12 1 1 1 10 7 12 1 1 1 9 12 1 1 9 12 1 1 9 12 1 9 12 1 9 12 1 1 10 12 1 7 1 8 1 10 12 1 10 12 1 1 9 12 1 100 1 10 12 1 7 1 11 100 12 1 1 10 12 1 7 1 10 12 1 100 1 10 12 1 10 7 12 1 1 1 10 100 12 1 1 1 100 1 10 10 12 1 7 1 10 12 1 7 1 10 12 1 1 10 12 1 1 10 12 1 10 7 12 1 1 1 7 1 10 7 1 10 10 12 1 1 1 1 1 1 1 1 1 1 1 1 1 1 1 1 1 1 1 1 1 1 1 1 1 1 1 1 1 1 1 1
staticfield java/lang/ref/Finalizer lock Ljava/lang/Object; java/lang/Object
staticfield java/lang/ref/Finalizer ENABLED Z 1
staticfield java/lang/ref/Finalizer $assertionsDisabled Z 1
instanceKlass org/hibernate/cfg/annotations/Nullability
instanceKlass javax/persistence/FetchType
instanceKlass javax/persistence/CascadeType
instanceKlass javax/persistence/GenerationType
instanceKlass org/hibernate/engine/OptimisticLockStyle
instanceKlass org/hibernate/annotations/CacheConcurrencyStrategy
instanceKlass javax/persistence/DiscriminatorType
instanceKlass org/hibernate/annotations/PolymorphismType
instanceKlass org/hibernate/annotations/OptimisticLockType
instanceKlass org/hibernate/cfg/AccessType
instanceKlass org/hibernate/cfg/AnnotatedClassType
instanceKlass javax/persistence/InheritanceType
instanceKlass org/hibernate/engine/jdbc/spi/TypeNullability
instanceKlass org/hibernate/engine/jdbc/spi/TypeSearchability
instanceKlass com/mysql/cj/jdbc/DatabaseMetaData$TableType
instanceKlass org/hibernate/engine/jdbc/env/spi/SQLStateType
instanceKlass com/mysql/cj/Query$CancelStatus
instanceKlass org/hibernate/engine/jdbc/env/spi/IdentifierCaseStrategy
instanceKlass org/hibernate/engine/jdbc/env/spi/NameQualifierSupport
instanceKlass com/mysql/cj/MysqlType
instanceKlass com/mysql/cj/protocol/a/authentication/CachingSha2PasswordPlugin$AuthStage
instanceKlass sun/security/ssl/X509Authentication
instanceKlass sun/security/ssl/Finished$VerifyDataScheme
instanceKlass sun/security/rsa/RSAUtil$KeyType
instanceKlass sun/security/ssl/SSLTrafficKeyDerivation$KeySchedule
instanceKlass sun/security/ssl/SSLTrafficKeyDerivation
instanceKlass sun/security/ssl/SSLSecretDerivation$SecretSchedule
instanceKlass sun/security/ssl/ContentType
instanceKlass sun/security/ssl/SSLKeyExchange$T12KeyAgreement
instanceKlass sun/security/ssl/PskKeyExchangeModesExtension$PskKeyExchangeMode
instanceKlass sun/security/ssl/ECPointFormatsExtension$ECPointFormat
instanceKlass sun/security/ssl/CertStatusExtension$CertStatusRequestType
instanceKlass sun/security/ssl/SSLExtension
instanceKlass sun/security/ssl/SignatureScheme$SigAlgParamSpec
instanceKlass sun/security/ssl/SignatureScheme
instanceKlass sun/security/ssl/ClientAuthType
instanceKlass sun/security/ssl/SSLHandshake
instanceKlass sun/security/ssl/NamedGroup
instanceKlass sun/security/ssl/NamedGroup$NamedGroupSpec
instanceKlass sun/security/ssl/CipherSuite$KeyExchange
instanceKlass sun/security/ssl/CipherSuite$MacAlg
instanceKlass sun/security/ssl/CipherSuite$HashAlg
instanceKlass java/lang/StackWalker$Option
instanceKlass java/nio/file/AccessMode
instanceKlass sun/security/ssl/CipherType
instanceKlass sun/security/ssl/SSLCipher
instanceKlass sun/security/ssl/CipherSuite
instanceKlass java/security/CryptoPrimitive
instanceKlass sun/security/util/DisabledAlgorithmConstraints$Constraint$Operator
instanceKlass sun/security/ssl/ProtocolVersion
instanceKlass com/mysql/cj/protocol/a/NativeConstants$StringSelfDataType
instanceKlass com/mysql/cj/protocol/a/NativeConstants$StringLengthDataType
instanceKlass com/mysql/cj/protocol/a/NativeConstants$IntegerDataType
instanceKlass java/net/Proxy$Type
instanceKlass java/net/StandardProtocolFamily
instanceKlass jdk/internal/util/OperatingSystem
instanceKlass com/mysql/cj/protocol/Resultset$Concurrency
instanceKlass com/mysql/cj/protocol/Resultset$Type
instanceKlass com/mysql/cj/conf/PropertyDefinitions$Compression
instanceKlass com/mysql/cj/conf/PropertyDefinitions$AuthMech
instanceKlass com/mysql/cj/conf/PropertyDefinitions$XdevapiSslMode
instanceKlass com/mysql/cj/conf/PropertyDefinitions$ZeroDatetimeBehavior
instanceKlass com/mysql/cj/conf/PropertyDefinitions$SslMode
instanceKlass com/mysql/cj/conf/PropertyDefinitions$DatabaseTerm
instanceKlass com/mysql/cj/conf/PropertyKey
instanceKlass com/mysql/cj/conf/ConnectionUrl$HostsCardinality
instanceKlass com/mysql/cj/conf/ConnectionUrl$Type
instanceKlass com/mysql/cj/util/StringUtils$SearchMode
instanceKlass org/hibernate/engine/jdbc/Size$LobMultiplier
instanceKlass org/hibernate/cfg/MetadataSourceType
instanceKlass javax/persistence/ConstraintMode
instanceKlass org/hibernate/cache/spi/access/AccessType
instanceKlass org/hibernate/MultiTenancyStrategy
instanceKlass net/bytebuddy/dynamic/scaffold/FieldLocator$ForClassHierarchy$Factory
instanceKlass net/bytebuddy/implementation/bytecode/assign/reference/GenericTypeAwareAssigner
instanceKlass net/bytebuddy/implementation/bytecode/StackManipulation$Illegal
instanceKlass net/bytebuddy/implementation/bytecode/assign/reference/ReferenceTypeAwareAssigner
instanceKlass net/bytebuddy/implementation/bind/MethodDelegationBinder$TerminationHandler$Default
instanceKlass net/bytebuddy/implementation/bytecode/assign/Assigner$Typing
instanceKlass net/bytebuddy/implementation/bind/annotation/AllArguments$Assignment
instanceKlass net/bytebuddy/description/method/ParameterDescription$ForLoadedParameter$Dispatcher$CreationAction
instanceKlass net/bytebuddy/description/method/ParameterList$ForLoadedExecutable$Dispatcher$CreationAction
instanceKlass net/bytebuddy/description/type/TypeDescription$Generic$Visitor$NoOp
instanceKlass net/bytebuddy/description/type/TypeDescription$Generic$AnnotationReader$NoOp
instanceKlass net/bytebuddy/description/type/TypeDefinition$Sort
instanceKlass net/bytebuddy/implementation/bind/MethodDelegationBinder$BindingResolver$Default
instanceKlass net/bytebuddy/implementation/bind/annotation/Empty$Binder
instanceKlass net/bytebuddy/implementation/bind/annotation/StubValue$Binder
instanceKlass net/bytebuddy/implementation/bytecode/StackManipulation$Trivial
instanceKlass net/bytebuddy/implementation/bind/annotation/FieldValue$Binder
instanceKlass net/bytebuddy/implementation/bind/annotation/DefaultMethod$Binder$MethodLocator$ForImplicitType
instanceKlass net/bytebuddy/implementation/bind/annotation/DefaultMethod$Binder
instanceKlass net/bytebuddy/implementation/bind/annotation/SuperMethod$Binder
instanceKlass net/bytebuddy/implementation/bind/annotation/DefaultCall$Binder$DefaultMethodLocator$Implicit
instanceKlass net/bytebuddy/implementation/bind/annotation/DefaultCall$Binder
instanceKlass net/bytebuddy/implementation/bind/annotation/SuperCall$Binder
instanceKlass net/bytebuddy/implementation/bind/annotation/Default$Binder
instanceKlass net/bytebuddy/implementation/bind/annotation/Super$Instantiation
instanceKlass net/bytebuddy/implementation/bind/annotation/Super$Binder
instanceKlass net/bytebuddy/implementation/bytecode/constant/NullConstant
instanceKlass net/bytebuddy/implementation/bind/annotation/This$Binder
instanceKlass net/bytebuddy/implementation/bind/MethodDelegationBinder$ParameterBinding$Illegal
instanceKlass net/bytebuddy/implementation/bind/annotation/Origin$Binder
instanceKlass net/bytebuddy/implementation/bind/annotation/AllArguments$Binder
instanceKlass net/bytebuddy/implementation/bind/annotation/Argument$Binder
instanceKlass net/bytebuddy/implementation/bind/MethodDelegationBinder$AmbiguityResolver$NoOp
instanceKlass net/bytebuddy/implementation/bind/ParameterLengthResolver
instanceKlass net/bytebuddy/implementation/bind/MethodNameEqualityResolver
instanceKlass net/bytebuddy/implementation/bind/ArgumentTypeResolver
instanceKlass net/bytebuddy/implementation/bind/DeclaringTypeResolver
instanceKlass net/bytebuddy/implementation/bind/annotation/BindingPriority$Resolver
instanceKlass net/bytebuddy/matcher/MethodSortMatcher$Sort
instanceKlass net/bytebuddy/TypeCache$Sort
instanceKlass net/bytebuddy/description/type/TypeDescription$ForLoadedType$Dispatcher$CreationAction
instanceKlass net/bytebuddy/matcher/ModifierMatcher$Mode
instanceKlass net/bytebuddy/dynamic/scaffold/ClassWriterStrategy$Default
instanceKlass net/bytebuddy/dynamic/VisibilityBridgeStrategy$Default
instanceKlass net/bytebuddy/dynamic/scaffold/TypeValidation
instanceKlass net/bytebuddy/dynamic/scaffold/InstrumentedType$Factory$Default
instanceKlass net/bytebuddy/description/type/TypeDescription$Generic$Visitor$Reifying
instanceKlass net/bytebuddy/dynamic/scaffold/MethodGraph$Compiler$Default$Merger$Directional
instanceKlass net/bytebuddy/dynamic/scaffold/MethodGraph$Compiler$Default$Harmonizer$ForJavaMethod
instanceKlass net/bytebuddy/dynamic/scaffold/MethodGraph$Empty
instanceKlass net/bytebuddy/implementation/Implementation$Context$Default$Factory
instanceKlass net/bytebuddy/implementation/attribute/AnnotationRetention
instanceKlass net/bytebuddy/implementation/attribute/AnnotationValueFilter$Default
instanceKlass net/bytebuddy/NamingStrategy$SuffixingRandom$BaseNameResolver$ForUnnamedType
instanceKlass net/bytebuddy/ClassFileVersion$VersionLocator$CreationAction
instanceKlass net/bytebuddy/matcher/StringMatcher$Mode
instanceKlass org/hibernate/boot/registry/classloading/internal/TcclLookupPrecedence
instanceKlass org/hibernate/ConnectionReleaseMode
instanceKlass org/hibernate/ConnectionAcquisitionMode
instanceKlass org/hibernate/resource/jdbc/spi/PhysicalConnectionHandlingMode
instanceKlass javax/persistence/spi/PersistenceUnitTransactionType
instanceKlass javax/persistence/SharedCacheMode
instanceKlass javax/persistence/ValidationMode
instanceKlass org/jboss/logging/Logger$Level
instanceKlass org/apache/logging/log4j/spi/StandardLevel
instanceKlass org/springframework/boot/jdbc/DatabaseDriver
instanceKlass org/springframework/boot/jdbc/EmbeddedDatabaseConnection
instanceKlass javax/websocket/CloseReason$CloseCodes
instanceKlass javax/servlet/DispatcherType
instanceKlass org/springframework/boot/web/servlet/server/Encoding$Type
instanceKlass org/apache/catalina/authenticator/AuthenticatorBase$AllowCorsPreflight
instanceKlass org/apache/tomcat/util/http/SameSiteCookies
instanceKlass javax/servlet/SessionTrackingMode
instanceKlass org/apache/tomcat/util/net/SocketEvent
instanceKlass org/apache/coyote/ContinueResponseTiming
instanceKlass org/apache/tomcat/util/net/AbstractEndpoint$BindState
instanceKlass org/apache/tomcat/util/buf/EncodedSolidusHandling
instanceKlass org/apache/catalina/LifecycleState
instanceKlass java/security/DrbgParameters$Capability
instanceKlass sun/security/util/KnownOIDs
instanceKlass javax/net/ssl/SSLEngineResult$HandshakeStatus
instanceKlass org/springframework/boot/autoconfigure/web/servlet/WebMvcProperties$MatchingStrategy
instanceKlass org/springframework/boot/autoconfigure/web/ServerProperties$Jetty$Accesslog$FORMAT
instanceKlass org/springframework/boot/autoconfigure/web/ErrorProperties$IncludeAttribute
instanceKlass org/springframework/boot/autoconfigure/web/ErrorProperties$IncludeStacktrace
instanceKlass org/springframework/data/projection/ProxyProjectionFactory$PropertyAccessingMethodInvokerFactory
instanceKlass org/springframework/data/projection/ProxyProjectionFactory$MapAccessingMethodInterceptorFactory
instanceKlass org/springframework/data/util/NullableWrapperConverters$Jdk8OptionalUnwrapper
instanceKlass org/springframework/data/util/NullableWrapperConverters$WrapperType$Cardinality
instanceKlass org/springframework/data/convert/Jsr310Converters$StringToInstantConverter
instanceKlass org/springframework/data/convert/Jsr310Converters$StringToLocalDateTimeConverter
instanceKlass org/springframework/data/convert/Jsr310Converters$StringToLocalDateConverter
instanceKlass org/springframework/data/convert/Jsr310Converters$StringToPeriodConverter
instanceKlass org/springframework/data/convert/Jsr310Converters$PeriodToStringConverter
instanceKlass org/springframework/data/convert/Jsr310Converters$StringToDurationConverter
instanceKlass org/springframework/data/convert/Jsr310Converters$DurationToStringConverter
instanceKlass org/springframework/data/convert/Jsr310Converters$StringToZoneIdConverter
instanceKlass org/springframework/data/convert/Jsr310Converters$ZoneIdToStringConverter
instanceKlass org/springframework/data/convert/Jsr310Converters$InstantToLocalDateTimeConverter
instanceKlass org/springframework/data/convert/Jsr310Converters$LocalDateTimeToInstantConverter
instanceKlass org/springframework/data/convert/Jsr310Converters$InstantToDateConverter
instanceKlass org/springframework/data/convert/Jsr310Converters$DateToInstantConverter
instanceKlass org/springframework/data/convert/Jsr310Converters$LocalTimeToDateConverter
instanceKlass org/springframework/data/convert/Jsr310Converters$DateToLocalTimeConverter
instanceKlass org/springframework/data/convert/Jsr310Converters$LocalDateToDateConverter
instanceKlass org/springframework/data/convert/Jsr310Converters$DateToLocalDateConverter
instanceKlass org/springframework/data/convert/Jsr310Converters$LocalDateTimeToDateConverter
instanceKlass org/springframework/data/convert/Jsr310Converters$DateToLocalDateTimeConverter
instanceKlass com/sun/org/apache/xerces/internal/util/Status
instanceKlass javax/xml/catalog/CatalogFeatures$Feature
instanceKlass com/sun/org/apache/xerces/internal/utils/XMLSecurityPropertyManager$Property
instanceKlass com/sun/org/apache/xerces/internal/utils/XMLSecurityPropertyManager$State
instanceKlass com/sun/org/apache/xerces/internal/utils/XMLSecurityManager$NameMap
instanceKlass com/sun/org/apache/xerces/internal/utils/XMLSecurityManager$Limit
instanceKlass org/springframework/orm/jpa/vendor/Database
instanceKlass org/springframework/boot/jdbc/DataSourceInitializationMode
instanceKlass org/springframework/boot/autoconfigure/web/WebProperties$LocaleResolver
instanceKlass org/springframework/validation/DefaultMessageCodesResolver$Format
instanceKlass org/springframework/boot/autoconfigure/web/servlet/WebMvcProperties$LocaleResolver
instanceKlass org/springframework/boot/web/server/Shutdown
instanceKlass org/springframework/boot/autoconfigure/web/ServerProperties$ForwardHeadersStrategy
instanceKlass org/springframework/data/repository/query/QueryLookupStrategy$Key
instanceKlass org/springframework/data/repository/config/BootstrapMode
instanceKlass org/springframework/boot/context/properties/ConfigurationPropertiesBean$BindMethod
instanceKlass org/springframework/context/annotation/AdviceMode
instanceKlass org/springframework/boot/autoconfigure/cache/CacheType
instanceKlass java/lang/invoke/MethodHandleImpl$ArrayAccess
instanceKlass org/springframework/boot/autoconfigure/condition/SearchStrategy
instanceKlass org/springframework/boot/autoconfigure/condition/ConditionalOnWebApplication$Type
instanceKlass org/springframework/jdbc/datasource/embedded/EmbeddedDatabaseType
instanceKlass org/springframework/boot/autoconfigure/condition/ConditionMessage$Style
instanceKlass org/springframework/boot/autoconfigure/condition/FilteringSpringBootCondition$ClassNameFilter
instanceKlass org/springframework/beans/factory/annotation/Autowire
instanceKlass org/springframework/web/bind/annotation/RequestMethod
instanceKlass javax/transaction/Transactional$TxType
instanceKlass com/fasterxml/jackson/annotation/PropertyAccessor
instanceKlass org/springframework/context/annotation/ConfigurationCondition$ConfigurationPhase
instanceKlass com/sun/beans/introspect/PropertyInfo$Name
instanceKlass com/sun/beans/util/Cache$Kind
instanceKlass com/fasterxml/jackson/core/JsonParser$NumberType
instanceKlass org/springframework/expression/spel/SpelCompilerMode
instanceKlass com/fasterxml/jackson/databind/DeserializationFeature
instanceKlass org/springframework/core/annotation/MergedAnnotation$Adapt
instanceKlass com/fasterxml/jackson/databind/SerializationFeature
instanceKlass com/fasterxml/jackson/databind/MapperFeature
instanceKlass com/fasterxml/jackson/annotation/JsonFormat$Shape
instanceKlass com/fasterxml/jackson/annotation/JsonAutoDetect$Visibility
instanceKlass com/fasterxml/jackson/annotation/Nulls
instanceKlass com/fasterxml/jackson/annotation/JsonInclude$Include
instanceKlass com/fasterxml/jackson/core/JsonGenerator$Feature
instanceKlass org/springframework/context/annotation/FilterType
instanceKlass com/fasterxml/jackson/core/JsonParser$Feature
instanceKlass com/fasterxml/jackson/core/JsonFactory$Feature
instanceKlass com/fasterxml/jackson/core/JsonEncoding
instanceKlass org/springframework/context/annotation/ScopedProxyMode
instanceKlass jdk/xml/internal/XMLSecurityManager$NameMap
instanceKlass jdk/xml/internal/XMLSecurityManager$Processor
instanceKlass jdk/xml/internal/XMLSecurityManager$Limit
instanceKlass com/sun/org/apache/xalan/internal/utils/XMLSecurityPropertyManager$Property
instanceKlass com/sun/org/apache/xalan/internal/utils/FeaturePropertyBase$State
instanceKlass jdk/xml/internal/JdkProperty$State
instanceKlass jdk/xml/internal/JdkProperty$ImplPropMap
instanceKlass jdk/xml/internal/JdkXmlFeatures$XmlFeature
instanceKlass org/springframework/boot/ansi/AnsiStyle
instanceKlass ch/qos/logback/core/pattern/parser/TokenStream$TokenizerState
instanceKlass ch/qos/logback/core/subst/Node$Type
instanceKlass ch/qos/logback/core/subst/Token$Type
instanceKlass ch/qos/logback/core/subst/Tokenizer$TokenizerState
instanceKlass java/nio/file/attribute/PosixFilePermission
instanceKlass org/springframework/boot/ansi/AnsiColor
instanceKlass org/springframework/boot/ansi/AnsiOutput$Enabled
instanceKlass org/springframework/boot/context/config/Profiles$Type
instanceKlass org/springframework/boot/context/config/LocationResourceLoader$ResourceType
instanceKlass org/springframework/boot/BootstrapRegistry$Scope
instanceKlass org/springframework/boot/context/config/ConfigDataEnvironmentContributor$ImportPhase
instanceKlass org/springframework/boot/context/config/ConfigDataEnvironmentContributor$Kind
instanceKlass org/springframework/boot/context/config/ConfigData$Option
instanceKlass org/springframework/boot/context/config/ConfigDataNotFoundAction
instanceKlass org/springframework/boot/context/properties/source/ConfigurationPropertyState
instanceKlass org/springframework/boot/context/config/ConfigDataEnvironmentContributors$BinderOption
instanceKlass org/springframework/boot/cloud/CloudPlatform
instanceKlass java/util/stream/MatchOps$MatchKind
instanceKlass org/springframework/boot/context/properties/source/ConfigurationPropertyName$Form
instanceKlass java/util/Comparators$NaturalOrderComparator
instanceKlass java/time/Month
instanceKlass java/time/format/TextStyle
instanceKlass java/time/format/DateTimeFormatterBuilder$SettingsParser
instanceKlass java/time/format/ResolverStyle
instanceKlass java/time/format/SignStyle
instanceKlass java/time/temporal/JulianFields$Field
instanceKlass java/time/temporal/IsoFields$Unit
instanceKlass java/time/temporal/IsoFields$Field
instanceKlass java/time/temporal/ChronoUnit
instanceKlass java/time/temporal/ChronoField
instanceKlass java/time/format/FormatStyle
instanceKlass org/springframework/format/datetime/standard/DateTimeFormatterRegistrar$Type
instanceKlass sun/util/logging/PlatformLogger$Level
instanceKlass java/lang/System$Logger$Level
instanceKlass jdk/internal/logger/BootstrapLogger$LoggingBackend
instanceKlass ch/qos/logback/core/spi/FilterReply
instanceKlass java/lang/annotation/ElementType
instanceKlass org/springframework/core/annotation/IntrospectionFailureLogger
instanceKlass org/springframework/boot/context/properties/source/ConfigurationPropertyName$ElementType
instanceKlass java/lang/reflect/ProxyGenerator$PrimitiveTypeInfo
instanceKlass java/lang/annotation/RetentionPolicy
instanceKlass org/springframework/core/annotation/MergedAnnotations$SearchStrategy
instanceKlass org/springframework/boot/logging/LogLevel
instanceKlass org/springframework/util/ConcurrentReferenceHashMap$TaskOption
instanceKlass java/util/stream/Collector$Characteristics
instanceKlass org/springframework/util/ConcurrentReferenceHashMap$Restructure
instanceKlass org/springframework/util/ConcurrentReferenceHashMap$ReferenceType
instanceKlass org/springframework/boot/WebApplicationType
instanceKlass org/springframework/boot/Banner$Mode
instanceKlass java/math/RoundingMode
instanceKlass java/util/stream/StreamShape
instanceKlass java/util/regex/Pattern$Qtype
instanceKlass sun/util/locale/provider/LocaleProviderAdapter$Type
instanceKlass java/util/Locale$Category
instanceKlass ch/qos/logback/core/joran/spi/ConsoleTarget
instanceKlass java/util/stream/StreamOpFlag$Type
instanceKlass java/util/stream/StreamOpFlag
instanceKlass java/lang/invoke/MethodHandles$Lookup$ClassOption
instanceKlass java/lang/invoke/VarHandle$AccessType
instanceKlass java/lang/invoke/VarHandle$AccessMode
instanceKlass java/lang/invoke/MethodHandleImpl$Intrinsic
instanceKlass java/lang/invoke/LambdaForm$BasicType
instanceKlass java/lang/invoke/LambdaForm$Kind
instanceKlass sun/invoke/util/Wrapper
instanceKlass org/apache/commons/logging/LogAdapter$LogApi
instanceKlass java/util/zip/ZipCoder$Comparison
instanceKlass java/nio/file/LinkOption
instanceKlass sun/nio/fs/WindowsPathType
instanceKlass java/nio/file/StandardOpenOption
instanceKlass java/util/concurrent/TimeUnit
instanceKlass java/io/File$PathStatus
instanceKlass java/lang/module/ModuleDescriptor$Requires$Modifier
instanceKlass java/lang/reflect/AccessFlag$Location
instanceKlass java/lang/reflect/AccessFlag
instanceKlass java/lang/module/ModuleDescriptor$Modifier
instanceKlass java/lang/reflect/ClassFileFormatVersion
instanceKlass java/lang/Thread$State
ciInstanceKlass java/lang/Enum 1 1 204 9 7 12 1 1 1 9 12 1 1 10 7 12 1 1 1 9 12 1 10 7 12 1 1 1 100 1 10 10 12 1 1 10 12 1 7 1 10 10 7 12 1 1 10 12 1 1 18 12 1 1 10 100 12 1 1 1 10 12 1 1 11 7 12 1 1 1 100 1 8 1 10 12 1 100 1 7 1 10 8 1 10 12 1 1 10 12 1 1 8 1 10 12 1 10 100 1 8 1 10 10 12 1 1 10 100 12 1 1 1 7 1 7 1 7 1 1 1 1 1 1 1 1 1 1 1 1 1 1 1 1 1 1 1 1 1 1 1 1 1 1 1 1 1 1 1 1 1 1 1 1 1 1 1 1 1 1 1 1 1 1 1 3 1 1 1 1 100 1 7 1 1 100 1 1 1 1 1 1 1 1 1 1 1 16 15 10 12 16 15 10 100 12 1 1 1 1 1 100 1 100 1 1
ciInstanceKlass java/lang/reflect/Method 1 1 472 9 7 12 1 1 1 10 7 12 1 1 1 10 7 12 1 1 9 12 1 1 10 12 1 1 10 12 1 1 10 7 12 1 1 10 7 12 1 1 1 9 12 1 1 9 12 1 9 12 1 1 9 12 1 9 12 1 9 12 1 1 9 12 1 9 12 1 1 9 12 1 9 12 1 9 12 1 1 100 1 8 1 10 12 1 10 12 1 9 12 1 1 8 1 10 7 12 1 1 10 7 12 1 1 1 10 12 1 1 10 12 1 1 10 12 1 10 12 1 1 10 12 1 1 9 7 12 1 1 1 10 12 1 1 10 12 10 7 12 1 1 10 12 1 1 10 12 1 10 12 1 10 12 1 10 7 12 1 1 1 10 12 1 1 10 7 1 10 7 12 1 1 1 10 7 12 1 1 10 12 1 1 10 12 1 1 10 12 1 10 7 12 1 1 1 10 12 1 10 8 1 10 12 1 10 12 1 7 1 8 1 8 1 8 1 10 12 1 10 12 1 1 10 12 1 1 10 10 12 1 1 10 12 1 11 7 1 10 12 1 9 12 1 1 10 12 1 1 10 12 1 10 12 1 1 10 12 1 1 11 7 12 1 1 1 11 12 1 9 12 1 1 10 12 1 10 12 1 10 12 1 10 12 1 10 12 1 10 12 1 9 12 1 1 10 7 12 1 1 1 10 7 12 1 1 10 12 1 1 10 7 12 1 1 1 10 7 12 1 1 1 10 7 12 1 1 1 11 7 12 1 1 1 10 7 12 1 1 1 7 1 100 1 100 1 10 12 1 10 12 1 1 10 12 1 100 1 8 1 10 12 1 10 10 12 1 1 10 12 1 1 10 12 1 1 10 12 1 1 8 1 10 12 1 1 1 1 1 1 1 1 1 1 1 1 1 1 1 1 1 1 1 1 1 1 1 1 1 1 1 1 1 1 1 1 1 1 1 1 1 1 1 1 1 1 1 1 1 1 1 1 1 1 1 1 1 100 1 100 1 100 1 1 1 1 1 1 1 1 1 1 1 1 1 1 1 1 1 1 1 1 1 1 1 1 1 1 1 1 1 1
ciInstanceKlass java/lang/reflect/Field 1 1 457 9 7 12 1 1 1 10 12 1 1 10 7 12 1 1 1 10 7 12 1 1 9 12 1 1 10 12 1 1 10 12 1 1 10 7 12 1 1 10 7 12 1 1 1 9 12 1 1 9 12 1 9 12 1 9 12 1 1 9 12 1 1 9 12 1 9 12 1 1 9 12 1 1 100 1 8 1 10 12 1 10 12 1 9 12 1 1 9 12 1 10 12 1 10 7 12 1 1 10 12 1 1 10 12 1 1 10 12 1 10 12 1 1 9 100 12 1 1 1 10 100 12 1 1 1 7 1 10 12 1 1 10 12 1 1 10 12 1 1 10 12 1 10 12 1 10 7 1 10 7 12 1 1 7 1 10 8 1 10 12 1 1 10 12 1 1 8 1 10 12 10 12 1 8 1 8 1 10 11 7 1 9 12 1 10 12 1 1 10 12 1 1 11 7 12 1 1 1 10 12 1 11 12 1 1 11 12 1 1 11 12 1 1 11 12 1 1 11 12 1 1 11 12 1 1 11 12 1 1 11 12 1 1 11 12 1 1 11 12 1 1 11 12 1 1 11 12 1 1 11 12 1 1 11 12 1 1 11 12 1 1 11 12 1 1 11 12 1 1 10 12 1 10 7 12 1 1 10 12 1 10 12 1 10 12 1 9 12 1 1 10 7 12 1 1 1 10 12 1 1 10 12 1 10 7 12 1 1 10 12 1 1 11 7 1 10 12 1 7 1 10 100 12 1 1 1 10 7 12 1 1 1 9 12 1 10 7 12 1 1 1 11 7 12 1 1 1 10 12 1 1 10 12 1 1 9 100 12 1 1 10 100 12 1 1 1 10 12 1 1 7 1 1 1 1 1 1 1 1 1 1 1 1 1 1 1 1 1 1 1 1 1 1 1 1 1 1 1 1 1 1 1 1 1 1 1 1 1 1 1 100 1 1 1 1 1 1 1 1 1 1 1 1 1 1 1 1 1 1 1 1 1 1 1 1 1 1 1 1 1 1 1 1 7 1 1 1 1 1 1 1 1 1 100 1 1
ciInstanceKlass java/lang/reflect/Parameter 1 1 243 10 7 12 1 1 1 9 7 12 1 1 1 9 12 1 1 9 12 1 1 9 12 1 10 12 1 1 10 12 1 1 10 7 12 1 1 1 7 1 10 10 12 1 1 11 7 12 1 1 1 10 12 1 10 100 12 1 1 1 10 12 1 1 10 12 1 10 12 1 8 1 8 1 10 7 12 1 1 1 10 12 1 10 12 9 100 12 1 1 1 10 100 12 1 1 1 10 12 1 8 1 10 12 1 9 12 1 1 10 12 1 1 9 12 1 1 10 12 1 1 10 12 1 1 10 12 1 1 10 12 1 10 10 12 1 10 100 12 1 1 1 10 12 1 1 11 7 12 1 1 10 7 12 1 1 7 1 10 100 12 1 1 1 10 12 1 1 10 12 1 1 10 12 1 1 10 12 1 1 9 12 1 100 1 10 11 12 1 1 11 12 1 1 7 1 1 1 1 1 1 1 1 1 1 1 1 1 1 1 1 1 1 1 1 1 1 1 1 1 1 1 1 1 1 1 1 1 1 1 1 1 1 1 1 1 100 1 1 1 1 1 1
ciInstanceKlass java/lang/reflect/RecordComponent 0 0 196 10 7 12 1 1 1 9 7 12 1 1 1 9 12 1 1 9 12 1 10 12 1 1 10 12 1 1 10 100 12 1 1 1 10 12 1 1 9 12 1 1 10 12 1 1 10 12 1 1 10 12 1 10 100 12 1 1 10 100 12 1 1 9 12 1 1 10 100 12 1 1 1 11 100 12 1 1 1 10 9 100 12 1 1 1 10 100 12 1 1 1 9 12 1 1 10 100 12 1 1 1 10 12 1 1 11 7 12 1 1 10 7 12 1 1 7 1 9 12 1 9 12 1 1 9 12 1 10 100 12 1 1 1 10 12 1 1 10 12 1 1 7 1 10 10 12 1 10 12 1 1 8 1 10 12 1 10 12 1 9 12 1 7 1 1 1 1 1 1 1 1 1 1 1 1 1 1 1 1 1 1 1 1 1 1 7 1 1 1 1 1 1 100 1 1
ciInstanceKlass java/lang/StringBuffer 1 1 483 10 7 12 1 1 1 10 12 1 10 12 1 10 12 1 1 9 7 12 1 1 1 10 12 1 1 10 12 1 10 12 1 1 9 12 1 1 10 12 1 10 12 1 1 10 12 1 1 10 12 1 10 12 1 1 10 12 1 10 12 1 1 10 12 1 1 10 7 12 1 1 1 10 12 1 1 10 12 1 10 12 1 10 12 1 10 12 1 10 12 1 10 12 1 10 12 1 10 12 1 10 12 1 10 12 1 10 12 1 10 12 1 10 12 1 10 12 1 1 10 12 1 10 12 1 1 10 12 1 1 10 10 12 1 1 10 12 1 10 12 1 10 12 1 10 12 1 10 12 1 10 12 1 10 12 10 12 1 10 12 1 10 12 1 10 12 1 1 10 12 1 10 12 1 10 10 12 1 1 10 12 1 10 12 1 10 12 1 10 10 100 12 1 1 1 10 10 12 1 1 9 12 1 1 10 100 12 1 1 10 100 1 8 10 100 12 1 1 1 8 10 12 1 8 1 10 12 1 10 12 1 10 100 12 1 1 1 10 100 12 1 1 1 7 1 10 12 100 1 8 1 10 10 12 1 1 10 12 1 1 10 12 1 10 12 1 10 12 1 1 10 12 1 10 12 1 10 12 1 10 12 1 10 12 1 10 12 10 12 1 10 12 1 10 12 1 10 12 1 10 12 1 10 12 1 10 12 1 10 12 1 10 12 1 10 12 1 10 12 10 12 10 12 1 10 12 1 10 12 1 10 12 10 12 1 10 12 1 10 12 1 10 12 1 10 12 1 10 12 1 10 12 1 10 12 1 10 12 1 10 12 1 10 12 1 7 1 10 12 1 9 7 12 1 1 1 9 7 1 9 12 1 1 7 1 7 1 7 1 7 1 1 1 1 5 0 1 1 1 1 1 1 1 1 1 1 1 1 1 1 1 1 1 1 1 1 1 1 1 1 1 1 1 1 1 1 1 1 1 1 1 1 1 1 1 1 1 1 1 1 1 1 1 1 1 1 1 1 1 1 1 1 1 1 1 1 1 100 1 1 1 1 1 7 1 1 1 1 1 1 1 1 1 1 1 1 1 1 1 1 1 1
staticfield java/lang/StringBuffer serialPersistentFields [Ljava/io/ObjectStreamField; 3 [Ljava/io/ObjectStreamField;
instanceKlass jdk/internal/loader/BuiltinClassLoader
instanceKlass java/net/URLClassLoader
ciInstanceKlass java/security/SecureClassLoader 1 1 102 10 7 12 1 1 1 7 1 10 12 1 9 7 12 1 1 1 10 12 1 10 12 1 10 12 1 1 10 12 1 1 10 12 1 7 1 10 7 1 10 12 1 7 1 10 12 1 11 7 12 1 1 1 7 1 11 12 1 10 12 1 1 1 1 1 1 1 1 1 1 1 1 1 1 1 1 1 1 1 1 1 1 1 1 1 1 1 1 1 1 1 1 1 1 1 1 100 1 1 1 1
instanceKlass org/apache/catalina/loader/WebappClassLoaderBase
ciInstanceKlass java/net/URLClassLoader 1 1 600 10 7 12 1 1 1 7 1 10 12 1 9 7 12 1 1 1 10 7 12 1 1 1 9 12 1 1 7 1 10 12 1 9 12 1 1 10 12 1 10 10 12 1 10 100 12 1 1 1 10 12 1 1 10 7 12 1 1 1 10 100 12 1 1 1 100 1 10 12 1 1 10 12 1 1 10 12 1 1 100 1 100 1 10 7 12 1 1 1 100 1 8 1 10 12 1 10 7 12 1 1 1 10 12 1 1 10 12 1 1 11 100 12 1 1 1 11 7 12 1 1 1 11 12 1 1 7 1 11 12 1 11 7 12 1 1 10 12 1 11 12 1 11 12 1 1 11 10 12 1 1 10 12 1 1 10 12 1 1 100 1 10 12 1 10 12 1 1 7 1 100 1 10 12 1 1 7 1 10 10 12 1 1 10 100 12 1 1 10 12 1 100 1 7 1 10 8 1 10 12 1 1 8 1 10 12 1 1 10 10 12 1 8 1 8 1 10 12 1 1 10 7 12 1 1 1 10 100 12 1 1 1 10 12 1 1 10 12 1 1 10 12 1 1 10 12 1 10 12 1 100 1 100 1 8 1 10 12 1 10 12 1 1 10 12 1 1 7 1 10 12 1 10 100 12 1 1 1 10 12 1 1 10 12 1 1 10 12 1 1 10 12 1 10 100 12 1 1 1 10 12 1 1 8 1 10 12 1 1 11 100 12 1 1 1 9 100 12 1 1 1 10 100 12 1 1 1 9 12 1 9 12 1 9 12 1 9 12 1 9 12 1 9 12 1 10 7 12 1 1 1 8 1 10 12 1 1 100 1 10 10 12 1 10 12 1 1 10 12 1 1 100 1 10 12 1 10 12 1 1 10 12 1 10 12 1 1 100 1 10 100 12 1 1 9 100 12 1 1 1 10 12 1 8 1 100 1 8 1 10 12 1 10 12 1 8 1 10 12 1 10 12 1 9 12 1 1 10 100 12 1 1 10 12 1 10 12 1 10 100 1 8 1 10 100 1 10 12 1 10 100 12 1 100 1 10 12 1 10 12 1 100 1 10 10 7 12 1 1 1 1 1 1 1 1 1 1 1 1 1 1 1 1 1 1 1 1 1 1 1 1 1 1 1 1 1 1 1 1 1 1 1 1 1 7 1 100 1 7 1 7 1 1 1 1 1 1 1 1 1 1 1 1 1 1 1 1 1 1 1 1 1 1 1 1 1 1 1 1 1 1 1 1 1 1 1 1 1 1 1 1 1 1 1 1 1 1 100 1 1 1 1 1 1 1 1 1 1 1 1 1 1 1 1 1 1 1 1 1 1 1 1 1 1 1 1 1 1 1 1 1 1 1 1 1 100 1 1 1
ciInstanceKlass java/util/jar/Manifest 1 1 339 10 7 12 1 1 1 7 1 10 9 7 12 1 1 1 7 1 10 9 12 1 1 9 12 1 1 10 12 1 10 12 1 1 10 12 1 1 10 12 1 1 10 12 1 1 11 7 1 11 12 1 1 10 12 1 1 10 100 12 1 1 1 100 1 7 1 10 8 1 10 12 1 1 10 12 1 1 10 12 1 10 12 1 11 100 1 10 12 1 10 12 1 1 11 12 1 1 10 12 1 11 12 1 1 11 100 12 1 1 1 11 7 12 1 1 11 12 1 1 100 1 10 12 1 8 1 11 12 1 7 1 10 12 1 1 11 12 1 10 12 1 10 12 1 10 7 12 1 1 1 8 1 10 12 1 1 10 9 7 12 1 1 1 10 12 1 1 10 100 12 1 10 12 1 10 12 1 9 100 12 1 1 1 8 1 10 12 1 8 1 8 1 7 1 10 12 1 10 12 1 10 12 1 1 100 1 8 1 10 12 1 1 8 1 10 10 12 1 1 8 1 10 12 1 1 10 7 12 1 1 1 10 12 1 10 11 12 1 1 10 12 1 10 7 12 1 1 1 10 12 1 1 10 12 1 10 12 1 1 11 10 12 1 11 10 12 1 7 1 1 1 1 1 1 1 1 1 1 1 1 1 1 1 1 1 1 1 1 1 1 1 1 1 1 1 1 1 1 1 1 1 1 1 1 1 1 1 1 1 1 1 100 1 1 1 1 1 1 1 1 1 1 1 1 1 1 7 1 1 1 1 1 1 1 1 1 1 1
ciInstanceKlass java/io/ByteArrayInputStream 1 1 117 10 7 12 1 1 1 9 7 12 1 1 1 9 12 1 1 9 12 1 9 12 1 10 100 12 1 1 1 10 7 12 1 1 1 10 7 12 1 1 1 10 100 12 1 1 1 10 12 1 1 3 10 100 1 10 100 12 1 1 1 9 12 1 1 100 1 10 10 7 12 1 1 1 1 1 1 1 1 1 1 1 1 1 1 1 1 1 1 1 1 1 1 1 1 1 1 1 1 1 1 1 100 1 1 1 1 1 1 1 1 1 1 1 1 1 1
staticfield java/io/ByteArrayInputStream $assertionsDisabled Z 1
instanceKlass java/nio/CharBuffer
instanceKlass java/nio/IntBuffer
instanceKlass java/nio/LongBuffer
instanceKlass java/nio/ByteBuffer
ciInstanceKlass java/nio/Buffer 1 1 256 100 1 10 7 12 1 1 1 9 7 12 1 1 1 9 12 1 9 12 1 1 9 12 1 9 12 1 1 10 12 1 1 10 12 1 1 10 12 100 1 7 1 10 8 1 10 12 1 1 10 12 1 8 1 8 1 10 12 1 1 10 12 1 8 1 9 12 1 1 100 1 8 1 10 12 1 8 1 8 1 9 12 10 12 1 8 1 8 1 8 1 10 12 1 8 1 8 1 8 1 100 1 10 100 1 10 100 1 10 9 12 1 1 10 7 12 1 1 1 100 1 10 12 1 1 10 12 1 10 100 12 1 1 10 7 12 1 1 1 10 7 12 1 1 1 9 12 1 1 10 7 12 1 1 1 9 12 1 1 7 1 10 10 12 1 1 7 1 10 10 7 12 1 1 1 1 1 3 1 1 1 1 1 1 1 1 1 1 1 1 1 1 100 1 1 1 1 1 1 1 7 1 1 1 1 1 1 1 1 1 1 1 1 1 1 1 1 1 1 1 1 1 1 1 1 1 1 1 1 1 1 1 1 1 1 1 1 1 1 1 100 1 100 1 100 1 100 1 100 1 100 1 100 1 1
staticfield java/nio/Buffer UNSAFE Ljdk/internal/misc/Unsafe; jdk/internal/misc/Unsafe
staticfield java/nio/Buffer SCOPED_MEMORY_ACCESS Ljdk/internal/misc/ScopedMemoryAccess; jdk/internal/misc/ScopedMemoryAccess
staticfield java/nio/Buffer IOOBE_FORMATTER Ljava/util/function/BiFunction; jdk/internal/util/Preconditions$4
staticfield java/nio/Buffer $assertionsDisabled Z 1
instanceKlass sun/security/jca/ProviderList$ServiceList
instanceKlass net/bytebuddy/matcher/FilterableList$Empty
instanceKlass net/bytebuddy/matcher/FilterableList$AbstractBase
instanceKlass sun/security/jca/ProviderList$3
instanceKlass java/util/Collections$CopiesList
instanceKlass java/util/Collections$SingletonList
instanceKlass java/util/ArrayList$SubList
instanceKlass java/util/Arrays$ArrayList
instanceKlass java/util/AbstractSequentialList
instanceKlass java/util/Vector
instanceKlass java/util/Collections$EmptyList
instanceKlass java/util/ArrayList
ciInstanceKlass java/util/AbstractList 1 1 218 10 7 12 1 1 1 9 7 12 1 1 1 10 12 1 1 10 12 1 1 100 1 10 10 12 1 1 11 7 12 1 1 1 11 12 1 1 11 12 1 10 7 12 1 1 1 10 12 1 11 12 1 11 12 1 11 12 1 10 12 1 1 10 12 1 1 11 7 12 1 1 1 11 7 1 11 7 1 10 12 1 7 1 10 12 1 10 12 1 1 7 1 100 1 10 12 1 100 1 10 100 1 7 1 10 8 1 10 12 1 1 10 12 1 10 12 1 1 10 12 1 8 1 100 1 8 1 8 1 8 1 10 7 1 11 10 10 12 1 11 12 1 10 12 1 1 8 1 8 1 1 1 1 1 1 1 1 1 1 1 1 1 1 1 1 1 1 1 1 1 1 1 1 1 1 1 1 1 1 1 1 1 1 1 1 1 1 1 1 1 1 1 1 1 1 1 1 1 1 1 1 1 1 1 1 1 1 100 1 100 1 1 1 1 1 1 1
ciInstanceKlass java/lang/Iterable 1 1 62 10 7 12 1 1 1 11 7 12 1 1 1 11 7 12 1 1 1 11 12 1 1 11 7 12 1 1 1 10 7 12 1 1 1 100 1 1 1 1 1 1 1 1 1 1 1 1 1 1 1 1 1 1 1 1 1 1 1 1 1 1
ciInstanceKlass java/util/Collection 1 1 115 11 100 12 1 1 1 100 1 11 7 12 1 1 1 10 7 12 1 1 1 11 12 1 1 11 7 12 1 1 1 11 12 1 1 11 7 12 1 1 1 11 12 1 1 10 100 12 1 1 1 11 12 1 10 7 12 1 1 1 100 1 100 1 1 1 1 1 1 1 1 1 1 1 1 1 1 1 1 1 1 1 1 1 1 1 1 1 1 1 1 1 1 1 1 1 1 1 1 1 1 1 1 1 1 1 1 1 1 1 1 1 1 1 1
ciInstanceKlass java/util/SequencedCollection 1 1 109 100 1 10 12 1 1 11 7 12 1 1 1 11 7 12 1 1 1 11 12 1 1 11 12 1 7 1 7 1 1 1 1 1 1 1 1 1 1 1 1 1 1 1 1 1 1 1 1 1 1 1 1 1 1 1 1 1 100 1 8 1 1 12 10 1 1 1 8 1 1 1 8 1 1 1 8 1 1 1 8 1 1 8 1 1 1 8 1 1 8 1 1 1 8 1 1 8 1 1 1 8 1 1 8 1 1 8 1
ciInstanceKlass java/util/List 1 1 251 10 100 12 1 1 1 11 100 12 1 1 1 11 100 12 1 1 1 11 12 1 1 11 100 12 1 1 11 12 1 1 11 12 1 1 10 100 12 1 1 1 100 1 100 1 10 12 1 1 100 1 10 100 12 1 1 1 11 12 1 1 11 12 1 11 12 1 100 1 10 12 1 11 12 1 1 11 12 1 1 11 12 1 10 100 12 1 1 1 9 7 12 1 1 1 7 1 10 12 10 12 1 7 1 10 12 1 1 10 12 1 10 12 1 1 11 12 1 1 100 1 1 1 1 1 1 1 1 1 1 1 1 1 1 1 1 1 1 1 1 1 1 1 1 1 1 1 1 1 1 1 1 1 1 1 1 1 1 1 1 1 1 1 1 100 1 100 1 1 1 1 1 1 1 1 1 1 1 1 1 1 1 1 1 1 1 1 1 1 1 1 1 1 1 1 1 1 1 1 1 1 1 1 1 1 1 1 1 1 1 1 1 1 1 1 1 1 1 1 1 1 1 1 1 1 1 1 1 1 1 1 1 1 1 1 1 1 1 1 1 1 1 1 100 1 1 100 1 1 1
instanceKlass org/springframework/boot/web/servlet/ServletContextInitializerBeans
instanceKlass java/util/TreeMap$Values
instanceKlass java/util/AbstractMap$2
instanceKlass java/util/concurrent/ConcurrentLinkedDeque
instanceKlass java/util/LinkedHashMap$LinkedValues
instanceKlass java/util/IdentityHashMap$Values
instanceKlass java/util/HashMap$Values
instanceKlass java/util/AbstractQueue
instanceKlass java/util/ArrayDeque
instanceKlass java/util/AbstractSet
instanceKlass java/util/ImmutableCollections$AbstractImmutableCollection
instanceKlass java/util/AbstractList
ciInstanceKlass java/util/AbstractCollection 1 1 160 10 7 12 1 1 1 10 7 12 1 1 1 10 12 1 1 11 7 12 1 1 1 11 12 1 1 10 12 1 1 10 100 12 1 1 1 10 12 1 1 10 12 1 1 10 7 12 1 1 10 7 12 1 1 1 7 1 10 7 12 1 1 1 10 100 12 1 1 1 100 1 10 11 12 1 11 7 1 10 12 1 10 12 1 10 7 12 1 1 1 11 8 1 7 1 10 10 12 1 1 8 1 10 12 1 10 12 1 1 1 1 1 1 1 1 1 1 1 1 1 1 1 1 1 1 1 1 1 1 1 1 1 1 1 1 1 1 1 1 1 1 1 1 1 1 1 1 1 1 1 1 1 1 1 1 1 1 1 1
ciInstanceKlass java/lang/AssertionStatusDirectives 0 0 24 10 100 12 1 1 1 100 1 1 1 1 1 1 1 1 1 1 1 1 1 1 1 1
instanceKlass java/security/ProviderException
instanceKlass org/hibernate/boot/jaxb/internal/stax/JpaOrmXmlEventReader$BadVersionException
instanceKlass org/hibernate/annotations/common/reflection/ClassLoadingException
instanceKlass org/hibernate/AssertionFailure
instanceKlass org/apache/logging/log4j/LoggingException
instanceKlass javax/persistence/PersistenceException
instanceKlass org/springframework/boot/context/properties/source/InvalidConfigurationPropertyValueException
instanceKlass com/mysql/cj/exceptions/CJException
instanceKlass com/zaxxer/hikari/pool/HikariPool$PoolInitializationException
instanceKlass org/apache/tomcat/util/threads/StopPooledThreadException
instanceKlass java/nio/BufferUnderflowException
instanceKlass org/apache/coyote/ProtocolException
instanceKlass java/util/concurrent/RejectedExecutionException
instanceKlass java/lang/reflect/InaccessibleObjectException
instanceKlass javax/management/JMRuntimeException
instanceKlass org/apache/juli/logging/LogConfigurationException
instanceKlass org/springframework/boot/web/server/WebServerException
instanceKlass org/springframework/context/NoSuchMessageException
instanceKlass org/springframework/transaction/interceptor/TransactionAspectSupport$ThrowableHolderException
instanceKlass org/w3c/dom/DOMException
instanceKlass org/springframework/cglib/core/ClassNameReader$EarlyExitException
instanceKlass org/springframework/cglib/core/CodeGenerationException
instanceKlass org/springframework/objenesis/ObjenesisException
instanceKlass org/springframework/boot/context/properties/IncompatibleConfigurationException
instanceKlass org/springframework/boot/autoconfigure/condition/OnBeanCondition$BeanTypeDeductionException
instanceKlass org/springframework/expression/ExpressionException
instanceKlass java/io/UncheckedIOException
instanceKlass java/nio/file/FileSystemNotFoundException
instanceKlass org/springframework/boot/context/properties/bind/UnboundConfigurationPropertiesException
instanceKlass org/springframework/boot/context/properties/bind/BindException
instanceKlass java/util/ConcurrentModificationException
instanceKlass org/springframework/boot/context/config/ConfigDataException
instanceKlass java/time/DateTimeException
instanceKlass java/util/MissingResourceException
instanceKlass java/lang/TypeNotPresentException
instanceKlass org/springframework/boot/context/properties/source/InvalidConfigurationPropertyNameException
instanceKlass java/util/NoSuchElementException
instanceKlass java/lang/reflect/UndeclaredThrowableException
instanceKlass org/springframework/core/NestedRuntimeException
instanceKlass java/lang/UnsupportedOperationException
instanceKlass ch/qos/logback/core/LogbackException
instanceKlass java/lang/IndexOutOfBoundsException
instanceKlass java/lang/SecurityException
instanceKlass java/lang/IllegalStateException
instanceKlass java/lang/IllegalArgumentException
instanceKlass java/lang/ArithmeticException
instanceKlass java/lang/NullPointerException
instanceKlass java/lang/IllegalMonitorStateException
instanceKlass java/lang/ArrayStoreException
instanceKlass java/lang/ClassCastException
ciInstanceKlass java/lang/RuntimeException 1 1 40 10 7 12 1 1 1 10 12 1 10 12 1 10 12 1 10 12 1 100 1 1 1 1 5 0 1 1 1 1 1 1 1 1 1 1 1 1 1 1
instanceKlass jdk/internal/misc/ThreadTracker$ThreadRef
instanceKlass jdk/net/UnixDomainPrincipal
instanceKlass java/lang/reflect/Executable$ParameterData
instanceKlass java/lang/reflect/Proxy$ProxyBuilder$ProxyClassContext
instanceKlass java/util/stream/Collectors$CollectorImpl
instanceKlass java/nio/DirectByteBuffer$Deallocator
instanceKlass java/security/SecureClassLoader$CodeSourceKey
instanceKlass jdk/internal/reflect/ReflectionFactory$Config
instanceKlass jdk/internal/foreign/abi/UpcallLinker$CallRegs
instanceKlass jdk/internal/foreign/abi/VMStorage
ciInstanceKlass java/lang/Record 1 1 22 10 7 12 1 1 1 100 1 1 1 1 1 1 1 1 1 1 1 1 1 1
ciInstanceKlass java/lang/invoke/MethodType 1 1 780 7 1 10 7 12 1 1 1 9 12 1 1 9 12 1 1 9 12 1 1 10 7 12 1 1 1 9 7 12 1 1 8 1 10 100 12 1 1 1 9 7 1 9 7 1 10 12 1 1 7 1 10 8 1 10 12 1 1 10 12 1 10 12 1 1 7 1 8 1 10 12 1 100 1 10 10 12 1 10 12 1 1 10 12 1 1 11 7 12 1 1 1 9 12 1 11 12 1 1 7 10 12 1 1 10 12 1 1 7 1 7 1 10 7 12 1 1 1 10 12 1 10 12 1 9 12 1 1 10 7 12 1 1 10 12 1 1 10 7 12 1 1 1 10 7 12 1 1 1 10 12 1 9 12 1 1 10 12 1 1 10 12 1 1 10 12 1 1 10 12 1 1 10 12 1 1 10 12 1 10 12 1 10 12 1 1 10 12 1 8 1 8 1 10 12 1 1 9 12 1 1 100 1 10 10 12 1 1 10 12 1 10 12 1 1 10 12 1 1 10 12 1 10 12 1 10 12 1 8 1 10 12 1 1 10 100 12 1 1 1 10 12 1 10 12 1 1 10 12 1 10 12 1 10 12 1 1 10 12 1 10 12 1 9 12 1 10 12 1 10 10 12 1 1 10 12 1 9 12 1 1 10 12 1 1 11 12 1 1 10 12 1 1 7 1 10 12 10 12 1 10 12 1 100 1 8 1 8 1 8 1 10 12 1 10 12 1 10 12 1 10 10 12 1 11 12 1 1 11 12 1 10 100 12 1 1 1 9 12 1 10 12 1 10 12 1 1 10 12 1 1 10 12 1 10 12 1 10 100 12 1 1 1 10 12 1 1 10 12 1 10 12 1 10 12 1 10 9 12 1 1 7 1 10 12 1 10 12 1 1 9 100 12 1 1 1 10 7 12 1 1 1 10 7 12 1 1 1 10 12 1 1 10 7 12 1 1 1 10 12 1 1 8 1 10 7 12 1 1 1 11 12 1 1 9 12 1 1 10 12 1 1 10 12 1 10 12 1 1 10 12 1 1 10 100 12 1 1 100 1 10 12 1 1 11 100 12 1 1 18 12 1 1 11 12 1 1 18 12 1 11 12 1 100 1 11 100 12 1 1 10 12 1 100 1 10 12 1 10 100 12 1 1 10 12 1 1 9 12 1 1 9 100 12 1 1 1 10 7 12 1 1 1 9 12 1 10 100 12 1 1 10 12 1 100 10 12 1 1 10 12 1 10 7 1 7 1 9 12 1 1 7 1 7 1 7 1 1 1 5 0 1 1 1 1 1 1 1 3 1 3 1 3 1 1 1 1 1 1 1 1 1 1 1 1 1 1 1 1 1 1 1 1 1 1 1 1 1 1 1 1 1 1 1 1 1 1 1 1 1 1 1 1 1 1 1 1 1 1 1 1 1 1 1 1 1 1 1 1 1 1 1 1 1 1 1 1 1 1 1 1 1 1 1 1 1 1 1 1 1 1 1 1 1 1 1 1 1 1 1 1 1 1 1 1 1 1 1 1 1 1 1 1 1 1 1 1 1 1 1 1 1 1 1 1 1 1 1 1 1 1 1 1 1 1 1 1 1 1 1 1 1 1 1 100 1 100 1 1 1 1 1 1 1 1 1 1 1 1 1 100 1 1 1 7 1 1 1 1 1 1 1 1 1 1 1 1 1 1 1 1 1 1 1 1 1 1 16 15 10 12 16 16 15 10 12 16 15 10 100 12 1 1 1 1 1 1 1 7 1 1 7 1 1 100 1 100 1 1
staticfield java/lang/invoke/MethodType internTable Ljava/lang/invoke/MethodType$ConcurrentWeakInternSet; java/lang/invoke/MethodType$ConcurrentWeakInternSet
staticfield java/lang/invoke/MethodType NO_PTYPES [Ljava/lang/Class; 0 [Ljava/lang/Class;
staticfield java/lang/invoke/MethodType objectOnlyTypes [Ljava/lang/invoke/MethodType; 20 [Ljava/lang/invoke/MethodType;
staticfield java/lang/invoke/MethodType METHOD_HANDLE_ARRAY [Ljava/lang/Class; 1 [Ljava/lang/Class;
staticfield java/lang/invoke/MethodType serialPersistentFields [Ljava/io/ObjectStreamField; 0 [Ljava/io/ObjectStreamField;
staticfield java/lang/invoke/MethodType $assertionsDisabled Z 1
ciInstanceKlass java/lang/invoke/TypeDescriptor$OfMethod 1 0 43 100 1 100 1 100 1 1 1 1 1 1 1 1 1 1 1 1 1 1 1 1 1 1 1 1 1 1 1 1 1 1 1 1 1 1 1 1 1 1 100 1 1
instanceKlass java/lang/reflect/InvocationTargetException
instanceKlass java/lang/InstantiationException
instanceKlass java/lang/NoSuchFieldException
instanceKlass java/lang/NoSuchMethodException
instanceKlass java/lang/IllegalAccessException
instanceKlass java/lang/ClassNotFoundException
ciInstanceKlass java/lang/ReflectiveOperationException 1 1 34 10 7 12 1 1 1 10 12 1 10 12 1 10 12 1 100 1 1 1 1 5 0 1 1 1 1 1 1 1 1 1 1 1
instanceKlass java/lang/invoke/DelegatingMethodHandle
instanceKlass java/lang/invoke/BoundMethodHandle
instanceKlass java/lang/invoke/DirectMethodHandle
ciInstanceKlass java/lang/invoke/MethodHandle 1 1 733 100 1 9 7 12 1 1 1 10 7 12 1 1 1 10 7 12 1 1 1 7 1 7 1 10 12 1 1 9 12 1 1 10 12 1 10 12 1 1 10 12 1 1 10 100 12 1 1 1 10 12 1 1 10 12 1 1 11 7 12 1 1 1 10 12 1 1 10 12 1 10 12 1 10 12 1 1 9 12 1 1 9 12 1 1 10 7 12 1 1 1 10 12 1 1 10 12 1 10 12 1 100 1 7 1 10 8 1 10 12 1 1 10 12 1 8 1 10 12 1 1 10 12 1 10 7 12 1 1 1 10 12 1 1 10 12 1 1 10 12 1 1 10 7 12 1 1 1 10 12 1 1 10 12 1 1 10 12 1 10 12 1 1 10 7 12 1 1 10 7 12 1 1 10 12 1 10 12 1 10 12 1 1 10 12 1 1 10 12 1 1 10 12 1 1 10 7 12 1 1 1 10 7 12 1 1 1 10 12 1 1 10 12 1 1 10 12 1 1 8 1 10 7 12 1 1 1 8 1 10 12 1 10 12 1 1 10 12 1 1 10 12 1 8 1 10 12 1 1 8 1 10 12 1 8 1 10 7 12 1 1 1 9 12 1 1 100 1 10 9 7 12 1 1 1 9 7 1 8 1 10 12 1 1 10 12 1 10 12 1 1 10 12 1 10 12 1 1 10 12 1 10 12 1 1 10 12 1 10 12 1 1 10 12 1 1 8 1 10 12 1 1 8 1 10 12 1 10 12 1 1 10 12 1 10 12 1 10 12 1 1 9 100 12 1 1 1 10 12 1 1 11 12 1 10 12 1 10 12 1 1 10 100 12 1 1 100 1 11 12 1 10 100 1 11 12 1 7 1 10 12 1 11 12 1 9 100 12 1 1 1 11 12 1 1 11 100 12 1 1 1 10 12 1 1 9 12 1 11 12 1 9 12 1 9 12 1 9 12 1 11 12 1 1 9 12 1 9 12 1 9 12 1 9 12 1 9 12 1 9 12 1 9 12 1 8 1 10 12 1 10 12 1 8 1 10 12 1 10 12 1 10 12 1 1 10 10 10 7 12 1 1 10 12 1 1 100 1 100 1 8 1 8 1 10 10 12 1 1 10 12 1 10 12 1 7 1 10 100 12 1 1 1 10 9 7 12 1 1 1 10 12 1 1 10 12 1 1 8 1 8 1 10 7 12 1 1 9 12 1 9 12 1 1 9 12 1 1 10 12 1 7 1 10 12 1 10 12 1 1 9 12 1 1 9 12 1 1 10 7 12 1 1 1 11 7 12 1 1 9 12 1 10 12 1 1 9 12 1 10 12 1 8 10 12 1 1 8 1 1 1 1 1 1 1 1 7 1 1 1 1 1 1 1 1 1 1 1 1 1 1 1 1 1 1 1 1 1 1 1 1 1 1 1 1 1 1 100 1 1 1 1 1 1 1 1 1 1 1 1 1 1 1 1 1 1 1 1 1 1 1 1 1 1 1 1 1 1 1 1 1 1 1 1 1 1 1 1 1 1 1 1 1 1 1 1 1 1 1 1 1 1 1 1 1 1 1 1 1 1 1 1 1 1 1 1 1 1 1 1 1 1 1 1 1 1 1 1 1 1 1 1 1 1 100 1 1 100 1 7 1 100 1 1 100 1 1 100 1 1 1 1
staticfield java/lang/invoke/MethodHandle FORM_OFFSET J 20
staticfield java/lang/invoke/MethodHandle UPDATE_OFFSET J 13
staticfield java/lang/invoke/MethodHandle $assertionsDisabled Z 1
ciInstanceKlass java/util/concurrent/ConcurrentHashMap 1 1 1210 7 1 7 1 3 10 12 1 1 3 7 1 10 7 12 1 1 1 7 1 10 7 12 1 1 1 100 1 11 12 1 1 11 12 1 11 12 1 1 9 12 1 1 9 12 1 1 9 12 1 10 7 12 1 1 1 7 1 10 12 1 1 10 12 1 1 10 7 12 1 1 1 4 10 12 1 9 12 1 10 12 1 1 100 1 10 5 0 10 12 1 10 12 1 1 5 0 10 12 1 1 10 12 1 9 12 1 1 10 12 1 1 9 12 1 9 12 1 1 10 12 1 1 9 12 1 10 12 1 1 9 12 1 1 10 12 1 1 100 1 10 7 1 10 12 1 10 12 1 1 10 12 1 1 10 12 1 1 10 12 1 10 12 1 1 10 12 1 1 100 1 10 12 1 1 7 1 100 1 8 1 10 12 1 10 12 1 1 10 12 1 1 11 7 12 1 1 10 12 1 1 11 12 1 1 11 7 12 1 1 1 11 7 12 1 1 1 11 12 1 7 1 11 12 1 11 12 1 10 12 1 1 10 12 1 1 9 12 1 1 10 100 12 1 1 1 9 10 12 1 1 9 12 1 10 12 1 1 5 0 9 12 1 1 7 1 10 12 1 9 12 1 1 7 1 10 12 1 9 12 1 7 1 10 7 1 10 10 12 1 1 8 1 10 12 1 10 12 1 1 11 100 1 10 12 1 10 100 12 1 1 1 8 1 10 100 12 1 1 1 8 1 10 12 1 8 1 10 12 1 10 12 1 1 10 100 12 1 1 10 12 1 10 12 1 10 12 1 9 12 1 9 10 12 1 9 12 1 1 11 7 12 1 1 1 11 7 12 1 1 1 100 1 10 12 11 100 12 1 1 10 11 7 12 1 10 12 1 100 1 10 12 1 7 1 10 10 9 7 12 1 1 1 10 12 3 10 7 12 1 1 9 12 1 10 12 1 1 9 12 1 1 9 12 1 10 12 1 1 10 7 12 1 1 9 12 1 9 7 12 1 1 10 12 1 1 10 12 1 3 9 12 1 9 12 1 10 12 1 1 7 1 9 3 9 12 1 7 1 10 12 1 9 12 1 10 12 1 9 12 1 10 12 1 9 12 1 10 100 12 1 1 1 100 10 12 1 7 1 5 0 10 100 12 1 1 100 1 10 12 1 1 10 12 1 10 12 1 100 1 10 12 1 10 100 1 100 1 10 10 12 1 10 100 1 10 12 1 10 100 1 10 12 1 10 7 1 10 12 1 1 100 1 10 12 1 10 10 12 1 100 1 10 12 1 10 10 12 1 100 1 10 12 1 10 100 1 10 12 1 10 100 1 10 12 1 10 100 1 10 12 1 10 100 1 10 12 1 10 100 1 10 12 1 10 100 1 10 12 1 10 100 1 10 12 1 10 100 1 10 10 100 1 10 10 100 1 10 10 100 1 10 12 1 10 100 1 10 12 1 10 100 1 10 12 1 10 100 1 10 12 1 10 100 1 10 12 1 10 100 1 10 10 100 1 10 10 100 1 10 10 100 1 10 12 1 10 100 1 10 12 1 10 100 1 10 12 1 10 100 1 10 12 1 10 100 1 10 12 1 10 10 12 1 10 7 12 1 1 1 10 12 1 7 1 7 1 10 12 1 9 12 1 1 9 12 1 1 10 12 1 1 8 10 12 1 1 8 8 8 8 7 10 12 1 1 10 12 1 100 1 8 1 10 7 1 7 1 7 1 1 1 5 0 1 1 3 1 3 1 1 1 1 3 1 3 1 3 1 1 1 1 1 3 1 3 1 3 1 1 1 1 1 1 1 1 1 1 1 1 1 1 1 1 1 1 1 1 1 1 1 1 1 100 1 1 1 1 1 1 1 1 1 1 1 1 1 1 1 1 1 1 1 1 1 1 1 1 1 1 1 1 1 1 1 1 1 1 1 1 1 1 1 1 1 1 1 1 1 1 1 1 1 1 1 1 1 1 1 1 1 1 1 1 1 1 1 1 1 1 1 1 1 1 1 1 1 1 1 1 1 1 1 1 1 1 1 1 100 1 1 1 1 1 1 1 1 1 1 1 7 1 1 1 1 1 1 1 1 1 1 1 1 1 1 1 1 1 1 1 1 1 1 1 1 1 1 1 1 1 1 1 1 1 1 1 1 1 1 1 1 1 1 1 1 1 1 1 1 1 1 1 1 1 1 1 1 1 1 1 1 1 1 1 1 1 1 1 1 1 1 1 1 1 1 1 1 1 1 1 1 1 1 1 1 1 1 1 1 1 1 1 1 1 1 1 1 1 1 1 1 1 1 1 1 1 1 1 1 1 1 1 1 1 1 1 1 1 1 1 1 1 1 1 1 1 1 1 1 1 1 1 1 1 1 1 1 1 1 1 1 1 1 1 1 1 1 1 1 1 1 1 1 1 1 1 1 1 1 1 1 1 1 1 1 1 1 1 1 1 1 1 1 1 1 1 1 1 1 1 1 1 1 1 1 1 1 1 1 1 1 1 1 1 1 1 1 1 1 1 1 1 1 1 1 1 1 1 1 1 1 1 1 1 1 1 1 1 1 1 1 1 1 1 100 1 100 1 100 1 100 1 100 1 100 1 100 1 100 1 100 1 1 1 1 1 1 1 1 1 1 1 1 1 1 1 1 1 1 1 1 1 1 1 1 1 1 1 1 1 1 1 1 1 1 1 1 1 1 1 1 1 1 1 1 1 1 1 1 1 1 1 1 1 1 1 1 1 1
staticfield java/util/concurrent/ConcurrentHashMap NCPU I 4
staticfield java/util/concurrent/ConcurrentHashMap serialPersistentFields [Ljava/io/ObjectStreamField; 3 [Ljava/io/ObjectStreamField;
staticfield java/util/concurrent/ConcurrentHashMap U Ljdk/internal/misc/Unsafe; jdk/internal/misc/Unsafe
staticfield java/util/concurrent/ConcurrentHashMap SIZECTL J 20
staticfield java/util/concurrent/ConcurrentHashMap TRANSFERINDEX J 32
staticfield java/util/concurrent/ConcurrentHashMap BASECOUNT J 24
staticfield java/util/concurrent/ConcurrentHashMap CELLSBUSY J 36
staticfield java/util/concurrent/ConcurrentHashMap CELLVALUE J 144
staticfield java/util/concurrent/ConcurrentHashMap ABASE I 16
staticfield java/util/concurrent/ConcurrentHashMap ASHIFT I 2
ciInstanceKlass java/util/concurrent/ConcurrentMap 1 1 208 11 7 12 1 1 1 10 7 12 1 1 11 12 1 1 11 100 12 1 1 1 11 7 12 1 1 1 11 12 1 1 100 1 11 12 1 11 12 1 100 1 11 100 12 1 1 1 18 12 1 11 12 1 1 11 7 12 1 1 11 12 1 1 11 100 12 1 11 12 1 1 11 12 1 1 7 1 7 1 1 1 1 1 1 1 1 1 1 1 1 1 1 1 1 1 1 1 1 1 1 1 1 1 1 1 1 1 1 1 1 1 1 1 1 1 1 1 1 1 1 1 1 1 1 1 1 1 1 1 1 1 1 1 1 1 1 1 1 16 15 11 12 15 10 100 12 1 1 1 1 1 100 1 100 1 1 1 100 1 8 1 1 12 10 1 1 1 8 1 1 1 8 1 1 8 1 1 1 8 1 1 1 8 1 1 1 8 1 1 1 8 1 1 1 8 1 1 1 8 1 1 1 8 1 1 8 1
instanceKlass org/apache/tomcat/util/collections/ManagedConcurrentWeakHashMap
instanceKlass sun/util/PreHashedMap
instanceKlass java/util/concurrent/ConcurrentSkipListMap
instanceKlass java/util/Collections$SingletonMap
instanceKlass org/springframework/util/ConcurrentReferenceHashMap
instanceKlass java/util/EnumMap
instanceKlass java/util/TreeMap
instanceKlass java/util/IdentityHashMap
instanceKlass java/util/WeakHashMap
instanceKlass java/util/Collections$EmptyMap
instanceKlass java/util/HashMap
instanceKlass java/util/ImmutableCollections$AbstractImmutableMap
instanceKlass java/util/concurrent/ConcurrentHashMap
ciInstanceKlass java/util/AbstractMap 1 1 196 10 7 12 1 1 1 10 7 12 1 1 1 11 7 12 1 1 1 10 11 12 1 1 11 7 12 1 1 1 11 12 1 1 7 1 11 12 1 10 12 1 1 11 12 1 100 1 10 11 12 1 11 7 1 10 12 1 1 11 12 1 9 12 1 1 7 1 10 12 1 9 12 1 1 7 1 10 11 11 12 1 1 11 12 1 7 1 100 1 11 12 1 8 1 7 1 10 10 12 1 1 8 1 10 12 1 10 12 1 1 10 12 1 1 1 1 1 1 1 1 1 1 1 1 1 1 1 1 1 1 1 1 1 1 1 1 1 1 1 1 1 1 1 1 1 1 1 1 1 1 1 1 7 1 1 1 1 1 1 1 7 1 1 1 1 1 1 1 1 1 100 1 1 1 1 1 1 1 1 1 100 1 100 1 100 1 100 1 100 1 1 1 1 1 1
ciInstanceKlass jdk/internal/loader/ClassLoaders 1 1 183 10 7 12 1 1 1 10 7 12 1 1 1 10 12 1 1 10 100 12 1 1 1 9 7 12 1 1 1 9 12 1 1 9 12 1 1 7 1 11 100 12 1 1 1 100 1 11 12 1 1 11 12 1 1 10 100 12 1 1 1 10 100 12 1 1 1 100 1 100 1 10 7 12 1 1 1 9 12 1 1 10 12 1 1 7 1 10 12 1 1 10 12 1 7 1 8 1 10 7 12 1 1 1 10 12 1 1 7 1 10 12 1 10 12 1 10 12 1 8 1 10 7 12 1 1 8 1 8 1 10 12 1 7 1 10 12 1 10 12 1 10 12 1 1 1 1 1 1 1 1 1 1 1 1 1 1 1 1 1 1 1 1 7 1 1 1 1 1 1 1 1 1 1 1 1 1 1 1 1 1 1 1
staticfield jdk/internal/loader/ClassLoaders JLA Ljdk/internal/access/JavaLangAccess; java/lang/System$2
staticfield jdk/internal/loader/ClassLoaders BOOT_LOADER Ljdk/internal/loader/ClassLoaders$BootClassLoader; jdk/internal/loader/ClassLoaders$BootClassLoader
staticfield jdk/internal/loader/ClassLoaders PLATFORM_LOADER Ljdk/internal/loader/ClassLoaders$PlatformClassLoader; jdk/internal/loader/ClassLoaders$PlatformClassLoader
staticfield jdk/internal/loader/ClassLoaders APP_LOADER Ljdk/internal/loader/ClassLoaders$AppClassLoader; jdk/internal/loader/ClassLoaders$AppClassLoader
instanceKlass jdk/internal/loader/ClassLoaders$BootClassLoader
instanceKlass jdk/internal/loader/ClassLoaders$PlatformClassLoader
instanceKlass jdk/internal/loader/ClassLoaders$AppClassLoader
ciInstanceKlass jdk/internal/loader/BuiltinClassLoader 1 1 737 9 7 12 1 1 1 10 7 12 1 1 1 10 7 12 1 1 1 9 12 1 1 9 12 1 1 7 1 10 12 1 9 12 1 10 12 1 9 12 1 10 7 12 1 1 1 10 7 12 1 1 1 10 7 12 1 1 1 11 7 12 1 1 1 7 1 7 1 10 10 12 1 1 8 1 10 12 1 10 12 7 1 10 12 1 10 12 1 1 11 7 12 1 1 1 11 7 12 1 1 1 11 12 1 1 7 1 8 1 8 1 10 9 12 1 1 10 7 12 1 1 11 12 1 1 10 12 1 1 10 12 1 1 10 12 1 1 10 7 12 1 1 1 10 12 1 10 7 12 1 1 1 10 12 1 1 11 7 12 1 1 1 10 7 12 1 1 7 1 10 7 12 1 1 1 10 12 1 100 1 8 1 10 12 1 1 10 8 1 10 12 1 1 10 12 1 1 10 12 1 1 11 7 12 1 1 11 12 1 7 1 10 11 12 1 1 11 10 12 1 1 7 1 10 12 1 10 7 12 1 10 12 1 7 1 10 12 1 10 7 12 1 1 1 100 1 10 12 1 1 11 12 1 100 1 100 1 10 12 1 10 12 1 1 100 1 100 1 10 12 1 10 12 1 18 12 1 1 10 12 1 10 12 1 1 18 100 1 10 7 12 1 1 1 7 1 10 10 12 1 1 10 12 1 1 10 12 1 1 10 12 1 9 12 1 1 100 1 10 10 12 1 1 10 12 1 1 10 12 1 10 12 10 12 1 1 10 12 1 1 10 12 1 1 10 12 1 10 12 1 1 18 12 1 7 1 10 12 1 1 10 12 1 10 12 1 1 10 12 1 100 1 10 12 1 7 1 10 12 1 10 7 12 1 1 1 10 12 1 11 12 1 7 1 10 12 1 7 1 100 1 10 12 1 10 12 1 11 12 1 1 10 12 1 1 10 12 1 1 10 12 1 1 10 12 1 1 10 12 1 10 12 1 10 12 1 10 12 1 8 1 10 12 1 1 10 7 12 1 1 10 12 1 100 1 8 1 8 1 10 10 12 1 8 1 8 1 10 7 12 1 1 1 11 7 12 1 1 1 9 7 12 1 1 1 10 7 12 1 1 1 9 12 1 9 12 1 9 12 1 9 12 1 9 12 1 9 12 1 10 7 12 1 1 1 8 1 10 12 1 7 1 10 12 1 1 10 12 1 7 1 10 11 12 1 1 10 12 10 12 1 10 12 1 100 1 10 12 1 10 12 1 10 10 12 1 10 7 12 1 1 8 1 10 7 12 1 1 10 12 1 1 1 1 1 1 1 1 1 1 1 1 1 1 1 1 1 1 1 1 1 1 1 1 1 1 1 1 1 1 1 1 1 1 1 1 1 1 1 1 1 1 1 1 1 1 1 1 1 1 1 1 1 1 1 1 7 1 1 1 1 1 1 1 1 1 1 1 1 1 1 1 1 1 1 7 1 7 1 1 1 1 1 1 1 1 1 1 1 1 1 1 1 1 1 1 1 1 1 1 1 1 1 1 1 1 1 1 1 1 1 1 1 1 1 1 1 1 1 1 1 1 1 1 1 1 1 1 1 100 1 1 16 15 10 12 16 15 10 12 16 15 10 12 16 1 15 10 100 12 1 1 1 1 1 100 1 1 1 1 1 100 1 100 1 1
staticfield jdk/internal/loader/BuiltinClassLoader packageToModule Ljava/util/Map; java/util/concurrent/ConcurrentHashMap
staticfield jdk/internal/loader/BuiltinClassLoader $assertionsDisabled Z 1
ciInstanceKlass jdk/internal/loader/ClassLoaders$AppClassLoader 1 1 119 8 1 10 7 12 1 1 1 10 7 12 1 1 1 10 7 12 1 1 1 10 12 1 1 10 7 12 1 1 1 10 12 1 1 10 12 1 1 7 1 8 1 10 12 10 7 12 1 1 1 10 7 12 1 1 10 12 1 1 10 12 1 1 10 7 12 1 1 1 7 1 10 12 1 1 1 1 1 1 1 1 1 1 1 1 1 1 1 1 1 1 1 1 1 7 1 1 1 1 1 1 1 1 1 1 1 1 1 1 1 1 1 1 1 7 1 1 1
ciInstanceKlass jdk/internal/loader/ClassLoaders$PlatformClassLoader 1 1 42 8 1 10 7 12 1 1 1 10 7 12 1 1 1 7 1 10 12 1 7 1 1 1 1 1 1 1 1 1 1 1 1 1 1 7 1 1 1 100 1 1
ciInstanceKlass java/lang/ArithmeticException 1 1 26 10 100 12 1 1 1 10 12 1 100 1 1 1 1 5 0 1 1 1 1 1 1 1 1 1
ciInstanceKlass java/lang/ArrayStoreException 1 1 26 10 100 12 1 1 1 10 12 1 100 1 1 1 1 5 0 1 1 1 1 1 1 1 1 1
ciInstanceKlass java/lang/ClassCastException 1 1 26 10 100 12 1 1 1 10 12 1 100 1 1 1 1 5 0 1 1 1 1 1 1 1 1 1
ciInstanceKlass java/lang/ClassNotFoundException 1 1 96 7 1 10 7 12 1 1 1 10 12 1 10 12 1 1 10 100 12 1 1 1 8 1 10 100 12 1 1 1 10 7 12 1 1 10 100 12 1 1 1 10 100 12 1 1 1 10 12 1 1 7 1 10 12 1 9 12 1 1 1 1 1 5 0 1 1 1 1 1 1 1 1 1 1 1 1 1 1 1 1 1 1 100 1 1 1 1 1 1 1 1 1 1 1 1
staticfield java/lang/ClassNotFoundException serialPersistentFields [Ljava/io/ObjectStreamField; 1 [Ljava/io/ObjectStreamField;
ciInstanceKlass java/lang/IllegalMonitorStateException 1 1 26 10 100 12 1 1 1 10 12 1 100 1 1 1 1 5 0 1 1 1 1 1 1 1 1 1
ciInstanceKlass java/lang/BootstrapMethodError 0 0 45 10 100 12 1 1 1 10 12 1 10 12 1 10 100 12 1 1 1 10 100 12 1 1 1 1 1 1 5 0 1 1 1 1 1 1 1 1 1 1 1 100 1 1 1
instanceKlass java/lang/UnsatisfiedLinkError
instanceKlass java/lang/ClassFormatError
instanceKlass java/lang/IncompatibleClassChangeError
instanceKlass java/lang/BootstrapMethodError
instanceKlass java/lang/NoClassDefFoundError
ciInstanceKlass java/lang/LinkageError 1 1 31 10 7 12 1 1 1 10 12 1 10 12 1 100 1 1 1 1 5 0 1 1 1 1 1 1 1 1 1 1 1
ciInstanceKlass java/lang/NullPointerException 1 1 52 10 100 12 1 1 1 10 12 1 9 100 12 1 1 1 10 12 1 1 9 12 1 1 10 12 1 1 10 12 1 1 1 1 5 0 1 1 1 1 1 1 1 1 100 1 100 1 100 1 1 1
ciInstanceKlass java/lang/NoClassDefFoundError 1 1 26 10 7 12 1 1 1 10 12 1 100 1 1 1 1 5 0 1 1 1 1 1 1 1 1 1
ciInstanceKlass java/lang/StackOverflowError 1 1 26 10 100 12 1 1 1 10 12 1 100 1 1 1 1 5 0 1 1 1 1 1 1 1 1 1
ciInstanceKlass java/lang/StackTraceElement 1 1 235 10 7 12 1 1 1 10 7 12 1 1 9 12 1 1 9 12 1 1 9 12 1 9 12 1 8 1 10 100 12 1 1 1 7 1 9 12 1 8 1 9 12 1 9 12 1 9 12 1 1 10 12 1 1 10 12 1 8 1 10 100 12 1 1 1 7 1 10 12 1 10 12 1 1 10 12 1 10 12 1 1 10 12 1 10 12 1 10 10 12 1 8 1 10 12 1 10 12 1 1 10 12 1 1 10 12 1 10 12 1 10 12 1 9 12 1 1 10 7 12 1 1 1 10 12 1 1 7 1 10 12 1 1 10 7 12 1 1 10 7 12 1 1 1 10 7 12 1 1 10 7 12 1 1 10 10 12 1 1 10 12 1 1 10 12 1 1 10 12 1 7 1 1 1 1 1 1 1 3 1 3 1 1 5 0 1 1 1 1 1 1 1 1 1 1 1 1 1 1 1 1 1 1 1 1 1 1 1 1 1 1 1 1 1 7 1 7 1 1 1 1 1 1 1 100 1 1 1 1 1 1 1 1 1
instanceKlass java/util/concurrent/locks/AbstractQueuedSynchronizer
ciInstanceKlass java/util/concurrent/locks/AbstractOwnableSynchronizer 1 1 32 10 7 12 1 1 1 9 7 12 1 1 1 100 1 1 1 1 5 0 1 1 1 1 1 1 1 1 1 1 1 1
ciInstanceKlass jdk/internal/vm/Continuation 0 0 549 9 100 12 1 1 1 9 12 1 9 12 1 100 1 7 1 10 12 1 1 8 1 10 12 1 1 10 12 1 10 12 1 1 10 12 1 9 7 12 1 1 1 11 100 12 1 1 1 10 7 1 9 12 1 1 9 12 1 1 10 8 1 10 12 1 9 12 1 1 10 11 12 1 1 100 1 10 100 12 1 1 1 10 12 1 1 10 12 1 10 12 1 1 11 12 1 1 9 12 1 1 10 12 1 1 18 12 1 1 10 7 12 1 1 1 100 1 10 12 1 11 100 12 1 1 1 10 12 1 9 12 1 10 12 1 1 100 1 8 1 10 12 1 10 12 1 1 9 12 1 1 11 12 1 1 9 12 1 1 8 1 10 11 12 1 1 11 12 1 1 10 12 1 1 10 12 1 1 9 12 1 10 12 1 10 10 12 1 8 1 10 12 1 8 1 8 1 10 7 12 1 1 1 10 7 12 1 1 1 10 12 1 9 12 1 11 12 1 7 1 10 12 1 10 12 1 1 9 12 1 1 7 1 10 12 1 1 9 12 1 1 10 12 1 10 12 1 11 7 12 1 1 10 7 1 10 12 1 8 1 9 12 1 10 12 1 1 9 12 1 1 10 7 12 1 1 8 1 8 1 8 1 8 1 10 12 1 1 10 12 1 10 12 1 10 12 1 10 12 1 1 10 12 1 1 8 1 10 12 1 1 9 12 1 1 10 12 1 1 9 12 1 8 1 10 7 12 1 1 1 10 12 1 8 1 100 1 8 1 10 9 12 1 1 8 1 10 7 12 1 1 10 100 12 1 1 8 1 8 1 10 12 10 100 12 1 1 1 10 7 1 10 7 12 1 1 1 18 11 100 12 1 1 1 18 12 1 11 12 1 1 7 1 10 7 12 1 1 10 12 1 1 8 10 12 1 1 10 100 12 1 1 1 10 100 12 1 1 10 12 1 8 1 10 12 1 7 1 7 1 10 12 1 1 1 1 1 1 1 1 1 1 1 1 1 1 1 1 1 1 1 1 1 1 1 1 1 1 1 1 1 1 1 1 1 1 1 1 1 1 1 1 1 1 1 1 1 1 1 1 1 1 1 1 1 1 1 1 1 1 1 1 1 1 1 1 1 1 1 1 1 1 1 1 1 1 1 100 1 1 16 1 15 10 12 16 15 11 7 12 1 1 1 16 1 16 1 15 10 12 16 15 10 100 12 1 1 1 1 1 1 1 1 100 1 100 1 1
ciInstanceKlass jdk/internal/misc/UnsafeConstants 1 1 34 10 100 12 1 1 1 9 7 12 1 1 1 9 12 1 9 12 1 1 9 12 1 9 12 1 1 1 1 1 1 1 1 1
staticfield jdk/internal/misc/UnsafeConstants ADDRESS_SIZE0 I 8
staticfield jdk/internal/misc/UnsafeConstants PAGE_SIZE I 4096
staticfield jdk/internal/misc/UnsafeConstants BIG_ENDIAN Z 0
staticfield jdk/internal/misc/UnsafeConstants UNALIGNED_ACCESS Z 1
staticfield jdk/internal/misc/UnsafeConstants DATA_CACHE_LINE_FLUSH_SIZE I 0
ciInstanceKlass java/lang/invoke/LambdaForm 1 1 1059 7 1 100 1 10 7 12 1 1 1 9 12 1 1 9 12 1 9 12 1 9 12 1 1 9 12 1 1 9 12 1 1 9 12 1 1 9 12 1 1 9 12 1 10 7 12 1 1 9 12 1 10 12 1 1 100 1 10 10 12 1 1 10 12 1 10 12 1 10 12 1 1 10 12 1 9 12 1 9 12 1 10 12 1 1 10 7 12 1 1 1 10 12 1 1 9 100 12 1 1 1 10 12 1 1 9 7 12 1 1 10 12 1 10 12 1 1 10 12 1 1 10 12 1 1 7 1 10 7 12 1 1 1 10 12 1 1 10 12 1 10 12 1 1 9 12 1 1 9 12 1 9 12 1 1 10 12 1 9 12 1 10 100 12 1 1 1 10 12 1 1 7 1 10 12 1 9 12 1 1 10 7 12 1 1 1 10 12 1 10 12 1 7 1 10 12 1 10 12 1 10 12 1 1 10 12 1 1 10 12 1 10 12 1 10 12 1 10 12 1 1 8 1 10 12 1 10 12 1 10 10 12 1 8 1 8 1 9 12 1 9 12 1 1 10 12 1 1 10 12 1 9 12 1 10 12 1 1 10 7 12 1 1 1 10 12 1 1 10 12 1 10 12 1 10 100 12 1 1 1 9 12 1 10 12 1 8 1 8 1 8 1 8 1 8 1 8 1 8 1 8 1 10 12 1 9 12 1 7 1 10 12 1 1 9 12 1 10 12 1 10 12 1 1 10 12 10 12 1 10 12 1 1 10 12 1 1 10 10 12 1 1 10 12 1 1 7 1 8 1 10 12 1 1 10 12 1 10 12 1 1 10 8 1 10 12 1 1 8 1 8 1 8 1 10 12 1 10 12 1 10 12 1 1 100 1 10 12 1 1 10 12 1 1 10 7 12 1 1 1 10 12 1 1 9 12 1 1 8 1 10 100 12 1 1 1 10 7 12 1 1 10 12 10 12 1 1 10 12 1 1 9 12 1 8 10 12 1 1 100 1 10 12 1 1 10 12 1 9 7 12 1 1 9 7 12 1 1 1 8 1 10 100 12 1 1 10 12 1 1 7 1 7 1 10 10 12 1 1 10 12 1 1 8 1 8 1 7 1 8 1 10 12 10 12 1 10 12 1 10 12 1 1 8 1 8 1 10 12 1 10 12 1 1 8 1 8 1 8 1 7 1 8 1 7 1 8 1 7 1 8 1 10 12 1 8 1 9 10 7 12 1 1 1 10 12 1 9 12 1 1 10 12 1 10 10 12 1 10 12 1 10 12 1 10 12 1 1 10 12 1 10 12 1 1 10 12 1 1 10 12 1 1 10 12 1 1 8 1 100 10 12 1 10 12 1 9 12 1 1 10 7 12 1 1 8 1 8 1 7 1 8 1 8 1 8 1 8 1 8 1 8 1 8 1 8 1 10 12 1 1 10 12 1 1 10 12 1 10 12 1 10 12 1 10 12 1 8 1 8 1 8 1 10 12 1 8 1 10 12 1 8 1 8 1 8 1 8 1 8 1 10 12 1 10 12 1 10 12 1 1 10 7 12 1 1 1 10 12 1 10 12 1 10 12 1 10 12 1 10 12 1 10 12 1 10 12 1 9 12 1 1 8 1 10 12 1 1 9 12 1 1 10 12 1 1 9 12 1 9 12 1 1 9 12 1 9 12 1 1 7 1 10 7 12 1 1 1 9 12 1 10 12 1 10 12 1 8 1 10 12 1 9 12 1 1 7 1 10 7 12 1 1 1 8 1 100 1 10 12 1 9 12 1 9 12 1 10 12 1 10 12 1 10 7 12 1 1 1 10 12 1 9 7 12 1 1 10 12 1 1 10 12 1 10 12 1 10 12 1 9 12 10 12 1 10 10 12 1 9 12 1 9 9 12 1 7 9 12 1 1 10 12 1 1 9 12 1 10 12 1 10 7 1 9 1 1 1 1 3 1 3 1 1 3 1 3 1 1 1 1 1 1 1 1 1 1 1 1 1 1 1 1 1 1 1 1 1 1 1 1 1 1 1 1 1 1 1 1 1 1 1 1 1 1 1 1 1 1 1 1 1 1 1 1 1 1 1 100 1 1 1 1 1 1 1 1 1 1 1 1 1 1 1 1 1 1 1 1 1 1 1 1 1 1 1 1 1 1 1 1 1 1 1 1 1 1 1 1 1 1 1 1 1 1 1 1 1 1 1 1 1 1 1 1 1 1 1 1 1 1 100 1 1 1 1 1 1 1 1 1 1 1 1 1 1 1 1 1 1 1 1 1 1 1 1 1 1 1 1 1 1 1 1 1 1 7 1 1 1 1 1 1 1 1 1 1 1 1 1 1 1 1 1 1 1 1 1 1 100 1 1 1 100 1 1 7 1 1 1 1 1 1 1 1 1 1 1
staticfield java/lang/invoke/LambdaForm DEFAULT_CUSTOMIZED Ljava/lang/invoke/MethodHandle; null
staticfield java/lang/invoke/LambdaForm DEFAULT_KIND Ljava/lang/invoke/LambdaForm$Kind; java/lang/invoke/LambdaForm$Kind
staticfield java/lang/invoke/LambdaForm COMPILE_THRESHOLD I 0
staticfield java/lang/invoke/LambdaForm INTERNED_ARGUMENTS [[Ljava/lang/invoke/LambdaForm$Name; 5 [[Ljava/lang/invoke/LambdaForm$Name;
staticfield java/lang/invoke/LambdaForm IMPL_NAMES Ljava/lang/invoke/MemberName$Factory; java/lang/invoke/MemberName$Factory
staticfield java/lang/invoke/LambdaForm LF_identity [Ljava/lang/invoke/LambdaForm; 6 [Ljava/lang/invoke/LambdaForm;
staticfield java/lang/invoke/LambdaForm LF_zero [Ljava/lang/invoke/LambdaForm; 6 [Ljava/lang/invoke/LambdaForm;
staticfield java/lang/invoke/LambdaForm NF_identity [Ljava/lang/invoke/LambdaForm$NamedFunction; 6 [Ljava/lang/invoke/LambdaForm$NamedFunction;
staticfield java/lang/invoke/LambdaForm NF_zero [Ljava/lang/invoke/LambdaForm$NamedFunction; 6 [Ljava/lang/invoke/LambdaForm$NamedFunction;
staticfield java/lang/invoke/LambdaForm createFormsLock Ljava/lang/Object; java/lang/Object
staticfield java/lang/invoke/LambdaForm DEBUG_NAME_COUNTERS Ljava/util/HashMap; null
staticfield java/lang/invoke/LambdaForm DEBUG_NAMES Ljava/util/HashMap; null
staticfield java/lang/invoke/LambdaForm TRACE_INTERPRETER Z 0
staticfield java/lang/invoke/LambdaForm $assertionsDisabled Z 1
ciInstanceKlass java/lang/invoke/MemberName 1 1 724 7 1 7 1 100 1 9 12 1 1 10 7 12 1 1 1 9 12 1 1 10 12 1 1 10 12 1 1 10 12 1 1 10 12 1 10 12 1 1 10 7 12 1 1 1 10 12 1 9 7 12 1 1 10 12 1 7 1 7 1 10 12 1 8 1 10 12 1 1 10 12 1 10 12 1 1 10 12 1 9 12 1 1 8 1 10 100 12 1 1 1 7 1 10 10 12 1 1 7 1 7 1 10 12 1 9 12 1 1 100 1 8 1 10 12 1 10 12 1 10 12 1 10 12 1 10 12 1 1 10 12 1 10 12 1 10 12 1 1 8 1 8 1 10 12 1 8 1 9 12 1 1 3 10 12 1 10 12 1 10 12 1 10 10 7 12 1 1 1 10 12 1 10 12 1 10 12 1 10 12 1 7 1 8 10 12 1 1 10 12 1 1 8 1 9 7 1 8 9 7 1 10 12 1 1 10 12 1 10 12 1 8 1 10 12 1 1 10 12 1 10 12 1 10 12 1 10 12 1 1 7 1 10 12 1 1 10 12 1 8 1 10 12 1 10 12 1 8 1 10 12 1 1 10 12 1 1 7 1 10 12 1 1 10 12 8 1 8 1 7 1 10 12 1 10 100 12 1 1 1 100 1 10 12 10 12 1 10 12 1 10 12 1 10 12 1 10 10 12 1 10 12 1 10 12 1 3 10 12 1 3 10 12 1 3 3 3 3 3 3 10 12 1 3 9 12 1 10 12 1 1 3 10 12 1 10 10 7 12 1 1 1 10 12 1 1 10 7 12 1 1 10 10 12 1 10 12 1 1 10 12 1 10 10 12 1 1 10 12 1 10 12 1 10 12 1 7 1 10 10 10 12 100 1 10 10 10 12 1 1 10 12 1 1 10 10 12 1 8 10 7 1 10 12 1 10 7 1 10 12 1 10 12 1 10 12 1 10 10 12 1 10 12 1 1 10 12 1 1 10 12 1 10 12 1 10 12 1 100 1 10 12 1 1 100 1 8 1 10 7 1 10 12 1 10 12 10 12 1 1 10 12 1 10 12 1 8 1 8 1 8 1 8 1 10 12 1 10 12 1 10 7 12 1 1 1 8 1 8 1 10 12 1 8 1 10 10 10 12 1 10 12 1 8 1 8 1 10 10 12 1 8 1 10 100 12 1 1 1 8 1 100 1 10 12 1 10 12 1 1 10 12 1 8 1 8 1 8 1 8 1 100 1 10 8 1 8 1 8 1 8 1 10 12 1 100 1 100 1 100 1 10 100 1 10 7 1 10 7 12 1 1 1 9 7 12 1 1 1 7 1 7 1 1 1 1 1 1 1 3 1 3 1 3 1 3 1 3 1 3 1 1 1 1 1 1 1 1 3 1 3 1 1 1 1 1 1 1 1 1 1 1 1 1 1 1 1 1 1 1 1 1 1 1 1 1 1 1 1 1 1 1 1 1 1 1 1 1 1 1 1 1 1 1 1 1 1 1 1 1 1 1 1 1 1 1 1 1 1 1 1 1 1 1 1 1 1 1 1 1 1 1 1 1 1 1 1 1 1 1 1 1 1 1 1 1 1 1 1 1 1 1 1 1 1 1 1 7 1 1 1 1 1 1 1 1 1 1 1 1 1 1 1
staticfield java/lang/invoke/MemberName $assertionsDisabled Z 1
instanceKlass java/lang/invoke/VarHandleReferences$FieldStaticReadOnly
instanceKlass java/lang/invoke/VarHandleBooleans$FieldInstanceReadOnly
instanceKlass java/lang/invoke/VarHandleLongs$FieldInstanceReadOnly
instanceKlass java/lang/invoke/VarHandleReferences$FieldInstanceReadOnly
instanceKlass java/lang/invoke/VarHandleByteArrayAsDoubles$ByteArrayViewVarHandle
instanceKlass java/lang/invoke/VarHandleByteArrayAsLongs$ByteArrayViewVarHandle
instanceKlass java/lang/invoke/VarHandleByteArrayAsFloats$ByteArrayViewVarHandle
instanceKlass java/lang/invoke/VarHandleByteArrayAsInts$ByteArrayViewVarHandle
instanceKlass java/lang/invoke/VarHandleByteArrayAsChars$ByteArrayViewVarHandle
instanceKlass java/lang/invoke/VarHandleByteArrayAsShorts$ByteArrayViewVarHandle
instanceKlass java/lang/invoke/VarHandleInts$FieldInstanceReadOnly
ciInstanceKlass java/lang/invoke/VarHandle 1 1 473 10 7 12 1 1 1 10 7 12 1 1 9 12 1 1 9 12 1 1 100 1 10 8 1 10 12 1 1 10 7 12 1 1 1 10 12 1 1 10 7 12 1 1 1 9 100 12 1 1 1 10 12 1 1 10 7 12 1 1 1 10 12 1 1 9 12 1 10 12 1 9 12 1 1 10 100 12 1 1 10 12 1 9 100 12 1 1 1 9 12 1 1 10 12 1 1 100 1 7 1 10 8 1 10 12 1 1 10 12 1 8 1 10 12 1 10 12 1 9 12 1 1 9 12 1 10 12 1 10 12 1 1 10 12 1 10 10 100 12 1 1 1 10 12 1 1 10 12 1 1 10 7 12 1 1 1 10 100 12 1 1 1 10 100 12 1 1 1 9 12 1 1 9 10 12 1 10 12 1 10 12 1 1 10 12 1 10 7 12 1 1 1 9 12 1 1 10 12 1 1 9 12 1 10 12 1 10 12 1 10 7 12 1 1 100 1 10 9 7 12 1 1 1 9 12 1 1 10 7 12 1 1 1 10 12 1 10 12 1 10 12 1 10 12 1 10 12 1 10 12 1 1 8 10 12 1 1 7 1 10 12 1 1 7 1 1 1 1 1 1 1 1 1 1 1 1 1 1 1 1 1 1 1 1 1 1 1 1 1 1 1 1 1 1 1 1 1 1 1 1 1 1 1 1 1 1 1 1 1 1 1 1 1 1 1 1 1 1 1 1 1 1 1 1 1 1 1 1 1 1 1 1 100 1 1 1 1 1 1 1 1 100 1 1 1 1 1 1 1 1 1 1 1 1 100 1 100 1 1 100 1 100 1 100 1 100 1 100 1 100 1 100 1 100 1 100 1 100 1 100 1 100 1 100 1 100 1 100 1 100 1 100 1 100 1 100 1 100 1 100 1 100 1 100 1 100 1 100 1 100 1 100 1 100 1 100 1 100 1 100 1 100 1 100 1 100 1 100 1 1 1 1 1 1 100 1 1 1 100 1 1 100 1 100 1 100 1 100 1 100 1 100 1 1 1 1 100 1 100 1 100 1 100 1 100 1 100 1 100 1 100 1
staticfield java/lang/invoke/VarHandle VFORM_OFFSET J 16
staticfield java/lang/invoke/VarHandle $assertionsDisabled Z 1
instanceKlass jdk/internal/reflect/FieldAccessorImpl
instanceKlass jdk/internal/reflect/ConstructorAccessorImpl
instanceKlass jdk/internal/reflect/MethodAccessorImpl
ciInstanceKlass jdk/internal/reflect/MagicAccessorImpl 1 1 16 10 7 12 1 1 1 100 1 1 1 1 1 1 1 1
instanceKlass jdk/internal/reflect/DirectMethodHandleAccessor
ciInstanceKlass jdk/internal/reflect/MethodAccessorImpl 1 1 38 10 7 12 1 1 1 10 100 12 1 1 1 100 1 1 1 1 1 1 1 100 1 100 1 1 1 1 1 1 1 1 1 1 1 1 1 1
ciInstanceKlass jdk/internal/reflect/MethodAccessor 1 0 17 100 1 100 1 1 1 1 100 1 100 1 1 1 1 1 1
instanceKlass jdk/internal/reflect/DirectConstructorHandleAccessor
instanceKlass jdk/internal/reflect/NativeConstructorAccessorImpl
ciInstanceKlass jdk/internal/reflect/ConstructorAccessorImpl 1 1 27 10 7 12 1 1 1 100 1 100 1 1 1 1 1 1 1 1 1 100 1 100 1 100 1 1 1
ciInstanceKlass jdk/internal/reflect/ConstructorAccessor 1 0 16 100 1 100 1 1 1 1 100 1 100 1 100 1 1 1
ciInstanceKlass jdk/internal/reflect/DelegatingClassLoader 0 0 18 10 100 12 1 1 1 100 1 1 1 1 1 1 1 1 1 1
ciInstanceKlass jdk/internal/reflect/CallerSensitive 0 0 17 100 1 100 1 100 1 1 1 1 1 1 1 1 1 1 1
ciInstanceKlass jdk/internal/reflect/NativeConstructorAccessorImpl 0 0 125 10 7 12 1 1 1 9 7 12 1 1 1 100 1 10 12 1 9 12 1 1 9 12 1 1 10 100 12 1 1 1 10 7 12 1 1 1 10 7 12 1 1 1 9 12 1 9 12 1 1 9 12 1 1 10 7 12 1 1 1 100 1 10 10 12 1 1 10 12 1 10 12 1 1 10 12 1 7 1 10 12 1 1 10 12 1 1 8 10 12 1 1 1 1 1 1 1 1 1 1 1 1 1 1 1 1 1 1 1 1 1 1 100 1 100 1 100 1 1 1 1 1 1 1
ciInstanceKlass jdk/internal/reflect/ConstantPool 1 1 142 10 7 12 1 1 1 9 7 12 1 1 1 10 12 1 1 10 12 1 1 10 12 1 10 12 1 1 10 12 1 1 10 12 1 10 12 1 1 10 12 1 10 12 1 1 10 12 1 10 12 1 10 12 1 10 12 1 1 10 12 1 1 10 12 1 1 10 12 1 1 10 12 1 10 12 1 1 10 100 12 1 1 1 8 11 7 12 1 1 1 10 7 12 1 1 1 1 1 1 1 1 1 1 1 1 1 1 1 1 1 1 1 1 1 1 1 1 1 1 1 1 1 1 1 1 1 1 1 1 1 1 1 1 1 1 1 1 1 1 1 1
ciInstanceKlass jdk/internal/reflect/UnsafeStaticFieldAccessorImpl 0 0 47 10 7 12 1 1 1 9 7 12 1 1 1 10 7 12 1 1 1 9 12 1 1 8 11 100 12 1 1 1 10 100 12 1 1 1 1 1 1 1 1 1 1 1 1 1 1
ciInstanceKlass jdk/internal/reflect/FieldAccessor 1 0 48 100 1 100 1 1 1 1 100 1 1 1 1 1 1 1 1 1 1 1 1 1 1 1 1 1 1 1 100 1 1 1 1 1 1 1 1 1 1 1 1 1 1 1 1 1 1 1
instanceKlass jdk/internal/reflect/MethodHandleFieldAccessorImpl
instanceKlass jdk/internal/reflect/UnsafeFieldAccessorImpl
ciInstanceKlass jdk/internal/reflect/FieldAccessorImpl 1 1 269 10 7 12 1 1 1 9 7 12 1 1 1 10 7 12 1 1 1 10 7 12 1 1 10 7 12 1 1 1 10 12 1 1 7 1 10 10 12 1 1 10 12 1 1 8 1 10 10 12 1 100 1 8 1 10 12 1 8 1 10 12 1 8 1 10 12 1 100 1 10 12 1 1 10 8 1 10 12 1 1 8 1 10 7 12 1 1 8 1 10 7 12 1 1 8 1 10 7 12 1 1 8 1 10 7 12 1 1 8 1 10 7 12 1 1 8 1 10 7 12 1 1 8 1 10 7 12 1 1 8 1 10 7 12 1 1 10 12 1 1 8 1 10 12 1 1 10 100 12 1 1 1 8 1 10 12 1 8 1 8 1 8 1 8 1 10 7 12 1 1 1 8 1 8 1 8 1 10 12 7 1 1 1 1 1 1 1 1 1 1 1 1 1 1 1 1 1 1 1 1 1 1 1 1 1 1 1 1 1 1 1 1 1 1 1 1 1 1 1 1 1 1 1 1 1 1 1 1 1 1 1 1 1 1 1 1 1 1 1 1 1 1 1 1 1 1 1 1 1 1 1 1 1 1 1 1 1 1 1 1 1 1 1 1 1 1 1 1
instanceKlass jdk/internal/reflect/UnsafeStaticFieldAccessorImpl
ciInstanceKlass jdk/internal/reflect/UnsafeFieldAccessorImpl 0 0 62 10 100 12 1 1 1 10 100 12 1 1 1 10 100 12 1 1 1 9 100 12 1 1 10 12 1 9 12 1 1 10 100 12 1 1 1 9 12 1 1 10 12 1 10 12 1 1 1 1 1 1 1 1 1 1 1 1 1 1 1 1
instanceKlass java/lang/invoke/VolatileCallSite
instanceKlass java/lang/invoke/MutableCallSite
instanceKlass java/lang/invoke/ConstantCallSite
ciInstanceKlass java/lang/invoke/CallSite 1 1 307 10 7 12 1 1 1 10 7 12 1 1 1 9 7 12 1 1 1 10 12 1 1 9 12 1 1 10 7 12 1 1 1 10 12 1 7 1 10 12 1 1 10 12 1 1 9 100 12 1 1 1 10 7 12 1 1 10 12 1 1 100 1 7 1 10 10 7 12 1 1 1 10 12 1 1 8 1 10 12 1 10 12 1 1 10 12 1 10 12 1 1 10 12 1 1 10 10 100 12 1 1 10 12 1 1 9 12 1 9 100 12 1 1 1 8 1 10 7 12 1 1 1 10 12 1 1 7 1 10 12 1 1 9 12 1 8 1 100 1 10 12 1 10 12 1 100 1 8 1 10 10 12 1 10 12 1 1 100 1 10 12 1 1 10 12 1 10 12 1 10 12 1 1 10 12 1 1 9 12 1 1 8 10 12 1 1 9 12 1 1 100 1 10 10 12 1 10 7 12 1 1 1 10 12 1 1 10 12 1 1 10 12 1 10 7 12 1 1 1 7 1 8 1 10 10 12 10 12 1 1 7 1 7 1 7 1 8 1 10 12 1 10 7 12 1 1 1 1 1 1 1 1 1 1 1 1 1 1 1 1 1 1 1 1 1 1 1 1 1 1 1 1 1 1 1 1 1 1 1 1 1 1 1 1 1 1 1 1 1 1 1 1 1 1 1 1 1 1 1 7 1 7 1 1 1 1
staticfield java/lang/invoke/CallSite $assertionsDisabled Z 1
ciInstanceKlass java/lang/invoke/ConstantCallSite 1 1 65 10 7 12 1 1 1 9 7 12 1 1 1 9 12 1 1 10 7 12 1 1 1 10 12 1 100 1 10 12 9 12 1 1 100 1 10 10 12 1 1 10 12 1 1 1 1 1 1 1 1 1 1 1 1 1 100 1 1 1 1 1 1 1 1
staticfield java/lang/invoke/ConstantCallSite UNSAFE Ljdk/internal/misc/Unsafe; jdk/internal/misc/Unsafe
instanceKlass java/lang/invoke/DirectMethodHandle$StaticAccessor
instanceKlass java/lang/invoke/DirectMethodHandle$Special
instanceKlass java/lang/invoke/DirectMethodHandle$Interface
instanceKlass java/lang/invoke/DirectMethodHandle$Accessor
instanceKlass java/lang/invoke/DirectMethodHandle$Constructor
ciInstanceKlass java/lang/invoke/DirectMethodHandle 1 1 923 7 1 7 1 100 1 7 1 7 1 10 7 12 1 1 1 10 7 12 1 1 1 7 1 10 12 1 10 12 1 1 10 7 12 1 1 10 12 1 1 10 12 1 10 12 1 7 1 10 12 1 1 10 12 1 1 10 12 1 10 12 1 1 10 7 12 1 1 1 10 12 1 9 12 1 1 100 1 10 9 12 1 1 9 12 1 10 12 1 10 12 1 10 12 1 1 10 12 1 10 12 1 10 12 1 10 7 12 1 1 1 10 12 1 10 12 1 1 8 1 10 12 1 1 7 1 10 12 1 7 1 10 10 12 1 10 12 1 10 12 1 10 7 12 1 1 1 10 12 1 1 7 1 10 12 1 10 12 1 7 1 10 12 1 10 12 1 1 10 12 1 1 10 12 1 8 10 7 12 1 1 1 10 12 1 10 12 1 10 12 1 1 10 12 1 9 7 12 1 1 1 7 1 10 12 1 10 7 12 1 1 1 10 12 1 10 12 1 1 9 12 1 1 7 1 10 8 1 10 12 1 1 10 12 1 1 8 1 10 12 1 10 12 1 10 10 12 1 10 12 1 10 12 1 10 12 1 10 12 1 1 10 12 1 10 12 1 1 10 12 1 10 12 1 1 10 10 7 12 1 1 1 10 12 1 10 12 1 1 10 12 1 10 12 1 1 8 1 9 7 12 1 1 1 8 1 9 12 1 9 12 1 8 1 9 12 1 9 12 1 8 1 9 12 1 9 12 1 8 1 10 12 1 10 12 1 1 9 12 1 1 7 1 10 12 1 1 7 1 10 7 12 1 1 1 10 12 1 1 10 12 1 10 12 1 1 7 1 10 12 1 1 10 12 1 10 12 1 1 7 1 10 12 1 1 10 12 1 10 7 12 1 1 1 10 12 1 10 12 1 1 10 12 1 9 12 1 1 10 7 1 9 12 9 12 1 10 7 12 1 1 1 10 12 1 7 1 7 1 7 1 9 12 1 1 10 7 12 1 1 1 10 12 10 12 1 100 1 10 12 1 10 12 1 1 8 1 9 12 1 9 12 1 10 12 1 1 9 12 1 1 10 7 12 1 1 1 9 12 1 1 9 12 1 1 10 12 1 10 12 1 10 12 1 10 12 1 1 10 12 1 9 12 1 10 12 1 10 12 1 10 12 1 10 12 1 1 10 12 1 1 9 12 1 1 10 12 1 1 9 7 12 1 1 1 9 12 1 9 12 1 9 12 1 9 12 1 9 12 1 9 12 1 9 12 1 9 12 1 9 12 1 9 12 1 9 12 1 9 12 1 9 12 1 9 12 1 9 12 1 9 12 1 9 12 1 9 12 1 9 12 1 9 12 1 9 12 1 9 12 1 9 12 1 9 12 1 9 12 1 9 12 1 9 12 1 9 12 1 9 12 1 9 12 1 9 12 1 9 12 1 9 12 1 9 12 1 9 12 1 9 12 1 8 1 9 12 1 1 9 12 1 1 10 12 1 10 12 1 1 9 7 1 10 12 1 9 12 1 1 10 12 10 12 1 10 12 1 10 12 1 10 12 1 10 8 1 8 1 8 1 8 1 10 12 1 1 9 12 1 1 10 12 1 10 100 12 1 1 1 8 9 12 1 1 10 12 1 1 8 1 8 8 9 12 1 8 1 8 8 8 8 8 1 8 10 12 1 7 1 10 12 1 8 1 8 1 10 12 1 10 12 1 10 12 1 10 12 1 1 7 1 1 1 1 3 1 3 1 3 1 3 1 3 1 3 1 3 1 3 1 3 1 3 1 1 1 1 1 1 1 1 1 1 3 1 3 1 1 1 1 3 1 1 1 1 1 1 1 1 1 1 1 1 1 1 1 1 1 1 1 1 1 1 1 1 1 1 1 1 1 1 1 1 1 1 1 1 1 1 1 1 1 1 1 1 1 1 1 1 1 1 1 1 1 1 1 1 1 100 1 1 1 1 1 1 1 1 1 100 1 1 1 1 1 1 1 1 1 1 1 1 1 1 1 1 1 1 1 1 1 1 1 1 1 1 1 1 1 1 1 1 1 1 1 1 1 1 1 1 1 1 1 1 1 1 1 1 1 1 1 1
staticfield java/lang/invoke/DirectMethodHandle IMPL_NAMES Ljava/lang/invoke/MemberName$Factory; java/lang/invoke/MemberName$Factory
staticfield java/lang/invoke/DirectMethodHandle FT_UNCHECKED_REF I 8
staticfield java/lang/invoke/DirectMethodHandle ACCESSOR_FORMS [Ljava/lang/invoke/LambdaForm; 132 [Ljava/lang/invoke/LambdaForm;
staticfield java/lang/invoke/DirectMethodHandle ALL_WRAPPERS [Lsun/invoke/util/Wrapper; 10 [Lsun/invoke/util/Wrapper;
staticfield java/lang/invoke/DirectMethodHandle NFS [Ljava/lang/invoke/LambdaForm$NamedFunction; 12 [Ljava/lang/invoke/LambdaForm$NamedFunction;
staticfield java/lang/invoke/DirectMethodHandle OBJ_OBJ_TYPE Ljava/lang/invoke/MethodType; java/lang/invoke/MethodType
staticfield java/lang/invoke/DirectMethodHandle LONG_OBJ_TYPE Ljava/lang/invoke/MethodType; java/lang/invoke/MethodType
staticfield java/lang/invoke/DirectMethodHandle $assertionsDisabled Z 1
ciInstanceKlass java/lang/invoke/MutableCallSite 0 0 63 10 100 12 1 1 1 10 12 1 9 100 12 1 1 1 10 12 1 10 12 1 1 9 12 1 1 10 100 12 1 1 1 10 100 12 1 1 1 10 12 1 1 1 1 1 1 1 1 1 1 1 1 1 1 1 1 1 1 100 1 1 1
ciInstanceKlass java/lang/invoke/VolatileCallSite 0 0 37 10 100 12 1 1 1 10 12 1 10 100 12 1 1 1 10 12 1 10 12 1 1 1 1 1 1 1 1 1 1 1 1 1 1 1 1
ciInstanceKlass java/lang/invoke/ResolvedMethodName 1 1 16 10 100 12 1 1 1 100 1 1 1 1 1 1 1 1
ciInstanceKlass java/lang/invoke/MethodHandleNatives 1 1 690 100 1 10 7 12 1 1 1 9 7 12 1 1 1 10 12 1 1 100 1 10 10 12 1 1 10 12 1 10 12 1 8 1 8 1 8 1 8 1 8 1 8 1 8 1 8 1 8 1 8 1 10 12 1 1 7 1 10 7 12 1 1 1 10 7 12 1 1 1 7 1 10 10 12 1 1 8 1 10 12 1 8 1 10 12 1 1 8 1 10 12 1 1 9 7 12 1 1 1 8 1 10 100 12 1 1 1 7 1 10 12 100 1 100 1 8 1 7 1 10 10 12 1 7 1 9 7 12 1 1 10 12 1 1 10 12 1 10 7 12 1 1 1 10 12 1 1 9 12 1 8 1 10 12 1 1 10 12 1 8 1 10 12 1 1 7 1 10 12 1 10 7 12 1 1 1 10 12 1 10 12 1 1 10 12 1 1 8 1 10 12 1 1 8 1 10 12 1 8 1 8 1 8 1 7 1 10 12 1 8 1 10 7 12 1 1 1 10 12 1 1 10 7 12 1 1 10 10 12 1 1 10 12 1 10 100 12 1 1 1 100 1 8 1 10 100 12 1 1 1 7 1 8 1 10 12 1 8 1 8 1 8 1 8 1 8 1 10 12 1 1 10 12 1 1 10 12 1 10 12 1 1 10 12 1 1 7 1 10 12 1 7 1 7 1 10 12 1 10 12 1 8 1 8 1 10 10 12 1 1 10 12 1 1 8 1 10 7 12 1 1 8 1 8 1 10 12 1 1 10 7 12 1 1 1 100 1 10 12 1 1 7 1 9 12 1 1 10 7 12 1 1 1 10 10 12 1 9 12 1 10 12 1 9 12 1 9 12 1 10 12 1 1 10 12 1 10 12 1 1 7 1 7 1 10 12 1 1 10 12 1 10 12 1 1 10 7 12 1 1 1 10 12 1 8 1 10 12 1 10 12 1 10 12 1 1 10 12 1 10 7 12 1 1 1 10 12 1 1 100 1 8 1 10 9 7 12 1 1 1 10 12 1 1 10 12 1 1 7 1 10 12 1 1 10 12 1 1 100 1 100 1 10 10 100 1 100 1 10 100 1 10 10 12 1 1 10 7 1 10 12 1 10 12 1 1 10 12 1 1 10 12 1 1 10 12 1 10 12 1 1 10 8 1 10 12 1 10 12 1 10 12 1 10 12 1 10 12 1 1 10 12 1 10 12 1 10 12 1 10 10 7 12 1 1 10 12 1 1 1 1 1 1 1 1 1 1 1 1 1 7 1 1 1 1 1 1 1 1 1 1 1 1 1 1 1 1 1 1 1 1 1 1 1 1 1 1 1 1 1 1 1 1 1 1 1 1 1 1 1 1 1 1 1 1 1 1 1 1 1 1 1 1 1 1 1 1 1 1 1 1 1 1 1 1 1 100 1 1 1 1 1 1 1 1 1 1 1 1 1 1 1 1 1 1 1 1 1 1 1 1 1 1 1 1 1 1 1 1 1 100 1 1 1 1 1 1 1 1 1 1 1 1 1 1 1 1 1 1 1 1 1 1 1 1 1 1 7 1 1 1 1 1 1 1 100 1 1 1
staticfield java/lang/invoke/MethodHandleNatives $assertionsDisabled Z 1
ciInstanceKlass java/lang/invoke/MethodHandleNatives$CallSiteContext 1 1 49 10 7 12 1 1 1 7 1 10 10 7 12 1 1 1 10 7 12 1 1 1 10 7 12 1 1 1 100 1 1 1 1 1 1 1 1 1 1 1 1 1 1 1 1 1 100 1 1
ciInstanceKlass jdk/internal/foreign/abi/NativeEntryPoint 0 0 194 10 7 12 1 1 1 9 7 12 1 1 1 9 12 1 1 100 1 8 1 10 12 1 10 12 1 1 100 1 10 100 12 1 1 1 10 12 1 9 12 1 1 18 12 1 1 10 100 12 1 1 1 10 7 12 1 1 1 9 7 12 1 1 1 7 1 10 8 1 10 12 1 1 10 12 1 10 12 1 1 8 1 10 12 1 1 7 1 8 1 10 12 1 10 12 1 1 10 12 1 9 12 1 1 18 12 1 1 10 100 12 1 1 1 10 12 1 1 10 12 1 10 100 12 1 1 1 10 1 1 1 1 1 1 1 1 1 1 1 1 1 1 1 1 1 1 1 1 1 1 1 1 1 1 1 1 1 1 1 1 1 1 1 1 1 16 1 15 10 12 16 1 16 15 10 12 15 10 100 12 1 1 1 1 1 100 1 1 100 1 100 1 1
ciInstanceKlass jdk/internal/foreign/abi/ABIDescriptor 0 0 55 10 100 12 1 1 1 9 100 12 1 1 1 9 12 1 1 9 12 1 9 12 1 9 12 1 1 9 12 1 9 12 1 1 9 12 1 9 12 1 9 12 1 9 12 1 1 1 1 1 1 1 1 1 1
ciInstanceKlass jdk/internal/foreign/abi/VMStorage 0 0 91 10 7 12 1 1 1 9 7 12 1 1 1 9 12 1 1 9 12 1 1 9 12 1 1 7 1 10 8 1 10 12 1 1 10 12 1 10 12 1 1 10 12 1 18 12 1 18 12 1 1 18 12 1 1 1 1 1 1 1 1 1 1 1 1 1 1 1 1 1 1 1 8 1 15 15 15 15 15 10 100 12 1 1 1 1 100 1 100 1 1
ciInstanceKlass jdk/internal/foreign/abi/UpcallLinker$CallRegs 0 0 66 10 7 12 1 1 1 9 7 12 1 1 1 9 12 1 18 12 1 1 18 12 1 1 18 12 1 1 1 1 1 1 1 1 1 1 1 1 1 1 1 1 1 1 100 1 1 1 8 1 15 15 15 10 100 12 1 1 1 1 1 100 1 100 1 1
ciInstanceKlass java/lang/StackWalker 1 1 271 9 7 12 1 1 1 7 1 10 7 12 1 1 1 10 12 1 1 10 7 12 1 1 1 10 12 1 1 10 12 1 11 7 12 1 1 1 10 12 1 1 10 12 1 1 10 12 1 1 100 1 8 1 10 12 1 10 12 1 10 12 1 10 7 12 1 1 9 12 1 1 9 12 1 1 9 12 1 1 9 12 1 1 10 12 1 1 9 12 1 1 9 12 1 1 9 12 1 1 10 7 12 1 1 1 11 12 1 1 100 1 8 1 10 10 7 12 1 1 9 12 1 1 10 12 1 1 10 100 12 1 1 1 10 100 12 1 1 1 18 12 1 1 100 1 8 1 10 8 1 10 12 1 1 10 100 12 1 1 1 10 12 1 1 9 100 12 1 1 11 100 12 1 1 1 10 12 1 1 1 1 1 1 1 1 1 1 1 1 1 1 1 1 1 1 1 1 1 1 1 1 1 1 1 1 1 1 1 1 1 1 1 1 1 1 1 1 1 1 1 1 1 1 1 1 1 1 1 1 1 1 1 1 1 1 1 1 1 1 1 1 1 1 7 1 1 16 15 10 12 16 1 15 10 100 12 1 1 1 1 1 1 1 1 1 100 1 100 1 1
staticfield java/lang/StackWalker DEFAULT_EMPTY_OPTION Ljava/util/EnumSet; java/util/RegularEnumSet
staticfield java/lang/StackWalker DEFAULT_WALKER Ljava/lang/StackWalker; java/lang/StackWalker
ciInstanceKlass java/lang/StackWalker$StackFrame 0 0 41 100 1 10 12 1 1 100 1 100 1 1 1 1 1 1 1 1 1 1 1 1 1 1 1 1 1 1 1 1 1 1 1 1 1 1 1 100 1 1 1
instanceKlass java/lang/LiveStackFrameInfo
ciInstanceKlass java/lang/StackFrameInfo 0 0 142 10 7 12 1 1 1 9 7 12 1 1 1 9 7 1 9 12 1 1 11 100 12 1 1 1 9 12 1 1 11 12 1 1 10 12 1 1 10 7 12 1 1 1 10 12 1 11 12 1 11 12 1 1 11 12 1 10 12 1 1 9 12 1 1 10 12 1 1 10 7 12 1 1 10 12 1 1 11 12 1 1 9 12 1 1 10 7 1 10 12 1 9 12 1 1 10 12 1 1 100 1 8 1 10 12 1 10 100 12 1 1 1 7 1 1 1 1 1 1 1 1 1 1 1 1 1 1 1 1 1 1 7 1 1 7 1 1 1 1 1 1
ciInstanceKlass java/lang/LiveStackFrameInfo 0 0 97 10 7 12 1 1 1 9 7 12 1 1 1 9 12 1 9 12 1 9 12 1 9 12 1 1 7 1 10 12 1 1 10 12 1 8 1 10 12 1 1 8 1 8 1 8 1 10 100 1 10 12 1 100 1 10 12 1 7 1 7 1 1 1 3 1 3 1 1 1 1 1 1 1 1 1 1 1 1 1 1 1 1 1 1 1 1 1 1 1 1 1 1 1 100 1 1
ciInstanceKlass java/lang/LiveStackFrame 0 0 135 100 1 10 100 12 1 1 1 11 7 12 1 1 1 11 12 1 10 7 12 1 1 1 100 1 8 1 10 12 1 1 10 7 12 1 1 1 9 100 12 1 1 1 10 7 12 1 1 1 10 7 12 1 1 1 11 12 1 10 12 1 7 1 7 1 1 1 1 1 1 1 1 1 1 1 1 1 1 1 1 1 1 1 1 1 1 1 1 1 1 1 1 100 1 1 1 1 1 1 1 100 1 8 1 1 12 10 1 1 1 8 1 1 1 8 1 1 1 8 1 1 1 8 1 1 8 1 1 1 8 1 1 8 1
ciInstanceKlass java/lang/StackStreamFactory$AbstractStackWalker 1 0 375 100 1 7 1 3 10 7 12 1 1 1 10 7 12 1 1 10 7 12 1 1 1 9 12 1 1 10 12 1 1 9 12 1 1 9 12 1 1 9 12 1 1 9 12 1 10 7 12 1 1 1 10 12 1 1 10 7 12 1 1 9 12 1 1 9 12 1 1 10 12 1 1 9 100 12 1 1 1 10 12 1 1 10 12 1 9 12 1 1 10 100 12 1 1 1 10 12 1 1 9 12 1 1 9 7 12 1 1 1 7 1 10 8 1 10 12 1 1 10 12 1 8 1 10 12 1 1 10 100 12 1 1 1 100 1 8 1 10 12 1 8 1 10 12 10 100 12 1 1 9 12 1 8 1 5 0 8 1 8 1 9 12 1 1 10 12 1 1 18 12 1 1 10 7 12 1 1 1 10 12 1 1 10 12 1 10 12 1 9 12 1 10 12 1 10 12 1 10 12 1 10 12 1 10 12 1 10 12 1 1 8 1 10 12 1 10 12 1 10 12 1 10 12 1 1 8 1 10 12 1 1 10 12 1 1 10 12 1 1 10 12 1 10 12 1 10 100 12 1 1 1 10 12 1 10 12 1 9 12 1 8 1 10 12 1 10 12 1 10 12 1 1 10 12 1 10 12 1 10 12 1 1 10 12 1 10 12 1 10 12 1 10 12 1 10 12 1 10 12 1 1 10 12 1 1 10 12 1 8 1 1 1 1 1 1 1 1 1 1 1 1 1 7 1 1 1 1 1 1 1 7 1 1 1 1 7 1 1 1 1 1 1 1 1 1 1 1 1 1 1 1 1 1 1 1 16 15 15 10 100 12 1 1 1 1 1 1 1 1 100 1 100 1 1
ciInstanceKlass jdk/internal/module/Modules 1 1 504 10 7 12 1 1 1 9 7 12 1 1 1 11 7 12 1 1 1 11 12 1 1 11 12 1 1 11 12 1 1 11 12 1 11 12 1 11 12 1 11 12 1 11 12 1 1 10 7 12 1 1 1 10 100 12 1 1 1 18 12 1 1 10 7 12 1 1 1 7 1 10 7 12 1 1 1 10 100 12 1 1 1 10 100 12 1 1 10 12 1 1 11 12 1 9 12 1 1 11 100 12 1 1 1 10 12 1 1 10 10 12 1 10 9 12 1 1 10 100 12 1 1 10 12 1 1 10 100 12 1 1 100 1 11 100 12 1 1 1 10 100 12 1 1 1 11 100 12 1 1 10 12 1 1 10 100 12 1 1 10 100 12 1 1 1 10 12 1 1 10 12 1 1 11 12 1 1 18 12 1 1 11 100 12 1 1 10 100 12 1 1 1 11 100 12 1 1 1 7 1 11 12 1 1 11 7 12 1 1 1 11 12 1 1 10 12 1 1 10 100 12 1 1 18 12 1 1 11 12 1 1 18 12 1 1 11 12 1 1 10 12 1 18 18 10 12 1 1 9 12 1 1 11 7 12 1 1 1 100 1 10 11 12 1 11 12 1 1 11 12 1 1 10 100 1 10 12 1 1 10 100 12 1 1 10 12 1 1 11 12 10 12 1 1 7 1 10 18 12 1 10 12 1 1 7 1 8 1 10 12 1 10 100 12 1 1 18 12 1 11 11 12 10 12 1 10 10 100 1 18 12 1 10 10 10 7 12 1 1 10 7 12 1 1 1 10 12 1 1 1 1 1 1 1 1 1 1 1 1 1 1 1 1 1 1 1 1 1 1 1 1 1 1 1 1 1 1 1 1 1 100 1 1 1 1 1 1 1 1 1 1 1 1 1 1 1 1 1 1 1 1 1 1 1 1 1 1 1 1 1 1 1 1 1 1 1 7 1 1 1 1 1 1 1 1 1 1 1 1 1 1 1 1 1 1 1 1 1 1 1 16 15 10 12 1 16 16 15 10 12 1 16 1 16 1 15 10 12 1 16 1 16 1 15 10 12 16 1 15 10 16 1 15 10 12 16 1 15 10 12 16 15 10 12 16 15 10 12 15 10 100 12 1 1 1 1 1 1 100 1 100 1 1
staticfield jdk/internal/module/Modules JLA Ljdk/internal/access/JavaLangAccess; java/lang/System$2
staticfield jdk/internal/module/Modules JLMA Ljdk/internal/access/JavaLangModuleAccess; java/lang/module/ModuleDescriptor$1
staticfield jdk/internal/module/Modules $assertionsDisabled Z 1
instanceKlass org/springframework/beans/factory/support/ManagedList
ciInstanceKlass java/util/ArrayList 1 1 509 10 7 12 1 1 1 7 1 9 7 12 1 1 1 9 12 1 100 1 7 1 10 8 1 10 12 1 1 10 12 1 10 12 1 1 10 12 1 9 12 1 11 7 12 1 1 1 9 12 1 1 11 12 1 1 7 10 7 12 1 1 1 9 12 1 10 12 1 10 12 1 1 10 7 12 1 1 1 10 7 12 1 1 1 10 12 1 1 10 12 1 1 10 12 1 1 10 12 1 10 12 1 1 100 1 7 1 10 12 1 10 10 7 12 1 1 1 10 7 12 1 1 10 12 1 100 1 10 10 12 10 12 1 1 10 12 1 1 10 12 1 10 12 10 12 1 1 7 1 10 12 1 1 10 12 1 1 10 12 1 100 1 10 11 12 1 1 11 7 12 1 1 1 11 12 1 10 12 1 10 12 1 10 12 1 1 100 1 10 12 1 1 10 10 12 1 1 10 12 1 8 1 8 1 8 1 8 1 10 12 1 1 10 12 1 1 11 12 1 7 1 10 100 12 1 1 10 12 1 10 12 1 1 10 100 12 1 1 10 12 1 10 100 12 1 1 1 11 100 12 1 1 1 10 12 1 100 1 8 1 10 100 1 10 12 1 7 1 10 12 1 10 12 1 1 7 1 10 12 1 10 12 1 1 11 7 12 1 1 7 1 10 12 1 10 12 1 1 11 100 12 1 1 10 12 1 1 10 12 1 1 10 12 1 1 10 12 1 1 11 100 12 1 1 10 12 1 1 7 1 7 1 7 1 1 1 1 5 0 1 3 1 1 1 1 1 1 1 1 1 1 1 1 1 1 1 1 1 1 1 1 1 1 1 1 1 1 1 1 1 1 1 1 1 1 1 1 1 1 1 1 1 1 1 1 1 1 1 1 1 1 1 1 1 1 1 1 1 1 1 1 1 1 1 1 1 1 1 1 1 1 1 1 1 1 1 1 1 1 1 1 1 1 1 1 1 1 1 1 1 1 1 1 1 1 1 1 1 1 1 1 1 1 1 1 100 1 1 1 1 7 1 1 1 1 1 1 1 1 1 1 1 1 1 1 1 1 1 1 1 1 1 1 1 1 1 1 1 1 1 100 1 1 1 1 1 1 1 1 1 1 1 1 1 1 1 1 1 1 100 1 100 1 1 1 1 1 1
staticfield java/util/ArrayList EMPTY_ELEMENTDATA [Ljava/lang/Object; 0 [Ljava/lang/Object;
staticfield java/util/ArrayList DEFAULTCAPACITY_EMPTY_ELEMENTDATA [Ljava/lang/Object; 0 [Ljava/lang/Object;
ciInstanceKlass java/util/RandomAccess 1 0 7 100 1 100 1 1 1
ciInstanceKlass java/lang/annotation/Annotation 1 0 17 100 1 100 1 1 1 1 1 1 1 1 1 1 1 1 1
ciMethod java/lang/Math max (II)I 514 0 105588 0 -1
ciInstanceKlass java/lang/AssertionError 0 0 79 10 100 12 1 1 1 10 12 1 10 100 12 1 1 1 10 100 1 100 1 10 12 1 1 10 12 1 10 12 1 10 12 1 10 12 1 10 12 1 10 12 1 10 12 1 1 1 1 5 0 1 1 1 1 1 1 1 1 1 1 100 1 1 1 1 1 1 1 1 1 1 1 1 1 1 1 1 1
ciInstanceKlass sun/security/ec/point/Point 1 0 17 100 1 100 1 1 1 1 1 1 1 1 1 1 1 1 1
ciInstanceKlass sun/security/ec/point/MutablePoint 1 0 14 100 1 100 1 100 1 1 1 1 1 1 1 1
instanceKlass sun/security/ec/point/ProjectivePoint$Mutable
instanceKlass sun/security/ec/point/ProjectivePoint$Immutable
ciInstanceKlass sun/security/ec/point/ProjectivePoint 1 1 137 10 7 12 1 1 1 9 7 12 1 1 1 9 12 1 9 12 1 11 7 12 1 1 1 7 1 11 12 1 1 10 12 1 7 1 11 12 1 1 10 12 1 11 12 1 7 1 11 12 1 1 10 12 1 10 12 1 1 10 12 1 11 100 12 1 1 1 11 12 1 1 10 100 12 1 1 1 10 12 1 10 12 1 1 10 12 1 1 11 100 1 10 10 12 1 10 12 1 1 1 1 1 1 1 1 1 1 1 1 1 1 1 1 1 1 1 1 1 1 1 1 1 1 1 1 1 1 1 1 1 1 1 1 1 1 1
ciInstanceKlass sun/security/ec/ECOperations 1 1 448 10 7 12 1 1 1 10 7 12 1 1 1 7 1 10 7 12 1 1 1 5 0 10 7 12 1 1 1 10 12 1 1 10 12 1 10 12 1 1 10 12 1 1 9 7 12 1 1 1 11 7 12 1 1 1 7 1 9 12 1 10 12 1 10 12 1 11 12 1 1 10 12 1 1 10 12 1 1 10 7 12 1 1 11 7 12 1 1 1 9 12 1 1 9 12 1 1 11 12 1 11 12 1 1 9 12 1 1 9 12 1 9 12 1 9 12 1 7 1 11 12 1 11 12 1 10 12 1 9 12 1 1 11 7 1 7 1 10 12 1 1 11 12 1 10 12 1 1 11 12 1 1 10 12 1 1 100 1 18 12 1 1 10 12 1 11 12 1 11 12 1 100 1 10 11 7 12 1 1 11 12 1 1 11 12 1 10 7 12 1 1 11 7 12 1 1 1 11 12 1 1 10 12 1 10 11 12 1 11 12 1 11 12 1 11 12 1 11 100 1 11 12 1 10 12 1 10 7 12 1 10 12 11 12 1 10 100 12 1 1 10 12 1 10 10 12 1 10 12 1 1 10 100 12 1 1 10 12 1 1 10 12 1 1 9 7 12 1 1 1 9 7 12 1 1 1 10 12 1 1 10 7 12 1 1 1 10 7 1 10 12 1 9 7 12 1 1 9 12 1 1 9 12 1 1 9 7 1 9 12 1 9 7 1 9 12 1 11 12 1 9 9 7 1 9 12 1 9 7 1 9 12 1 1 1 1 1 1 1 1 1 1 1 1 1 1 1 1 1 1 1 1 1 1 1 1 1 1 1 1 1 1 1 1 1 1 1 1 1 1 1 1 1 1 1 1 1 1 100 1 1 1 1 1 1 1 1 1 1 1 1 1 1 1 1 1 1 1 1 1 1 1 1 1 1 1 1 1 1 1 1 1 1 1 100 1 100 1 100 1 1 8 1 15 10 100 12 1 1 1 1 1 1 1 100 1 100 1 1 1 1 1 100 1 100 1 1
staticfield sun/security/ec/ECOperations secp256r1Ops Lsun/security/ec/ECOperations; sun/security/ec/ECOperations
staticfield sun/security/ec/ECOperations fields Ljava/util/Map; java/util/ImmutableCollections$MapN
staticfield sun/security/ec/ECOperations orderFields Ljava/util/Map; java/util/ImmutableCollections$MapN
ciInstanceKlass sun/security/ec/point/ProjectivePoint$Mutable 1 1 129 10 7 12 1 1 1 11 7 12 1 1 1 11 7 12 1 1 1 100 1 8 1 10 12 1 10 7 12 1 1 1 9 12 1 1 7 1 9 11 12 1 9 12 1 9 9 12 1 9 10 7 12 1 1 11 12 1 1 10 12 1 11 12 1 1 11 12 1 10 12 1 10 12 1 10 12 1 1 10 12 1 10 12 1 10 12 1 100 1 1 1 1 1 1 1 1 1 1 1 1 1 1 1 1 1 1 1 1 1 1 1 1 1 1 1 1 1 1 1 1 1 1 1 1 1 100 1 1
ciInstanceKlass sun/security/util/math/IntegerFieldModuloP 1 1 27 11 100 12 1 1 1 100 1 1 1 1 1 1 1 1 1 1 1 1 1 1 1 1 1 1 1
instanceKlass sun/security/util/math/intpoly/P521OrderField
instanceKlass sun/security/util/math/intpoly/P384OrderField
instanceKlass sun/security/util/math/intpoly/IntegerPolynomialP521
instanceKlass sun/security/util/math/intpoly/IntegerPolynomialP384
instanceKlass sun/security/util/math/intpoly/P256OrderField
instanceKlass sun/security/util/math/intpoly/IntegerPolynomialP256
instanceKlass sun/security/util/math/intpoly/Curve448OrderField
instanceKlass sun/security/util/math/intpoly/IntegerPolynomial448
instanceKlass sun/security/util/math/intpoly/Curve25519OrderField
instanceKlass sun/security/util/math/intpoly/IntegerPolynomial25519
ciInstanceKlass sun/security/util/math/intpoly/IntegerPolynomial 1 1 355 10 7 12 1 1 1 10 7 12 1 1 1 9 12 1 1 9 12 1 1 9 12 1 9 12 1 10 12 1 1 9 12 1 1 10 12 1 1 7 1 10 12 1 10 12 1 10 7 12 1 1 1 100 1 100 1 10 8 1 10 12 1 1 10 12 1 10 12 1 1 10 12 1 7 1 10 12 1 10 12 1 1 10 12 1 1 10 7 12 1 1 10 12 1 1 10 12 1 10 7 12 1 1 1 10 12 1 10 7 12 1 1 1 10 7 12 1 1 1 10 12 1 1 9 7 12 1 1 1 10 12 1 1 10 12 1 10 12 1 10 12 1 9 7 12 1 1 10 12 1 1 10 12 1 1 10 12 1 1 10 12 1 10 12 1 1 10 12 1 1 10 12 9 12 1 1 100 1 10 10 12 1 1 10 12 1 10 12 1 10 12 1 1 10 7 12 1 1 10 12 1 10 12 1 1 10 12 1 1 10 12 1 1 10 12 1 10 12 1 1 10 12 1 10 7 12 1 1 1 5 0 9 12 1 100 1 1 1 1 1 1 1 1 1 1 1 1 1 1 1 1 1 1 1 1 1 1 1 1 1 1 1 1 1 1 1 1 1 1 1 1 1 1 1 1 1 1 1 1 1 1 1 1 1 1 1 1 1 1 1 1 1 1 1 1 1 1 1 1 100 1 1 1 1 1 1 1 1 1 1 1 1 1 1 1 1 1 1 1 1 100 1 100 1 1 100 1 100 1 100 1 100 1 100 1 100 1 100 1 100 1 100 1 100 1 100 1 100 1 1 1 1 1 1
staticfield sun/security/util/math/intpoly/IntegerPolynomial TWO Ljava/math/BigInteger; java/math/BigInteger
staticfield sun/security/util/math/intpoly/IntegerPolynomial $assertionsDisabled Z 1
ciInstanceKlass sun/security/util/math/intpoly/IntegerPolynomial25519 1 1 112 7 1 9 12 1 1 10 7 12 1 1 1 5 0 10 7 12 1 1 1 10 12 1 1 5 0 10 12 1 1 5 0 5 0 10 12 1 1 10 12 1 10 12 1 1 10 12 1 9 12 1 1 1 1 1 3 1 3 1 3 1 1 1 3 1 1 1 1 1 1 1 1 1 1 1 1 1 1 1 1 1 1 1 1 1 1 1 1 1 1 1 1 1 1 1 1 1 1 1 1 1 1 1 1 1 1 1 1 1 1 1
staticfield sun/security/util/math/intpoly/IntegerPolynomial25519 MODULUS Ljava/math/BigInteger; java/math/BigInteger
staticfield sun/security/util/math/intpoly/IntegerPolynomial25519 ONE Lsun/security/util/math/intpoly/IntegerPolynomial25519; sun/security/util/math/intpoly/IntegerPolynomial25519
ciInstanceKlass sun/security/util/math/IntegerModuloP 1 1 115 11 7 12 1 1 1 11 12 1 1 11 12 1 1 11 7 12 1 1 1 11 7 12 1 1 1 11 12 1 1 11 12 1 1 11 12 1 11 12 1 11 12 1 11 100 12 1 1 1 11 10 100 12 1 1 1 10 12 1 1 11 100 12 1 1 1 11 12 1 11 12 1 100 1 1 1 1 1 1 1 1 1 1 1 1 1 1 1 1 1 1 1 1 1 1 1 1 1 1 1 1 1 1 100 1 100 1 100 1 1 1 1 1 1
ciInstanceKlass sun/security/util/math/ImmutableIntegerModuloP 1 0 53 100 1 100 1 100 1 1 1 1 100 1 8 1 1 12 10 1 1 1 8 1 1 1 8 1 1 1 8 1 1 8 1 1 1 8 1 1 1 8 1 1 1 8 1 1 1 8 1 1 8 1 1
instanceKlass sun/security/util/math/intpoly/IntegerPolynomial$MutableElement
instanceKlass sun/security/util/math/intpoly/IntegerPolynomial$ImmutableElement
ciInstanceKlass sun/security/util/math/intpoly/IntegerPolynomial$Element 1 1 181 9 7 12 1 1 1 10 7 12 1 1 1 9 7 12 1 1 1 9 12 1 1 10 12 1 1 9 12 1 10 12 1 1 10 12 1 1 7 1 10 7 12 1 1 10 12 1 9 12 1 1 11 100 12 1 1 1 100 1 10 9 12 1 10 12 1 1 10 100 12 1 1 1 7 1 10 10 12 1 1 10 100 12 1 1 1 9 12 1 10 12 1 1 10 12 1 10 12 1 1 10 12 1 1 10 12 1 10 12 1 1 10 12 1 10 12 1 10 12 1 1 10 7 12 1 1 1 1 1 1 1 1 1 1 1 1 1 1 1 1 1 1 1 1 1 1 1 1 1 1 1 1 1 1 1 1 1 1 1 1 1 1 1 1 1 1 1 1 1 1 1 100 1 8 1 1 12 10 1 1
staticfield sun/security/util/math/intpoly/IntegerPolynomial$Element $assertionsDisabled Z 1
ciInstanceKlass sun/security/util/math/intpoly/IntegerPolynomial$ImmutableElement 1 1 45 10 7 12 1 1 1 10 12 1 10 12 1 10 7 12 1 1 1 100 1 1 1 1 1 1 1 1 1 1 1 1 1 1 1 1 1 1 1 1 7 1 1 1 1
ciInstanceKlass sun/security/util/math/SmallValue 1 0 7 100 1 100 1 1 1
ciInstanceKlass sun/security/util/math/intpoly/IntegerPolynomial$Limb 1 1 28 10 7 12 1 1 1 9 7 12 1 1 1 100 1 1 1 1 1 1 1 1 1 1 100 1 1 1
ciInstanceKlass sun/security/util/math/MutableIntegerModuloP 1 0 68 100 1 100 1 100 1 1 1 1 1 1 1 1 1 1 1 1 1 1 1 1 1 1 1 100 1 8 1 1 12 10 1 1 1 8 1 1 1 8 1 1 1 8 1 1 8 1 1 1 8 1 1 1 8 1 1 1 8 1 1 1 8 1 1 8 1 1
ciInstanceKlass sun/security/util/math/intpoly/IntegerPolynomial$MutableElement 1 1 189 9 7 12 1 1 1 10 7 12 1 1 1 7 1 9 12 1 1 10 7 12 1 1 9 12 1 1 10 9 12 1 1 11 100 12 1 1 1 100 1 10 12 1 9 10 7 12 1 1 1 9 11 100 1 10 12 1 10 7 12 1 1 1 10 12 1 1 10 12 1 9 12 1 10 12 1 1 10 12 1 1 7 1 9 12 1 10 12 1 1 9 12 1 10 7 12 1 1 1 10 12 1 1 10 12 1 1 10 12 1 1 10 12 1 1 10 12 1 10 12 1 10 12 1 10 12 1 10 12 1 1 10 12 1 10 12 10 7 12 1 1 1 1 1 1 1 1 1 1 1 1 1 1 1 1 1 1 1 1 1 1 1 1 1 1 1 1 1 1 1 1 1 1 1 1 1 1 1 1 1 1 1 1 1 1 1 1 1
staticfield sun/security/util/math/intpoly/IntegerPolynomial$MutableElement $assertionsDisabled Z 1
ciInstanceKlass sun/security/util/math/intpoly/IntegerPolynomialP256 1 1 119 7 1 9 12 1 1 10 7 12 1 1 1 5 0 10 7 12 1 1 1 10 12 1 1 10 12 1 10 12 1 1 10 12 1 5 0 10 12 1 1 5 0 10 12 1 1 10 12 1 10 12 1 1 10 12 1 9 12 1 1 1 1 1 3 1 3 1 3 1 1 1 3 1 1 1 1 1 1 1 1 1 1 1 1 1 1 1 1 1 1 1 1 1 1 1 1 1 1 1 1 1 1 1 1 1 1 1 1 1 1 1 1 1 1 1 1 1 1
staticfield sun/security/util/math/intpoly/IntegerPolynomialP256 MODULUS Ljava/math/BigInteger; java/math/BigInteger
staticfield sun/security/util/math/intpoly/IntegerPolynomialP256 ONE Lsun/security/util/math/intpoly/IntegerPolynomialP256; sun/security/util/math/intpoly/IntegerPolynomialP256
ciMethod sun/security/util/math/intpoly/IntegerPolynomial25519 carryReduce ([JJJJJJJJJJJJJJJJJJJJ)V 532 0 2805 0 -1
ciMethod sun/security/util/math/intpoly/IntegerPolynomial25519 carryReduce ([JJJJJJJJJJJ)V 512 0 510 0 0
ciMethod sun/security/util/math/intpoly/IntegerPolynomial25519 mult ([J[J[J)V 608 0 3059 0 -1
ciMethod sun/security/util/math/intpoly/IntegerPolynomial25519 reduce ([J)V 512 0 510 0 0
ciMethod sun/security/util/math/intpoly/IntegerPolynomial25519 square ([J[J)V 1024 0 2550 0 -1
ciMethod sun/security/util/math/intpoly/IntegerPolynomial reduce ([J)V 0 0 1 0 -1
ciMethod sun/security/util/math/intpoly/IntegerPolynomial multByInt ([JJ)V 516 5160 25333 0 864
ciMethod sun/security/util/math/intpoly/IntegerPolynomial mult ([J[J[J)V 0 0 1 0 -1
ciMethod sun/security/util/math/intpoly/IntegerPolynomial square ([J[J)V 0 0 1 0 -1
ciMethod sun/security/util/math/IntegerModuloP getField ()Lsun/security/util/math/IntegerFieldModuloP; 0 0 1 0 -1
ciMethod sun/security/util/math/MutableIntegerModuloP setValue (Lsun/security/util/math/IntegerModuloP;)Lsun/security/util/math/MutableIntegerModuloP; 0 0 1 0 -1
ciMethod sun/security/util/math/MutableIntegerModuloP setSquare ()Lsun/security/util/math/MutableIntegerModuloP; 0 0 1 0 -1
ciMethod sun/security/util/math/MutableIntegerModuloP setSum (Lsun/security/util/math/IntegerModuloP;)Lsun/security/util/math/MutableIntegerModuloP; 0 0 1 0 -1
ciMethod sun/security/util/math/MutableIntegerModuloP setDifference (Lsun/security/util/math/IntegerModuloP;)Lsun/security/util/math/MutableIntegerModuloP; 0 0 1 0 -1
ciMethod sun/security/util/math/MutableIntegerModuloP setProduct (Lsun/security/util/math/IntegerModuloP;)Lsun/security/util/math/MutableIntegerModuloP; 0 0 1 0 -1
ciMethod sun/security/util/math/MutableIntegerModuloP setProduct (Lsun/security/util/math/SmallValue;)Lsun/security/util/math/MutableIntegerModuloP; 0 0 1 0 -1
ciMethod sun/security/util/math/intpoly/IntegerPolynomial$MutableElement setValue (Lsun/security/util/math/IntegerModuloP;)Lsun/security/util/math/intpoly/IntegerPolynomial$MutableElement; 532 0 108725 0 304
ciMethod sun/security/util/math/intpoly/IntegerPolynomial$MutableElement setProduct (Lsun/security/util/math/IntegerModuloP;)Lsun/security/util/math/intpoly/IntegerPolynomial$MutableElement; 1024 0 56885 0 336
ciMethod sun/security/util/math/intpoly/IntegerPolynomial$MutableElement setProduct (Lsun/security/util/math/SmallValue;)Lsun/security/util/math/intpoly/IntegerPolynomial$MutableElement; 522 0 86444 0 1144
ciMethod sun/security/util/math/intpoly/IntegerPolynomial$MutableElement setSum (Lsun/security/util/math/IntegerModuloP;)Lsun/security/util/math/intpoly/IntegerPolynomial$MutableElement; 768 7660 20386 0 672
ciMethod sun/security/util/math/intpoly/IntegerPolynomial$MutableElement setDifference (Lsun/security/util/math/IntegerModuloP;)Lsun/security/util/math/intpoly/IntegerPolynomial$MutableElement; 768 7660 8714 0 648
ciMethod sun/security/util/math/intpoly/IntegerPolynomial$MutableElement setSquare ()Lsun/security/util/math/intpoly/IntegerPolynomial$MutableElement; 1024 0 50565 0 224
ciMethod sun/security/util/math/intpoly/IntegerPolynomial$MutableElement setProduct (Lsun/security/util/math/SmallValue;)Lsun/security/util/math/MutableIntegerModuloP; 522 0 83928 0 0
ciMethod sun/security/util/math/intpoly/IntegerPolynomial$MutableElement setProduct (Lsun/security/util/math/IntegerModuloP;)Lsun/security/util/math/MutableIntegerModuloP; 1024 0 164888 0 336
ciMethod sun/security/util/math/intpoly/IntegerPolynomial$MutableElement setDifference (Lsun/security/util/math/IntegerModuloP;)Lsun/security/util/math/MutableIntegerModuloP; 1024 0 97410 0 648
ciMethod sun/security/util/math/intpoly/IntegerPolynomial$MutableElement setSum (Lsun/security/util/math/IntegerModuloP;)Lsun/security/util/math/MutableIntegerModuloP; 1024 0 90524 0 672
ciMethod sun/security/util/math/intpoly/IntegerPolynomial$MutableElement setSquare ()Lsun/security/util/math/MutableIntegerModuloP; 1024 0 52173 0 224
ciMethod sun/security/util/math/intpoly/IntegerPolynomial$MutableElement setValue (Lsun/security/util/math/IntegerModuloP;)Lsun/security/util/math/MutableIntegerModuloP; 522 0 150651 0 304
ciMethodData sun/security/util/math/intpoly/IntegerPolynomial$MutableElement setValue (Lsun/security/util/math/IntegerModuloP;)Lsun/security/util/math/MutableIntegerModuloP; 2 150390 orig 80 0 0 0 0 0 0 0 0 0 0 0 0 185 1 0 0 0 0 0 0 0 0 0 0 0 0 0 0 0 0 0 0 0 0 0 0 0 0 0 0 0 0 0 0 0 0 0 0 0 0 0 0 0 0 0 0 0 0 0 0 0 0 0 0 0 0 0 0 0 0 0 0 0 0 0 0 0 0 0 0 data 17 0x20005 0x0 0x0 0x1b97908d800 0x24b76 0x0 0x0 0x0 0x0 0x0 0x0 0x0 0x0 0x9 0x2 0x0 0x0 oops 1 3 sun/security/util/math/intpoly/IntegerPolynomial$MutableElement methods 0
ciMethodData sun/security/util/math/intpoly/IntegerPolynomial$MutableElement setValue (Lsun/security/util/math/IntegerModuloP;)Lsun/security/util/math/intpoly/IntegerPolynomial$MutableElement; 2 108459 orig 80 0 0 0 0 0 0 0 0 0 0 0 0 185 1 0 0 0 0 0 0 0 0 0 0 0 0 0 0 0 0 0 0 0 0 0 0 0 0 0 0 0 0 0 0 0 0 0 0 0 0 0 0 0 0 0 0 0 0 0 0 0 0 0 0 0 0 0 0 0 0 0 0 0 0 0 0 0 0 0 0 data 36 0x30007 0x1a7ab 0x88 0x0 0xb0005 0x0 0x0 0x0 0x0 0x0 0x0 0x100007 0x0 0x30 0x0 0x170002 0x0 0x1c0004 0x0 0x0 0x1b97908d800 0x19e7e 0x1b97916c5a0 0x92d 0x2f0002 0x1a7ab 0x0 0x0 0x0 0x0 0x0 0x0 0x9 0x2 0x0 0x0 oops 2 20 sun/security/util/math/intpoly/IntegerPolynomial$MutableElement 22 sun/security/util/math/intpoly/IntegerPolynomial$ImmutableElement methods 0
ciMethodData sun/security/util/math/intpoly/IntegerPolynomial$MutableElement setDifference (Lsun/security/util/math/IntegerModuloP;)Lsun/security/util/math/intpoly/IntegerPolynomial$MutableElement; 2 8330 orig 80 0 0 0 0 0 0 0 0 0 0 0 0 0 0 0 0 0 0 0 0 0 0 0 0 0 0 0 0 0 0 0 0 0 0 0 0 0 0 0 0 0 0 0 0 0 0 0 0 0 0 0 0 0 0 0 0 0 0 0 0 0 0 0 0 0 0 0 0 0 0 0 0 0 0 0 0 0 0 0 0 data 71 0x30007 0x208b 0x88 0x0 0xb0005 0x0 0x0 0x0 0x0 0x0 0x0 0x100007 0x0 0x30 0x0 0x170002 0x0 0x1c0004 0x0 0x0 0x1b97908d800 0x208b 0x0 0x0 0x2e0007 0x208b 0x58 0x0 0x390005 0x0 0x0 0x0 0x0 0x0 0x0 0x4f0007 0x208b 0x58 0x0 0x5a0005 0x0 0x0 0x0 0x0 0x0 0x0 0x6a0007 0x208b 0x38 0x1456e 0x830003 0x1456e 0xffffffffffffffe0 0x8f0002 0x208b 0x0 0x0 0x0 0x0 0x0 0x0 0x0 0x0 0x0 0x0 0x0 0x0 0x9 0x2 0x0 0x0 oops 1 20 sun/security/util/math/intpoly/IntegerPolynomial$MutableElement methods 0
ciMethodData sun/security/util/math/intpoly/IntegerPolynomial$MutableElement setSum (Lsun/security/util/math/IntegerModuloP;)Lsun/security/util/math/intpoly/IntegerPolynomial$MutableElement; 2 20002 orig 80 0 0 0 0 0 0 0 0 0 0 0 0 0 0 0 0 0 0 0 0 0 0 0 0 0 0 0 0 0 0 0 0 0 0 0 0 0 0 0 0 0 0 0 0 0 0 0 0 0 0 0 0 0 0 0 0 0 0 0 0 0 0 0 0 0 0 0 0 0 0 0 0 0 0 0 0 0 0 0 0 data 71 0x30007 0x4e23 0x88 0x0 0xb0005 0x0 0x0 0x0 0x0 0x0 0x0 0x100007 0x0 0x30 0x0 0x170002 0x0 0x1c0004 0x0 0x0 0x1b97908d800 0x4d35 0x1b97916c5a0 0xee 0x2e0007 0x4e23 0x58 0x0 0x390005 0x0 0x0 0x0 0x0 0x0 0x0 0x4f0007 0x4e23 0x58 0x0 0x5a0005 0x0 0x0 0x0 0x0 0x0 0x0 0x6a0007 0x4e23 0x38 0x30d5e 0x830003 0x30d5e 0xffffffffffffffe0 0x8f0002 0x4e23 0x0 0x0 0x0 0x0 0x0 0x0 0x0 0x0 0x0 0x0 0x0 0x0 0x9 0x2 0x0 0x0 oops 2 20 sun/security/util/math/intpoly/IntegerPolynomial$MutableElement 22 sun/security/util/math/intpoly/IntegerPolynomial$ImmutableElement methods 0
ciMethodData sun/security/util/math/intpoly/IntegerPolynomial$MutableElement setProduct (Lsun/security/util/math/IntegerModuloP;)Lsun/security/util/math/MutableIntegerModuloP; 2 164376 orig 80 0 0 0 0 0 0 0 0 0 0 0 0 0 0 0 0 0 0 0 0 0 0 0 0 0 0 0 0 0 0 0 0 0 0 0 0 0 0 0 0 0 0 0 0 0 0 0 0 0 0 0 0 0 0 0 0 0 0 0 0 0 0 0 0 0 0 0 0 0 0 0 0 0 0 0 0 0 0 0 0 data 17 0x20005 0x0 0x0 0x1b97908d800 0x28219 0x0 0x0 0x0 0x0 0x0 0x0 0x0 0x0 0x9 0x2 0x0 0x0 oops 1 3 sun/security/util/math/intpoly/IntegerPolynomial$MutableElement methods 0
ciMethodData sun/security/util/math/intpoly/IntegerPolynomial$MutableElement setProduct (Lsun/security/util/math/IntegerModuloP;)Lsun/security/util/math/intpoly/IntegerPolynomial$MutableElement; 2 56373 orig 80 0 0 0 0 0 0 0 0 0 0 0 0 0 0 0 0 0 0 0 0 0 0 0 0 0 0 0 0 0 0 0 0 0 0 0 0 0 0 0 0 0 0 0 0 0 0 0 0 0 0 0 0 0 0 0 0 0 0 0 0 0 0 0 0 0 0 0 0 0 0 0 0 0 0 0 0 0 0 0 0 data 67 0x30007 0xdc36 0x88 0x0 0xb0005 0x0 0x0 0x0 0x0 0x0 0x0 0x100007 0x0 0x30 0x0 0x170002 0x0 0x1c0004 0x0 0x0 0x1b97908d800 0xb19c 0x1b97916c5a0 0x2a9a 0x2b0007 0xdc36 0x58 0x0 0x360005 0x0 0x0 0x0 0x0 0x0 0x0 0x490007 0xdc36 0x58 0x0 0x540005 0x0 0x0 0x0 0x0 0x0 0x0 0x6c0005 0x0 0x0 0x1b977459790 0x3fa 0x1b977459840 0xd83c 0x0 0x0 0x0 0x0 0x0 0x0 0x0 0x0 0x0 0x0 0x9 0x2 0x0 0x0 oops 4 20 sun/security/util/math/intpoly/IntegerPolynomial$MutableElement 22 sun/security/util/math/intpoly/IntegerPolynomial$ImmutableElement 49 sun/security/util/math/intpoly/IntegerPolynomial25519 51 sun/security/util/math/intpoly/IntegerPolynomialP256 methods 0
ciMethodData sun/security/util/math/intpoly/IntegerPolynomial$MutableElement setDifference (Lsun/security/util/math/IntegerModuloP;)Lsun/security/util/math/MutableIntegerModuloP; 2 96898 orig 80 0 0 0 0 0 0 0 0 0 0 0 0 0 0 0 0 0 0 0 0 0 0 0 0 0 0 0 0 0 0 0 0 0 0 0 0 0 0 0 0 0 0 0 0 0 0 0 0 0 0 0 0 0 0 0 0 0 0 0 0 0 0 0 0 0 0 0 0 0 0 0 0 0 0 0 0 0 0 0 0 data 17 0x20005 0x0 0x0 0x1b97908d800 0x17a83 0x0 0x0 0x0 0x0 0x0 0x0 0x0 0x0 0x9 0x2 0x0 0x0 oops 1 3 sun/security/util/math/intpoly/IntegerPolynomial$MutableElement methods 0
ciMethodData sun/security/util/math/intpoly/IntegerPolynomial$MutableElement setSum (Lsun/security/util/math/IntegerModuloP;)Lsun/security/util/math/MutableIntegerModuloP; 2 90012 orig 80 0 0 0 0 0 0 0 0 0 0 0 0 0 0 0 0 0 0 0 0 0 0 0 0 0 0 0 0 0 0 0 0 0 0 0 0 0 0 0 0 0 0 0 0 0 0 0 0 0 0 0 0 0 0 0 0 0 0 0 0 0 0 0 0 0 0 0 0 0 0 0 0 0 0 0 0 0 0 0 0 data 17 0x20005 0x0 0x0 0x1b97908d800 0x15f9d 0x0 0x0 0x0 0x0 0x0 0x0 0x0 0x0 0x9 0x2 0x0 0x0 oops 1 3 sun/security/util/math/intpoly/IntegerPolynomial$MutableElement methods 0
ciMethodData sun/security/util/math/intpoly/IntegerPolynomial$MutableElement setSquare ()Lsun/security/util/math/MutableIntegerModuloP; 2 51661 orig 80 0 0 0 0 0 0 0 0 0 0 0 0 0 0 0 0 0 0 0 0 0 0 0 0 0 0 0 0 0 0 0 0 0 0 0 0 0 0 0 0 0 0 0 0 0 0 0 0 0 0 0 0 0 0 0 0 0 0 0 0 0 0 0 0 0 0 0 0 0 0 0 0 0 0 0 0 0 0 0 0 data 16 0x10005 0x0 0x0 0x1b97908d800 0xc9ce 0x0 0x0 0x0 0x0 0x0 0x0 0x0 0x0 0x9 0x1 0x0 oops 1 3 sun/security/util/math/intpoly/IntegerPolynomial$MutableElement methods 0
ciMethodData sun/security/util/math/intpoly/IntegerPolynomial$MutableElement setSquare ()Lsun/security/util/math/intpoly/IntegerPolynomial$MutableElement; 2 50053 orig 80 0 0 0 0 0 0 0 0 0 0 0 0 0 0 0 0 0 0 0 0 0 0 0 0 0 0 0 0 0 0 0 0 0 0 0 0 0 0 0 0 0 0 0 0 0 0 0 0 0 0 0 0 0 0 0 0 0 0 0 0 0 0 0 0 0 0 0 0 0 0 0 0 0 0 0 0 0 0 0 0 data 27 0xb0007 0xc386 0x58 0x0 0x160005 0x0 0x0 0x0 0x0 0x0 0x0 0x2a0005 0x0 0x0 0x1b977459790 0x2fc 0x1b977459840 0xc08a 0x0 0x0 0x0 0x0 0x0 0x0 0x9 0x1 0x0 oops 2 14 sun/security/util/math/intpoly/IntegerPolynomial25519 16 sun/security/util/math/intpoly/IntegerPolynomialP256 methods 0
ciMethod sun/security/util/math/intpoly/IntegerPolynomialP256 carryReduce ([JJJJJJJJJJJJJJJJJJJJ)V 532 0 67403 0 -1
ciMethod sun/security/util/math/intpoly/IntegerPolynomialP256 carryReduce ([JJJJJJJJJJJ)V 752 0 85491 0 -1
ciMethod sun/security/util/math/intpoly/IntegerPolynomialP256 mult ([J[J[J)V 624 0 114126 0 -1
ciMethod sun/security/util/math/intpoly/IntegerPolynomialP256 reduce ([J)V 742 0 24384 0 216
ciMethod sun/security/util/math/intpoly/IntegerPolynomialP256 square ([J[J)V 572 0 49290 0 -1
ciMethod sun/security/ec/point/ProjectivePoint getX ()Lsun/security/util/math/IntegerModuloP; 276 0 138 0 0
ciMethod sun/security/ec/point/ProjectivePoint getY ()Lsun/security/util/math/IntegerModuloP; 302 0 151 0 0
ciMethod sun/security/ec/point/ProjectivePoint getZ ()Lsun/security/util/math/IntegerModuloP; 280 0 140 0 0
ciMethod sun/security/ec/ECOperations setDouble (Lsun/security/ec/point/ProjectivePoint$Mutable;Lsun/security/util/math/MutableIntegerModuloP;Lsun/security/util/math/MutableIntegerModuloP;Lsun/security/util/math/MutableIntegerModuloP;Lsun/security/util/math/MutableIntegerModuloP;Lsun/security/util/math/MutableIntegerModuloP;)V 522 0 11696 0 -1
ciMethodData sun/security/ec/ECOperations setDouble (Lsun/security/ec/point/ProjectivePoint$Mutable;Lsun/security/util/math/MutableIntegerModuloP;Lsun/security/util/math/MutableIntegerModuloP;Lsun/security/util/math/MutableIntegerModuloP;Lsun/security/util/math/MutableIntegerModuloP;Lsun/security/util/math/MutableIntegerModuloP;)V 2 11435 orig 80 0 0 0 0 0 0 0 0 0 0 0 0 185 1 0 0 0 0 0 0 0 0 0 0 0 0 0 0 0 0 0 0 0 0 0 0 0 0 0 0 0 0 0 0 0 0 0 0 0 0 0 0 0 0 0 0 0 0 0 0 0 0 0 0 0 0 0 0 0 0 0 0 0 0 0 0 0 0 0 0 data 617 0x20005 0x0 0x0 0x1b97908c208 0x2cab 0x0 0x0 0x50005 0x0 0x0 0x1b97908d800 0x2cab 0x0 0x0 0xa0005 0x0 0x0 0x1b97908d800 0x2cab 0x0 0x0 0x120005 0x0 0x0 0x1b97908c208 0x2cab 0x0 0x0 0x150005 0x0 0x0 0x1b97908d800 0x2cab 0x0 0x0 0x1a0005 0x0 0x0 0x1b97908d800 0x2cab 0x0 0x0 0x230005 0x0 0x0 0x1b97908c208 0x2cab 0x0 0x0 0x260005 0x0 0x0 0x1b97908d800 0x2cab 0x0 0x0 0x2b0005 0x0 0x0 0x1b97908d800 0x2cab 0x0 0x0 0x340005 0x0 0x0 0x1b97908c208 0x2cab 0x0 0x0 0x370005 0x0 0x0 0x1b97908d800 0x2cab 0x0 0x0 0x3d0005 0x0 0x0 0x1b97908c208 0x2cab 0x0 0x0 0x400005 0x0 0x0 0x1b97908d800 0x2cab 0x0 0x0 0x490005 0x0 0x0 0x1b97908c208 0x2cab 0x0 0x0 0x4c0005 0x0 0x0 0x1b97908d800 0x2cab 0x0 0x0 0x520005 0x0 0x0 0x1b97908c208 0x2cab 0x0 0x0 0x550005 0x0 0x0 0x1b97908d800 0x2cab 0x0 0x0 0x5f0005 0x0 0x0 0x1b97908d800 0x2cab 0x0 0x0 0x660005 0x0 0x0 0x1b97908c208 0x2cab 0x0 0x0 0x690004 0x0 0x0 0x1b97908d800 0x2cab 0x0 0x0 0x6d0005 0x0 0x0 0x1b97908c208 0x2cab 0x0 0x0 0x700005 0x0 0x0 0x1b97908d800 0x2cab 0x0 0x0 0x770005 0x0 0x0 0x1b97908c208 0x2cab 0x0 0x0 0x7a0004 0x0 0x0 0x1b97908d800 0x2cab 0x0 0x0 0x810005 0x0 0x0 0x1b97908d800 0x2cab 0x0 0x0 0x880005 0x0 0x0 0x1b97908c208 0x2cab 0x0 0x0 0x8b0004 0x0 0x0 0x1b97908d800 0x2cab 0x0 0x0 0x900005 0x0 0x0 0x1b97908d800 0x2cab 0x0 0x0 0x990005 0x0 0x0 0x1b97908d800 0x2cab 0x0 0x0 0xa00005 0x0 0x0 0x1b97908c208 0x2cab 0x0 0x0 0xa30004 0x0 0x0 0x1b97908d800 0x2cab 0x0 0x0 0xa70005 0x0 0x0 0x1b97908c208 0x2cab 0x0 0x0 0xaa0005 0x0 0x0 0x1b97908d800 0x2cab 0x0 0x0 0xb10005 0x0 0x0 0x1b97908c208 0x2cab 0x0 0x0 0xb40004 0x0 0x0 0x1b97908d800 0x2cab 0x0 0x0 0xbb0005 0x0 0x0 0x1b97908d800 0x2cab 0x0 0x0 0xc20005 0x0 0x0 0x1b97908c208 0x2cab 0x0 0x0 0xc50004 0x0 0x0 0x1b97908d800 0x2cab 0x0 0x0 0xc90005 0x0 0x0 0x1b97908d800 0x2cab 0x0 0x0 0xcf0005 0x0 0x0 0x1b97908c208 0x2cab 0x0 0x0 0xd20005 0x0 0x0 0x1b97908d800 0x2cab 0x0 0x0 0xd90005 0x0 0x0 0x1b97908c208 0x2cab 0x0 0x0 0xdc0004 0x0 0x0 0x1b97908d800 0x2cab 0x0 0x0 0xe00005 0x0 0x0 0x1b97908d800 0x2cab 0x0 0x0 0xe70005 0x0 0x0 0x1b97908c208 0x2cab 0x0 0x0 0xea0004 0x0 0x0 0x1b97908d800 0x2cab 0x0 0x0 0xee0005 0x0 0x0 0x1b97908c208 0x2cab 0x0 0x0 0xf10005 0x0 0x0 0x1b97908d800 0x2cab 0x0 0x0 0xf80005 0x0 0x0 0x1b97908c208 0x2cab 0x0 0x0 0xfb0004 0x0 0x0 0x1b97908d800 0x2cab 0x0 0x0 0x1000005 0x0 0x0 0x1b97908d800 0x2cab 0x0 0x0 0x10c0005 0x0 0x0 0x1b97908d800 0x2cab 0x0 0x0 0x1130005 0x0 0x0 0x1b97908c208 0x2cab 0x0 0x0 0x1160004 0x0 0x0 0x1b97908d800 0x2cab 0x0 0x0 0x11d0005 0x0 0x0 0x1b97908d800 0x2cab 0x0 0x0 0x1240005 0x0 0x0 0x1b97908c208 0x2cab 0x0 0x0 0x1270004 0x0 0x0 0x1b97908d800 0x2cab 0x0 0x0 0x12c0005 0x0 0x0 0x1b97908d800 0x2cab 0x0 0x0 0x1330005 0x0 0x0 0x1b97908c208 0x2cab 0x0 0x0 0x1360004 0x0 0x0 0x1b97908d800 0x2cab 0x0 0x0 0x13a0005 0x0 0x0 0x1b97908d800 0x2cab 0x0 0x0 0x1410005 0x0 0x0 0x1b97908c208 0x2cab 0x0 0x0 0x1440004 0x0 0x0 0x1b97908d800 0x2cab 0x0 0x0 0x14b0005 0x0 0x0 0x1b97908d800 0x2cab 0x0 0x0 0x1560005 0x0 0x0 0x1b97908d800 0x2cab 0x0 0x0 0x15f0005 0x0 0x0 0x1b97908d800 0x2cab 0x0 0x0 0x1670005 0x0 0x0 0x1b97908c208 0x2cab 0x0 0x0 0x16a0005 0x0 0x0 0x1b97908d800 0x2cab 0x0 0x0 0x1710005 0x0 0x0 0x1b97908c208 0x2cab 0x0 0x0 0x1740004 0x0 0x0 0x1b97908d800 0x2cab 0x0 0x0 0x1780005 0x0 0x0 0x1b97908d800 0x2cab 0x0 0x0 0x1820005 0x0 0x0 0x1b97908d800 0x2cab 0x0 0x0 0x1890005 0x0 0x0 0x1b97908c208 0x2cab 0x0 0x0 0x18c0004 0x0 0x0 0x1b97908d800 0x2cab 0x0 0x0 0x1910005 0x0 0x0 0x1b97908d800 0x2cab 0x0 0x0 0x1980005 0x0 0x0 0x1b97908c208 0x2cab 0x0 0x0 0x19b0004 0x0 0x0 0x1b97908d800 0x2cab 0x0 0x0 0x19f0005 0x0 0x0 0x1b97908c208 0x2cab 0x0 0x0 0x1a20005 0x0 0x0 0x1b97908d800 0x2cab 0x0 0x0 0x1a90005 0x0 0x0 0x1b97908c208 0x2cab 0x0 0x0 0x1ac0004 0x0 0x0 0x1b97908d800 0x2cab 0x0 0x0 0x1b10005 0x0 0x0 0x1b97908d800 0x2cab 0x0 0x0 0x1b70005 0x0 0x0 0x1b97908d800 0x2cab 0x0 0x0 0x1be0005 0x0 0x0 0x1b97908c208 0x2cab 0x0 0x0 0x1c10004 0x0 0x0 0x1b97908d800 0x2cab 0x0 0x0 0x1c80005 0x0 0x0 0x1b97908d800 0x2cab 0x0 0x0 0x0 0x0 0x0 0x0 0x0 0x0 0x9 0x7 0x0 0x0 0x0 0x0 0x0 0x0 0x0 oops 86 3 sun/security/ec/point/ProjectivePoint$Mutable 10 sun/security/util/math/intpoly/IntegerPolynomial$MutableElement 17 sun/security/util/math/intpoly/IntegerPolynomial$MutableElement 24 sun/security/ec/point/ProjectivePoint$Mutable 31 sun/security/util/math/intpoly/IntegerPolynomial$MutableElement 38 sun/security/util/math/intpoly/IntegerPolynomial$MutableElement 45 sun/security/ec/point/ProjectivePoint$Mutable 52 sun/security/util/math/intpoly/IntegerPolynomial$MutableElement 59 sun/security/util/math/intpoly/IntegerPolynomial$MutableElement 66 sun/security/ec/point/ProjectivePoint$Mutable 73 sun/security/util/math/intpoly/IntegerPolynomial$MutableElement 80 sun/security/ec/point/ProjectivePoint$Mutable 87 sun/security/util/math/intpoly/IntegerPolynomial$MutableElement 94 sun/security/ec/point/ProjectivePoint$Mutable 101 sun/security/util/math/intpoly/IntegerPolynomial$MutableElement 108 sun/security/ec/point/ProjectivePoint$Mutable 115 sun/security/util/math/intpoly/IntegerPolynomial$MutableElement 122 sun/security/util/math/intpoly/IntegerPolynomial$MutableElement 129 sun/security/ec/point/ProjectivePoint$Mutable 136 sun/security/util/math/intpoly/IntegerPolynomial$MutableElement 143 sun/security/ec/point/ProjectivePoint$Mutable 150 sun/security/util/math/intpoly/IntegerPolynomial$MutableElement 157 sun/security/ec/point/ProjectivePoint$Mutable 164 sun/security/util/math/intpoly/IntegerPolynomial$MutableElement 171 sun/security/util/math/intpoly/IntegerPolynomial$MutableElement 178 sun/security/ec/point/ProjectivePoint$Mutable 185 sun/security/util/math/intpoly/IntegerPolynomial$MutableElement 192 sun/security/util/math/intpoly/IntegerPolynomial$MutableElement 199 sun/security/util/math/intpoly/IntegerPolynomial$MutableElement 206 sun/security/ec/point/ProjectivePoint$Mutable 213 sun/security/util/math/intpoly/IntegerPolynomial$MutableElement 220 sun/security/ec/point/ProjectivePoint$Mutable 227 sun/security/util/math/intpoly/IntegerPolynomial$MutableElement 234 sun/security/ec/point/ProjectivePoint$Mutable 241 sun/security/util/math/intpoly/IntegerPolynomial$MutableElement 248 sun/security/util/math/intpoly/IntegerPolynomial$MutableElement 255 sun/security/ec/point/ProjectivePoint$Mutable 262 sun/security/util/math/intpoly/IntegerPolynomial$MutableElement 269 sun/security/util/math/intpoly/IntegerPolynomial$MutableElement 276 sun/security/ec/point/ProjectivePoint$Mutable 283 sun/security/util/math/intpoly/IntegerPolynomial$MutableElement 290 sun/security/ec/point/ProjectivePoint$Mutable 297 sun/security/util/math/intpoly/IntegerPolynomial$MutableElement 304 sun/security/util/math/intpoly/IntegerPolynomial$MutableElement 311 sun/security/ec/point/ProjectivePoint$Mutable 318 sun/security/util/math/intpoly/IntegerPolynomial$MutableElement 325 sun/security/ec/point/ProjectivePoint$Mutable 332 sun/security/util/math/intpoly/IntegerPolynomial$MutableElement 339 sun/security/ec/point/ProjectivePoint$Mutable 346 sun/security/util/math/intpoly/IntegerPolynomial$MutableElement 353 sun/security/util/math/intpoly/IntegerPolynomial$MutableElement 360 sun/security/util/math/intpoly/IntegerPolynomial$MutableElement 367 sun/security/ec/point/ProjectivePoint$Mutable 374 sun/security/util/math/intpoly/IntegerPolynomial$MutableElement 381 sun/security/util/math/intpoly/IntegerPolynomial$MutableElement 388 sun/security/ec/point/ProjectivePoint$Mutable 395 sun/security/util/math/intpoly/IntegerPolynomial$MutableElement 402 sun/security/util/math/intpoly/IntegerPolynomial$MutableElement 409 sun/security/ec/point/ProjectivePoint$Mutable 416 sun/security/util/math/intpoly/IntegerPolynomial$MutableElement 423 sun/security/util/math/intpoly/IntegerPolynomial$MutableElement 430 sun/security/ec/point/ProjectivePoint$Mutable 437 sun/security/util/math/intpoly/IntegerPolynomial$MutableElement 444 sun/security/util/math/intpoly/IntegerPolynomial$MutableElement 451 sun/security/util/math/intpoly/IntegerPolynomial$MutableElement 458 sun/security/util/math/intpoly/IntegerPolynomial$MutableElement 465 sun/security/ec/point/ProjectivePoint$Mutable 472 sun/security/util/math/intpoly/IntegerPolynomial$MutableElement 479 sun/security/ec/point/ProjectivePoint$Mutable 486 sun/security/util/math/intpoly/IntegerPolynomial$MutableElement 493 sun/security/util/math/intpoly/IntegerPolynomial$MutableElement 500 sun/security/util/math/intpoly/IntegerPolynomial$MutableElement 507 sun/security/ec/point/ProjectivePoint$Mutable 514 sun/security/util/math/intpoly/IntegerPolynomial$MutableElement 521 sun/security/util/math/intpoly/IntegerPolynomial$MutableElement 528 sun/security/ec/point/ProjectivePoint$Mutable 535 sun/security/util/math/intpoly/IntegerPolynomial$MutableElement 542 sun/security/ec/point/ProjectivePoint$Mutable 549 sun/security/util/math/intpoly/IntegerPolynomial$MutableElement 556 sun/security/ec/point/ProjectivePoint$Mutable 563 sun/security/util/math/intpoly/IntegerPolynomial$MutableElement 570 sun/security/util/math/intpoly/IntegerPolynomial$MutableElement 577 sun/security/util/math/intpoly/IntegerPolynomial$MutableElement 584 sun/security/ec/point/ProjectivePoint$Mutable 591 sun/security/util/math/intpoly/IntegerPolynomial$MutableElement 598 sun/security/util/math/intpoly/IntegerPolynomial$MutableElement methods 0
ciMethodData sun/security/util/math/intpoly/IntegerPolynomial multByInt ([JJ)V 2 25075 orig 80 1 0 0 0 0 0 0 0 0 0 0 0 185 1 0 0 0 0 0 0 4 0 0 0 0 0 0 0 0 0 0 0 0 0 0 4 0 0 0 0 0 0 0 0 0 0 0 0 0 0 0 0 0 0 0 0 0 0 0 0 0 0 0 0 0 0 0 0 0 0 0 0 0 0 0 0 0 0 0 0 data 26 0x70007 0x61f3 0x38 0x3d37e 0x150003 0x3d37e 0xffffffffffffffe0 0x80000004001a0005 0x0 0x0 0x1b977459840 0x60fc 0x1b977459790 0xff 0x80000004001a000d 0x1b977288f50 0x0 0x0 0x0 0x0 0x9 0x4 0x0 0x0 0x0 0x0 oops 2 10 sun/security/util/math/intpoly/IntegerPolynomialP256 12 sun/security/util/math/intpoly/IntegerPolynomial25519 methods 1 15 sun/security/util/math/intpoly/IntegerPolynomial$MutableElement setProduct (Lsun/security/util/math/SmallValue;)Lsun/security/util/math/intpoly/IntegerPolynomial$MutableElement;
ciMethodData sun/security/util/math/intpoly/IntegerPolynomial$MutableElement setProduct (Lsun/security/util/math/SmallValue;)Lsun/security/util/math/MutableIntegerModuloP; 2 83667 orig 80 0 0 0 0 0 0 0 0 0 0 0 0 185 1 0 0 0 0 0 0 0 0 0 0 0 0 0 0 0 0 0 0 0 0 0 0 0 0 0 0 0 0 0 0 0 0 0 0 0 0 0 0 0 0 0 0 0 0 0 0 0 0 0 0 0 0 0 0 0 0 0 0 0 0 0 0 0 0 0 0 data 17 0x20005 0x0 0x0 0x1b97908d800 0x146d3 0x0 0x0 0x0 0x0 0x0 0x0 0x0 0x0 0x9 0x2 0x0 0x0 oops 1 3 sun/security/util/math/intpoly/IntegerPolynomial$MutableElement methods 0
ciMethodData sun/security/util/math/intpoly/IntegerPolynomial$MutableElement setProduct (Lsun/security/util/math/SmallValue;)Lsun/security/util/math/intpoly/IntegerPolynomial$MutableElement; 2 86183 orig 80 1 0 0 0 0 0 0 0 0 0 0 0 185 1 0 0 0 0 0 0 0 0 0 0 0 0 0 0 0 0 0 0 0 0 0 0 0 0 0 0 0 0 0 0 0 0 0 0 0 0 0 0 0 0 0 0 0 0 0 0 0 0 0 0 0 0 0 0 0 0 0 0 0 0 0 0 0 0 0 0 data 35 0xb0007 0x14183 0x58 0xf24 0x160005 0x0 0x0 0x1b977459840 0xf24 0x0 0x0 0x1f0004 0x0 0x0 0x1b977289f98 0x150a7 0x0 0x0 0x300005 0x0 0x0 0x1b977459840 0x14fac 0x1b977459790 0xfb 0x0 0x0 0x0 0x0 0x0 0x0 0x9 0x2 0x0 0x0 oops 4 7 sun/security/util/math/intpoly/IntegerPolynomialP256 14 sun/security/util/math/intpoly/IntegerPolynomial$Limb 21 sun/security/util/math/intpoly/IntegerPolynomialP256 23 sun/security/util/math/intpoly/IntegerPolynomial25519 methods 0
ciMethodData sun/security/util/math/intpoly/IntegerPolynomialP256 reduce ([J)V 2 24013 orig 80 0 0 0 0 0 0 0 0 0 0 0 0 185 1 0 0 0 0 0 0 0 0 0 0 0 0 0 0 0 0 0 0 0 0 0 0 0 0 0 0 0 0 0 0 0 0 0 0 0 0 0 0 0 0 0 0 0 0 0 0 0 0 0 0 0 0 0 0 0 0 0 0 0 0 0 0 0 0 0 0 data 17 0x240005 0x5dcd 0x0 0x0 0x0 0x0 0x0 0x0 0x0 0x0 0x0 0x0 0x0 0x9 0x2 0x0 0x0 oops 0 methods 0
ciMethodData sun/security/util/math/intpoly/IntegerPolynomial25519 reduce ([J)V 1 254 orig 80 0 0 0 0 0 0 0 0 0 0 0 0 185 1 0 0 0 0 0 0 0 0 0 0 0 0 0 0 0 0 0 0 0 0 0 0 0 0 0 0 0 0 0 0 0 0 0 0 0 0 0 0 0 0 0 0 0 0 0 0 0 0 0 0 0 0 0 0 0 0 0 0 0 0 0 0 0 0 0 0 data 17 0x240005 0xfe 0x0 0x0 0x0 0x0 0x0 0x0 0x0 0x0 0x0 0x0 0x0 0x9 0x2 0x0 0x0 oops 0 methods 0
compile sun/security/ec/ECOperations setDouble (Lsun/security/ec/point/ProjectivePoint$Mutable;Lsun/security/util/math/MutableIntegerModuloP;Lsun/security/util/math/MutableIntegerModuloP;Lsun/security/util/math/MutableIntegerModuloP;Lsun/security/util/math/MutableIntegerModuloP;Lsun/security/util/math/MutableIntegerModuloP;)V -1 4 inline 124 0 -1 0 sun/security/ec/ECOperations setDouble (Lsun/security/ec/point/ProjectivePoint$Mutable;Lsun/security/util/math/MutableIntegerModuloP;Lsun/security/util/math/MutableIntegerModuloP;Lsun/security/util/math/MutableIntegerModuloP;Lsun/security/util/math/MutableIntegerModuloP;Lsun/security/util/math/MutableIntegerModuloP;)V 1 2 0 sun/security/ec/point/ProjectivePoint getX ()Lsun/security/util/math/IntegerModuloP; 1 5 0 sun/security/util/math/intpoly/IntegerPolynomial$MutableElement setValue (Lsun/security/util/math/IntegerModuloP;)Lsun/security/util/math/MutableIntegerModuloP; 2 2 0 sun/security/util/math/intpoly/IntegerPolynomial$MutableElement setValue (Lsun/security/util/math/IntegerModuloP;)Lsun/security/util/math/intpoly/IntegerPolynomial$MutableElement; 1 10 0 sun/security/util/math/intpoly/IntegerPolynomial$MutableElement setSquare ()Lsun/security/util/math/MutableIntegerModuloP; 2 1 0 sun/security/util/math/intpoly/IntegerPolynomial$MutableElement setSquare ()Lsun/security/util/math/intpoly/IntegerPolynomial$MutableElement; 1 18 0 sun/security/ec/point/ProjectivePoint getY ()Lsun/security/util/math/IntegerModuloP; 1 21 0 sun/security/util/math/intpoly/IntegerPolynomial$MutableElement setValue (Lsun/security/util/math/IntegerModuloP;)Lsun/security/util/math/MutableIntegerModuloP; 2 2 0 sun/security/util/math/intpoly/IntegerPolynomial$MutableElement setValue (Lsun/security/util/math/IntegerModuloP;)Lsun/security/util/math/intpoly/IntegerPolynomial$MutableElement; 1 26 0 sun/security/util/math/intpoly/IntegerPolynomial$MutableElement setSquare ()Lsun/security/util/math/MutableIntegerModuloP; 2 1 0 sun/security/util/math/intpoly/IntegerPolynomial$MutableElement setSquare ()Lsun/security/util/math/intpoly/IntegerPolynomial$MutableElement; 1 35 0 sun/security/ec/point/ProjectivePoint getZ ()Lsun/security/util/math/IntegerModuloP; 1 38 0 sun/security/util/math/intpoly/IntegerPolynomial$MutableElement setValue (Lsun/security/util/math/IntegerModuloP;)Lsun/security/util/math/MutableIntegerModuloP; 2 2 0 sun/security/util/math/intpoly/IntegerPolynomial$MutableElement setValue (Lsun/security/util/math/IntegerModuloP;)Lsun/security/util/math/intpoly/IntegerPolynomial$MutableElement; 1 43 0 sun/security/util/math/intpoly/IntegerPolynomial$MutableElement setSquare ()Lsun/security/util/math/MutableIntegerModuloP; 2 1 0 sun/security/util/math/intpoly/IntegerPolynomial$MutableElement setSquare ()Lsun/security/util/math/intpoly/IntegerPolynomial$MutableElement; 1 52 0 sun/security/ec/point/ProjectivePoint getX ()Lsun/security/util/math/IntegerModuloP; 1 55 0 sun/security/util/math/intpoly/IntegerPolynomial$MutableElement setValue (Lsun/security/util/math/IntegerModuloP;)Lsun/security/util/math/MutableIntegerModuloP; 2 2 0 sun/security/util/math/intpoly/IntegerPolynomial$MutableElement setValue (Lsun/security/util/math/IntegerModuloP;)Lsun/security/util/math/intpoly/IntegerPolynomial$MutableElement; 1 61 0 sun/security/ec/point/ProjectivePoint getY ()Lsun/security/util/math/IntegerModuloP; 1 64 0 sun/security/util/math/intpoly/IntegerPolynomial$MutableElement setProduct (Lsun/security/util/math/IntegerModuloP;)Lsun/security/util/math/MutableIntegerModuloP; 2 2 0 sun/security/util/math/intpoly/IntegerPolynomial$MutableElement setProduct (Lsun/security/util/math/IntegerModuloP;)Lsun/security/util/math/intpoly/IntegerPolynomial$MutableElement; 1 73 0 sun/security/ec/point/ProjectivePoint getY ()Lsun/security/util/math/IntegerModuloP; 1 76 0 sun/security/util/math/intpoly/IntegerPolynomial$MutableElement setValue (Lsun/security/util/math/IntegerModuloP;)Lsun/security/util/math/MutableIntegerModuloP; 2 2 0 sun/security/util/math/intpoly/IntegerPolynomial$MutableElement setValue (Lsun/security/util/math/IntegerModuloP;)Lsun/security/util/math/intpoly/IntegerPolynomial$MutableElement; 1 82 0 sun/security/ec/point/ProjectivePoint getZ ()Lsun/security/util/math/IntegerModuloP; 1 85 0 sun/security/util/math/intpoly/IntegerPolynomial$MutableElement setProduct (Lsun/security/util/math/IntegerModuloP;)Lsun/security/util/math/MutableIntegerModuloP; 2 2 0 sun/security/util/math/intpoly/IntegerPolynomial$MutableElement setProduct (Lsun/security/util/math/IntegerModuloP;)Lsun/security/util/math/intpoly/IntegerPolynomial$MutableElement; 1 95 0 sun/security/util/math/intpoly/IntegerPolynomial$MutableElement setSum (Lsun/security/util/math/IntegerModuloP;)Lsun/security/util/math/MutableIntegerModuloP; 2 2 0 sun/security/util/math/intpoly/IntegerPolynomial$MutableElement setSum (Lsun/security/util/math/IntegerModuloP;)Lsun/security/util/math/intpoly/IntegerPolynomial$MutableElement; 1 102 0 sun/security/ec/point/ProjectivePoint getZ ()Lsun/security/util/math/IntegerModuloP; 1 109 0 sun/security/ec/point/ProjectivePoint getX ()Lsun/security/util/math/IntegerModuloP; 1 112 0 sun/security/util/math/intpoly/IntegerPolynomial$MutableElement setProduct (Lsun/security/util/math/IntegerModuloP;)Lsun/security/util/math/MutableIntegerModuloP; 2 2 0 sun/security/util/math/intpoly/IntegerPolynomial$MutableElement setProduct (Lsun/security/util/math/IntegerModuloP;)Lsun/security/util/math/intpoly/IntegerPolynomial$MutableElement; 1 119 0 sun/security/ec/point/ProjectivePoint getZ ()Lsun/security/util/math/IntegerModuloP; 1 129 0 sun/security/util/math/intpoly/IntegerPolynomial$MutableElement setProduct (Lsun/security/util/math/SmallValue;)Lsun/security/util/math/MutableIntegerModuloP; 2 2 0 sun/security/util/math/intpoly/IntegerPolynomial$MutableElement setProduct (Lsun/security/util/math/SmallValue;)Lsun/security/util/math/intpoly/IntegerPolynomial$MutableElement; 3 48 0 sun/security/util/math/intpoly/IntegerPolynomial multByInt ([JJ)V 4 26 0 sun/security/util/math/intpoly/IntegerPolynomialP256 reduce ([J)V 4 26 0 sun/security/util/math/intpoly/IntegerPolynomial25519 reduce ([J)V 1 136 0 sun/security/ec/point/ProjectivePoint getY ()Lsun/security/util/math/IntegerModuloP; 1 144 0 sun/security/util/math/intpoly/IntegerPolynomial$MutableElement setValue (Lsun/security/util/math/IntegerModuloP;)Lsun/security/util/math/MutableIntegerModuloP; 2 2 0 sun/security/util/math/intpoly/IntegerPolynomial$MutableElement setValue (Lsun/security/util/math/IntegerModuloP;)Lsun/security/util/math/intpoly/IntegerPolynomial$MutableElement; 1 153 0 sun/security/util/math/intpoly/IntegerPolynomial$MutableElement setProduct (Lsun/security/util/math/IntegerModuloP;)Lsun/security/util/math/MutableIntegerModuloP; 2 2 0 sun/security/util/math/intpoly/IntegerPolynomial$MutableElement setProduct (Lsun/security/util/math/IntegerModuloP;)Lsun/security/util/math/intpoly/IntegerPolynomial$MutableElement; 1 160 0 sun/security/ec/point/ProjectivePoint getY ()Lsun/security/util/math/IntegerModuloP; 1 167 0 sun/security/ec/point/ProjectivePoint getZ ()Lsun/security/util/math/IntegerModuloP; 1 170 0 sun/security/util/math/intpoly/IntegerPolynomial$MutableElement setDifference (Lsun/security/util/math/IntegerModuloP;)Lsun/security/util/math/MutableIntegerModuloP; 2 2 0 sun/security/util/math/intpoly/IntegerPolynomial$MutableElement setDifference (Lsun/security/util/math/IntegerModuloP;)Lsun/security/util/math/intpoly/IntegerPolynomial$MutableElement; 1 177 0 sun/security/ec/point/ProjectivePoint getY ()Lsun/security/util/math/IntegerModuloP; 1 187 0 sun/security/util/math/intpoly/IntegerPolynomial$MutableElement setProduct (Lsun/security/util/math/SmallValue;)Lsun/security/util/math/MutableIntegerModuloP; 2 2 0 sun/security/util/math/intpoly/IntegerPolynomial$MutableElement setProduct (Lsun/security/util/math/SmallValue;)Lsun/security/util/math/intpoly/IntegerPolynomial$MutableElement; 3 48 0 sun/security/util/math/intpoly/IntegerPolynomial multByInt ([JJ)V 4 26 0 sun/security/util/math/intpoly/IntegerPolynomialP256 reduce ([J)V 4 26 0 sun/security/util/math/intpoly/IntegerPolynomial25519 reduce ([J)V 1 194 0 sun/security/ec/point/ProjectivePoint getX ()Lsun/security/util/math/IntegerModuloP; 1 201 0 sun/security/util/math/intpoly/IntegerPolynomial$MutableElement setValue (Lsun/security/util/math/IntegerModuloP;)Lsun/security/util/math/MutableIntegerModuloP; 2 2 0 sun/security/util/math/intpoly/IntegerPolynomial$MutableElement setValue (Lsun/security/util/math/IntegerModuloP;)Lsun/security/util/math/intpoly/IntegerPolynomial$MutableElement; 1 207 0 sun/security/ec/point/ProjectivePoint getY ()Lsun/security/util/math/IntegerModuloP; 1 210 0 sun/security/util/math/intpoly/IntegerPolynomial$MutableElement setDifference (Lsun/security/util/math/IntegerModuloP;)Lsun/security/util/math/MutableIntegerModuloP; 2 2 0 sun/security/util/math/intpoly/IntegerPolynomial$MutableElement setDifference (Lsun/security/util/math/IntegerModuloP;)Lsun/security/util/math/intpoly/IntegerPolynomial$MutableElement; 1 217 0 sun/security/ec/point/ProjectivePoint getY ()Lsun/security/util/math/IntegerModuloP; 1 224 0 sun/security/util/math/intpoly/IntegerPolynomial$MutableElement setSum (Lsun/security/util/math/IntegerModuloP;)Lsun/security/util/math/MutableIntegerModuloP; 2 2 0 sun/security/util/math/intpoly/IntegerPolynomial$MutableElement setSum (Lsun/security/util/math/IntegerModuloP;)Lsun/security/util/math/intpoly/IntegerPolynomial$MutableElement; 1 231 0 sun/security/ec/point/ProjectivePoint getY ()Lsun/security/util/math/IntegerModuloP; 1 238 0 sun/security/ec/point/ProjectivePoint getX ()Lsun/security/util/math/IntegerModuloP; 1 241 0 sun/security/util/math/intpoly/IntegerPolynomial$MutableElement setProduct (Lsun/security/util/math/IntegerModuloP;)Lsun/security/util/math/MutableIntegerModuloP; 2 2 0 sun/security/util/math/intpoly/IntegerPolynomial$MutableElement setProduct (Lsun/security/util/math/IntegerModuloP;)Lsun/security/util/math/intpoly/IntegerPolynomial$MutableElement; 1 248 0 sun/security/ec/point/ProjectivePoint getX ()Lsun/security/util/math/IntegerModuloP; 1 256 0 sun/security/util/math/intpoly/IntegerPolynomial$MutableElement setProduct (Lsun/security/util/math/IntegerModuloP;)Lsun/security/util/math/MutableIntegerModuloP; 2 2 0 sun/security/util/math/intpoly/IntegerPolynomial$MutableElement setProduct (Lsun/security/util/math/IntegerModuloP;)Lsun/security/util/math/intpoly/IntegerPolynomial$MutableElement; 1 268 0 sun/security/util/math/intpoly/IntegerPolynomial$MutableElement setProduct (Lsun/security/util/math/SmallValue;)Lsun/security/util/math/MutableIntegerModuloP; 2 2 0 sun/security/util/math/intpoly/IntegerPolynomial$MutableElement setProduct (Lsun/security/util/math/SmallValue;)Lsun/security/util/math/intpoly/IntegerPolynomial$MutableElement; 3 48 0 sun/security/util/math/intpoly/IntegerPolynomial multByInt ([JJ)V 4 26 0 sun/security/util/math/intpoly/IntegerPolynomialP256 reduce ([J)V 4 26 0 sun/security/util/math/intpoly/IntegerPolynomial25519 reduce ([J)V 1 275 0 sun/security/ec/point/ProjectivePoint getZ ()Lsun/security/util/math/IntegerModuloP; 1 285 0 sun/security/util/math/intpoly/IntegerPolynomial$MutableElement setProduct (Lsun/security/util/math/IntegerModuloP;)Lsun/security/util/math/MutableIntegerModuloP; 2 2 0 sun/security/util/math/intpoly/IntegerPolynomial$MutableElement setProduct (Lsun/security/util/math/IntegerModuloP;)Lsun/security/util/math/intpoly/IntegerPolynomial$MutableElement; 1 292 0 sun/security/ec/point/ProjectivePoint getZ ()Lsun/security/util/math/IntegerModuloP; 1 300 0 sun/security/util/math/intpoly/IntegerPolynomial$MutableElement setDifference (Lsun/security/util/math/IntegerModuloP;)Lsun/security/util/math/MutableIntegerModuloP; 2 2 0 sun/security/util/math/intpoly/IntegerPolynomial$MutableElement setDifference (Lsun/security/util/math/IntegerModuloP;)Lsun/security/util/math/intpoly/IntegerPolynomial$MutableElement; 1 307 0 sun/security/ec/point/ProjectivePoint getZ ()Lsun/security/util/math/IntegerModuloP; 1 314 0 sun/security/util/math/intpoly/IntegerPolynomial$MutableElement setDifference (Lsun/security/util/math/IntegerModuloP;)Lsun/security/util/math/MutableIntegerModuloP; 2 2 0 sun/security/util/math/intpoly/IntegerPolynomial$MutableElement setDifference (Lsun/security/util/math/IntegerModuloP;)Lsun/security/util/math/intpoly/IntegerPolynomial$MutableElement; 1 321 0 sun/security/ec/point/ProjectivePoint getZ ()Lsun/security/util/math/IntegerModuloP; 1 331 0 sun/security/util/math/intpoly/IntegerPolynomial$MutableElement setProduct (Lsun/security/util/math/SmallValue;)Lsun/security/util/math/MutableIntegerModuloP; 2 2 0 sun/security/util/math/intpoly/IntegerPolynomial$MutableElement setProduct (Lsun/security/util/math/SmallValue;)Lsun/security/util/math/intpoly/IntegerPolynomial$MutableElement; 3 48 0 sun/security/util/math/intpoly/IntegerPolynomial multByInt ([JJ)V 4 26 0 sun/security/util/math/intpoly/IntegerPolynomialP256 reduce ([J)V 4 26 0 sun/security/util/math/intpoly/IntegerPolynomial25519 reduce ([J)V 1 342 0 sun/security/util/math/intpoly/IntegerPolynomial$MutableElement setProduct (Lsun/security/util/math/SmallValue;)Lsun/security/util/math/MutableIntegerModuloP; 2 2 0 sun/security/util/math/intpoly/IntegerPolynomial$MutableElement setProduct (Lsun/security/util/math/SmallValue;)Lsun/security/util/math/intpoly/IntegerPolynomial$MutableElement; 3 48 0 sun/security/util/math/intpoly/IntegerPolynomial multByInt ([JJ)V 4 26 0 sun/security/util/math/intpoly/IntegerPolynomialP256 reduce ([J)V 4 26 0 sun/security/util/math/intpoly/IntegerPolynomial25519 reduce ([J)V 1 351 0 sun/security/util/math/intpoly/IntegerPolynomial$MutableElement setDifference (Lsun/security/util/math/IntegerModuloP;)Lsun/security/util/math/MutableIntegerModuloP; 2 2 0 sun/security/util/math/intpoly/IntegerPolynomial$MutableElement setDifference (Lsun/security/util/math/IntegerModuloP;)Lsun/security/util/math/intpoly/IntegerPolynomial$MutableElement; 1 359 0 sun/security/ec/point/ProjectivePoint getZ ()Lsun/security/util/math/IntegerModuloP; 1 362 0 sun/security/util/math/intpoly/IntegerPolynomial$MutableElement setProduct (Lsun/security/util/math/IntegerModuloP;)Lsun/security/util/math/MutableIntegerModuloP; 2 2 0 sun/security/util/math/intpoly/IntegerPolynomial$MutableElement setProduct (Lsun/security/util/math/IntegerModuloP;)Lsun/security/util/math/intpoly/IntegerPolynomial$MutableElement; 1 369 0 sun/security/ec/point/ProjectivePoint getY ()Lsun/security/util/math/IntegerModuloP; 1 376 0 sun/security/util/math/intpoly/IntegerPolynomial$MutableElement setSum (Lsun/security/util/math/IntegerModuloP;)Lsun/security/util/math/MutableIntegerModuloP; 2 2 0 sun/security/util/math/intpoly/IntegerPolynomial$MutableElement setSum (Lsun/security/util/math/IntegerModuloP;)Lsun/security/util/math/intpoly/IntegerPolynomial$MutableElement; 1 386 0 sun/security/util/math/intpoly/IntegerPolynomial$MutableElement setSum (Lsun/security/util/math/IntegerModuloP;)Lsun/security/util/math/MutableIntegerModuloP; 2 2 0 sun/security/util/math/intpoly/IntegerPolynomial$MutableElement setSum (Lsun/security/util/math/IntegerModuloP;)Lsun/security/util/math/intpoly/IntegerPolynomial$MutableElement; 1 393 0 sun/security/ec/point/ProjectivePoint getZ ()Lsun/security/util/math/IntegerModuloP; 1 401 0 sun/security/util/math/intpoly/IntegerPolynomial$MutableElement setProduct (Lsun/security/util/math/IntegerModuloP;)Lsun/security/util/math/MutableIntegerModuloP; 2 2 0 sun/security/util/math/intpoly/IntegerPolynomial$MutableElement setProduct (Lsun/security/util/math/IntegerModuloP;)Lsun/security/util/math/intpoly/IntegerPolynomial$MutableElement; 1 408 0 sun/security/ec/point/ProjectivePoint getX ()Lsun/security/util/math/IntegerModuloP; 1 415 0 sun/security/ec/point/ProjectivePoint getZ ()Lsun/security/util/math/IntegerModuloP; 1 418 0 sun/security/util/math/intpoly/IntegerPolynomial$MutableElement setDifference (Lsun/security/util/math/IntegerModuloP;)Lsun/security/util/math/MutableIntegerModuloP; 2 2 0 sun/security/util/math/intpoly/IntegerPolynomial$MutableElement setDifference (Lsun/security/util/math/IntegerModuloP;)Lsun/security/util/math/intpoly/IntegerPolynomial$MutableElement; 1 425 0 sun/security/ec/point/ProjectivePoint getZ ()Lsun/security/util/math/IntegerModuloP; 1 433 0 sun/security/util/math/intpoly/IntegerPolynomial$MutableElement setValue (Lsun/security/util/math/IntegerModuloP;)Lsun/security/util/math/MutableIntegerModuloP; 2 2 0 sun/security/util/math/intpoly/IntegerPolynomial$MutableElement setValue (Lsun/security/util/math/IntegerModuloP;)Lsun/security/util/math/intpoly/IntegerPolynomial$MutableElement; 1 439 0 sun/security/util/math/intpoly/IntegerPolynomial$MutableElement setProduct (Lsun/security/util/math/IntegerModuloP;)Lsun/security/util/math/MutableIntegerModuloP; 2 2 0 sun/security/util/math/intpoly/IntegerPolynomial$MutableElement setProduct (Lsun/security/util/math/IntegerModuloP;)Lsun/security/util/math/intpoly/IntegerPolynomial$MutableElement; 1 446 0 sun/security/ec/point/ProjectivePoint getZ ()Lsun/security/util/math/IntegerModuloP; 1 456 0 sun/security/util/math/intpoly/IntegerPolynomial$MutableElement setProduct (Lsun/security/util/math/SmallValue;)Lsun/security/util/math/MutableIntegerModuloP; 2 2 0 sun/security/util/math/intpoly/IntegerPolynomial$MutableElement setProduct (Lsun/security/util/math/SmallValue;)Lsun/security/util/math/intpoly/IntegerPolynomial$MutableElement; 3 48 0 sun/security/util/math/intpoly/IntegerPolynomial multByInt ([JJ)V 4 26 0 sun/security/util/math/intpoly/IntegerPolynomialP256 reduce ([J)V 4 26 0 sun/security/util/math/intpoly/IntegerPolynomial25519 reduce ([J)V
